subject_num,neg_llh,gamma_base,gamma_coef,beta,epsilon
0,54.336528481468974,0.7303455209732056,0.0,0.1302181890010834,4.982948303977608e-8
