subject_num,neg_llh,gamma_base,gamma_coef,beta,epsilon
113,61.79940142598207,-9.999987106323243,0.0,0.11890869903564455,6.446838378693087e-7
