subject_num,neg_llh,gamma_base,gamma_coef,beta,epsilon
191,63.041761978362594,6.731016514515504,0.0,0.07107096980931238,1.0337680711458574e-10
