subject_num,neg_llh,gamma_base,gamma_coef,beta,epsilon
147,40.15478213763791,-0.7130929601192475,0.0,0.2952292106747627,2.008676530662612e-8
