subject_num,neg_llh,gamma_base,gamma_coef,beta,epsilon
166,55.80501824473421,-1.6895750079171923,0.0,0.059383769453020485,8.557978943168898e-6
