subject_num,neg_llh,gamma_base,gamma_coef,beta,epsilon
127,67.1278014082109,-0.6903400041162968,0.0,0.0751707239151001,1.4975666817740318e-9
