subject_num,neg_llh,gamma_base,gamma_coef,beta,epsilon
137,73.03137708384841,3.7850940162874758,0.0,0.06892822379246355,0.08684287473838775
