subject_num,neg_llh,gamma_base,gamma_coef,beta,epsilon
18,30.935309061896966,-1.1776593399047852,0.0,0.6011309509277344,1.6880035402788707e-7
