subject_num,neg_llh,gamma_base,gamma_coef,beta,epsilon
189,56.03520588450846,9.904687423408031,0.0,0.11735464203357698,5.21540644005114e-9
