subject_num,neg_llh,gamma_base,gamma_coef,beta,epsilon
111,48.475228845375646,0.4082533025741577,0.0,0.7668164482116699,0.16880365467071534
