subject_num,neg_llh,gamma_base,gamma_coef,beta,epsilon
143,54.0654800836758,2.1159855735301973,0.0,0.8471098890304565,0.9999999947845936
