subject_num,neg_llh,gamma_base,gamma_coef,beta,epsilon
155,36.83412963608537,-1.7519222164154054,0.0,0.5179370895028115,2.008676530662612e-8
