subject_num,neg_llh,gamma_base,gamma_coef,beta,epsilon
125,51.61922436226968,-2.140307086110115,0.0,0.20920941928029063,4.397238790987412e-5
