subject_num,neg_llh,gamma_base,gamma_coef,beta,epsilon
145,34.44215825173751,0.4253636932373047,0.0,0.27561713027954104,1.6880035402788707e-7
