subject_num,neg_llh,gamma_base,gamma_coef,beta,epsilon
116,64.37934175387132,0.6541955381631851,0.0,0.07926858261972664,1.4975666817740318e-9
