subject_num,neg_llh,gamma_base,gamma_coef,beta,epsilon
162,36.708321039958186,-0.10836818695068359,0.0,0.5072729272842407,0.031156736373901373
