subject_num,neg_llh,gamma_base,gamma_coef,beta,epsilon
115,56.14492162535564,-8.851270256340504,0.0,5.21540644005114e-9,0.9999999947845936
