subject_num,neg_llh,gamma_base,gamma_coef,beta,epsilon
132,51.49926403020337,9.638391799926758,0.0,0.3071739158630371,0.1531723098754883
