subject_num,neg_llh,gamma_base,gamma_coef,beta,epsilon
134,56.16382469691574,-9.899487652778626,0.0,0.4445722742676735,2.008676530662612e-8
