subject_num,neg_llh,gamma_base,gamma_coef,beta,epsilon
100,30.971374356394747,0.38063682433683427,0.0,0.9618718998483382,0.054003192327916616
