subject_num,neg_llh,gamma_base,gamma_coef,beta,epsilon
190,56.55143690995386,0.11470130383968354,0.0,0.1351600066162646,1.4975666817740318e-9
