subject_num,neg_llh,gamma_base,gamma_coef,beta,epsilon
196,52.71638235388212,-9.0809228515625,0.0,0.3197153491973877,1.6880035402788707e-7
