subject_num,neg_llh,gamma_base,gamma_coef,beta,epsilon
169,33.43046409001839,-2.4097195976972583,0.0,0.6540974816381931,5.21540644005114e-9
