subject_num,neg_llh,gamma_base,gamma_coef,beta,epsilon
126,49.35045774938162,9.999999997932465,0.0,0.09287996746972205,1.0337680711458574e-10
