subject_num,neg_llh,gamma_base,gamma_coef,beta,epsilon
128,62.19692669190277,-0.09885039644315839,0.0,0.09464017961360516,1.0337680711458574e-10
