subject_num,neg_llh,gamma_base,gamma_coef,beta,epsilon
157,47.134667037887006,0.22748494595289231,0.0,0.1795430585294962,5.21540644005114e-9
