subject_num,neg_llh,gamma_base,gamma_coef,beta,epsilon
197,59.74010025627087,0.010230305194854737,0.0,0.14938592806458473,0.052997349381446845
