subject_num,neg_llh,gamma_base,gamma_coef,beta,epsilon
172,46.639792545551956,-0.06157738953828812,0.0,0.2097985425852239,1.4975666817740318e-9
