subject_num,neg_llh,gamma_base,gamma_coef,beta,epsilon
16,48.55411316590699,1.109154304433614,0.0,0.14194952086172996,1.0337680711458574e-10
