subject_num,neg_llh,gamma_base,gamma_coef,beta,epsilon
110,56.68933354955767,0.4367637795209885,0.0,0.12941053293645383,5.21540644005114e-9
