subject_num,neg_llh,gamma_base,gamma_coef,beta,epsilon
183,37.36769495875575,-0.8703478394448757,0.0,0.3549858755804598,1.4975666817740318e-9
