subject_num,neg_llh,gamma_base,gamma_coef,beta,epsilon
184,77.66061811314346,-9.99999662399292,0.0,0.999999831199646,0.3776827163696289
