subject_num,neg_llh,gamma_base,gamma_coef,beta,epsilon
133,59.648379427056945,0.3974039166513831,0.0,0.11349002583767287,1.0337680711458574e-10
