subject_num,neg_llh,gamma_base,gamma_coef,beta,epsilon
123,28.484430175608473,-2.5421231722831727,0.0,0.9999999799132346,2.008676530662612e-8
