subject_num,neg_llh,gamma_base,gamma_coef,beta,epsilon
152,41.38070244448576,0.5318378639221192,0.0,0.2082444019317627,1.6880035402788707e-7
