subject_num,neg_llh,gamma_base,gamma_coef,beta,epsilon
10,64.88474381753046,-1.2602917480468752,0.0,0.07443833923339843,2.54821777345704e-6
