subject_num,neg_llh,gamma_base,gamma_coef,beta,epsilon
12,44.45436162573492,-0.10133085545152426,0.0,0.2428965474702418,1.0337680711458574e-10
