subject_num,neg_llh,gamma_base,gamma_coef,beta,epsilon
103,71.08399234718146,9.575218267440796,0.0,0.17975242495536803,0.6504317660331727
