subject_num,neg_llh,gamma_base,gamma_coef,beta,epsilon
101,50.86877231493328,-1.5416741885058582,0.0,0.2646186283119023,0.02165342592261732
