subject_num,neg_llh,gamma_base,gamma_coef,beta,epsilon
167,45.363425533862966,-0.3047534966096282,0.0,0.20102991490531713,1.1576295364523759e-6
