subject_num,neg_llh,gamma_base,gamma_coef,beta,epsilon
139,68.7751847982651,-0.15854772090911867,0.0,0.5588221728801728,0.7096511826515197
