subject_num,neg_llh,gamma_base,gamma_coef,beta,epsilon
199,73.51203432136882,1.1250266265869142,0.0,0.07316868209838867,0.09407329177856444
