subject_num,neg_llh,gamma_base,gamma_coef,beta,epsilon
135,44.30737100423256,1.5049037405848504,0.0,0.20002305373549462,0.011239235445857032
