subject_num,neg_llh,gamma_base,gamma_coef,beta,epsilon
129,37.10993897530957,0.8216984939575196,0.0,0.25384546089172366,1.6880035402788707e-7
