subject_num,neg_llh,gamma_base,gamma_coef,beta,epsilon
119,33.71844994826504,-0.7260887432098388,0.0,0.466346471786499,4.982948303977608e-8
