subject_num,neg_llh,gamma_base,gamma_coef,beta,epsilon
138,32.73644384604212,-0.2117574429512024,0.0,0.37356648038327694,5.21540644005114e-9
