subject_num,neg_llh,gamma_base,gamma_coef,beta,epsilon
182,44.01388978954173,-0.29887654006481174,0.0,0.2634661593437195,5.21540644005114e-9
