subject_num,neg_llh,gamma_base,gamma_coef,beta,epsilon
186,34.589517671892665,8.261998758316041,0.0,0.5686483340263366,0.07109192657470703
