subject_num,neg_llh,gamma_base,gamma_coef,beta,epsilon
198,44.84610202320427,0.05267316341400147,0.0,0.24355269598960877,4.982948303977608e-8
