subject_num,neg_llh,gamma_base,gamma_coef,beta,epsilon
181,51.44325035691714,-2.3211216926574707,0.0,0.21465455245971682,1.6880035402788707e-7
