subject_num,neg_llh,gamma_base,gamma_coef,beta,epsilon
142,48.343946874968196,-9.657767098546028,0.0,0.3815288438647986,5.21540644005114e-9
