subject_num,neg_llh,gamma_base,gamma_coef,beta,epsilon
106,47.18488106968342,-3.344249768257141,0.0,0.2729066169261932,4.982948303977608e-8
