subject_num,neg_llh,gamma_base,gamma_coef,beta,epsilon
107,74.56899451502028,-9.995052194595337,0.0,0.39258833885192873,0.9310068385601044
