subject_num,neg_llh,gamma_base,gamma_coef,beta,epsilon
187,43.88431513141686,9.9994921875,0.0,0.14119146728515625,2.5390625000010214e-5
