subject_num,neg_llh,gamma_base,gamma_coef,beta,epsilon
17,44.07648795148616,0.514976122379303,0.0,0.20757010477781296,5.21540644005114e-9
