subject_num,neg_llh,gamma_base,gamma_coef,beta,epsilon
149,60.820049679867836,0.133941570520401,0.0,0.10728173530101776,2.008676530662612e-8
