subject_num,neg_llh,gamma_base,gamma_coef,beta,epsilon
120,47.8051969427556,0.23858894348144533,0.0,0.19293142318725587,6.446838378693087e-7
