subject_num,neg_llh,gamma_base,gamma_coef,beta,epsilon
148,47.667358133381974,0.20776762931607665,0.0,0.15527550516487099,1.0337680711458574e-10
