subject_num,neg_llh,gamma_base,gamma_coef,beta,epsilon
173,31.089264181974045,-0.6563666078448296,0.0,0.5477164279669523,5.21540644005114e-9
