subject_num,neg_llh,gamma_base,gamma_coef,beta,epsilon
13,47.31910589161451,0.648724365234375,0.0,0.16112527465820314,2.54821777345704e-6
