subject_num,neg_llh,gamma_base,gamma_coef,beta,epsilon
146,64.43412937950384,-0.16535508543252947,0.0,0.0871727879345417,8.459582924835729e-6
