subject_num,neg_llh,gamma_base,gamma_coef,beta,epsilon
151,65.31091692181464,-0.005029605105519295,0.0,0.0776349619887769,1.4975666817740318e-9
