subject_num,neg_llh,gamma_base,gamma_coef,beta,epsilon
108,30.081031617888417,1.0701501226425172,0.0,0.18414018964767453,4.982948303977608e-8
