subject_num,neg_llh,gamma_base,gamma_coef,beta,epsilon
1,40.609711410349185,-0.3538895630836487,0.0,0.31072924137115476,2.008676530662612e-8
