subject_num,neg_llh,gamma_base,gamma_coef,beta,epsilon
163,68.43481898175396,6.683135818447918,0.0,0.0867117358427495,0.5774476064648479
