subject_num,neg_llh,gamma_base,gamma_coef,beta,epsilon
179,51.40316456444106,-0.4527279601991177,0.0,0.17886171978712084,1.4975666817740318e-9
