subject_num,neg_llh,gamma_base,gamma_coef,beta,epsilon
168,37.04954429269802,0.04663301229476929,0.0,0.3230184564590454,2.008676530662612e-8
