subject_num,neg_llh,gamma_base,gamma_coef,beta,epsilon
109,59.36719206798736,7.501015263795853,0.0,0.061974058508873,2.008676530662612e-8
