subject_num,neg_llh,gamma_base,gamma_coef,beta,epsilon
104,57.479651075576214,-1.1516856193542482,0.0,0.15151338005065917,4.982948303977608e-8
