subject_num,neg_llh,gamma_base,gamma_coef,beta,epsilon
150,28.696347460956726,-1.3880505882948637,0.0,0.9999921594373882,0.02633743830770252
