subject_num,neg_llh,gamma_base,gamma_coef,beta,epsilon
154,59.51509075622806,-0.7618308645486832,0.0,0.11165124168246987,1.4975666817740318e-9
