subject_num,neg_llh,gamma_base,gamma_coef,beta,epsilon
177,55.39465798230966,-1.015552010536194,0.0,0.08514307051897047,2.008676530662612e-8
