subject_num,neg_llh,gamma_base,gamma_coef,beta,epsilon
194,45.749734888814764,0.8970260906219483,0.0,0.16843198966979983,4.982948303977608e-8
