subject_num,neg_llh,gamma_base,gamma_coef,beta,epsilon
118,61.80168879045016,0.40929072856903076,0.0,0.1027353229522705,4.982948303977608e-8
