subject_num,neg_llh,gamma_base,gamma_coef,beta,epsilon
161,75.03095315968193,-9.999949035644532,0.0,0.9999974517822265,0.8006669921875
