subject_num,neg_llh,gamma_base,gamma_coef,beta,epsilon
160,48.61636574083283,-3.2866416931152345,0.0,0.9999993553161621,0.08688935470581055
