subject_num,neg_llh,gamma_base,gamma_coef,beta,epsilon
180,38.99072371046742,0.22040067672729494,0.0,0.26325106000900267,4.982948303977608e-8
