subject_num,neg_llh,gamma_base,gamma_coef,beta,epsilon
153,41.498862543877735,-2.7981187438964845,0.0,0.5681084442138672,6.446838378693087e-7
