subject_num,neg_llh,gamma_base,gamma_coef,beta,epsilon
185,50.10368377268069,-0.1359908437728882,0.0,0.1631921555995941,4.982948303977608e-8
