subject_num,neg_llh,gamma_base,gamma_coef,beta,epsilon
121,48.47084823753512,0.33903147689998153,0.0,0.20099762035533786,1.4975666817740318e-9
