subject_num,neg_llh,gamma_base,gamma_coef,beta,epsilon
193,48.46960858351516,-2.793357529640198,0.0,0.3045501322746277,4.982948303977608e-8
