subject_num,neg_llh,gamma_base,gamma_coef,beta,epsilon
165,56.76019547393455,9.99999900341034,0.0,0.1406313524246216,0.09556637620925901
