subject_num,neg_llh,gamma_base,gamma_coef,beta,epsilon
130,46.73236581898509,-0.0062567631309229915,0.0,0.19024333040315877,3.895709137502479e-7
