subject_num,neg_llh,gamma_base,gamma_coef,beta,epsilon
19,44.58341403316544,-2.210079040527344,0.0,0.41803382873535155,2.54821777345704e-6
