subject_num,neg_llh,gamma_base,gamma_coef,beta,epsilon
122,36.6985574672253,-1.889184710085392,0.0,0.49590492038056255,0.01989098121598365
