subject_num,neg_llh,gamma_base,gamma_coef,beta,epsilon
141,51.45082249412922,-1.8231875526905061,0.0,0.19851615381240845,2.008676530662612e-8
