subject_num,neg_llh,gamma_base,gamma_coef,beta,epsilon
144,29.075914976167297,-1.5122103738039732,0.0,0.7345291405841708,1.4975666817740318e-9
