subject_num,neg_llh,gamma_base,gamma_coef,beta,epsilon
114,68.9012753543531,3.9743120652437214,0.0,0.07401481408625843,0.12068208069726827
