subject_num,neg_llh,gamma_base,gamma_coef,beta,epsilon
112,71.01996690810542,-1.0247918530227618,0.0,0.06915637332550251,1.0337680711458574e-10
