subject_num,neg_llh,gamma_base,gamma_coef,beta,epsilon
124,37.17766261083125,0.016218109130859377,0.0,0.2765869808197021,4.982948303977608e-8
