subject_num,neg_llh,gamma_base,gamma_coef,beta,epsilon
249,54.37214704638316,8.473484204113484,0.0,0.1142925920635462,5.21540644005114e-9
