subject_num,neg_llh,gamma_base,gamma_coef,beta,epsilon
221,44.161611565229705,-1.5145713879168035,0.0,0.3221297496296466,1.4975666817740318e-9
