subject_num,neg_llh,gamma_base,gamma_coef,beta,epsilon
279,56.2907412078613,0.5471517944335937,0.0,0.13991229248046877,2.54821777345704e-6
