subject_num,neg_llh,gamma_base,gamma_coef,beta,epsilon
239,74.20803295319153,-0.1292975425720215,0.0,0.8072704703807831,0.6094907960891723
