subject_num,neg_llh,gamma_base,gamma_coef,beta,epsilon
257,46.46136797727158,-6.609726543426514,0.0,0.43810421466827393,1.6880035402788707e-7
