subject_num,neg_llh,gamma_base,gamma_coef,beta,epsilon
277,44.04303535389006,-6.2843269348144535,0.0,0.5061826782226563,0.03656562805175784
