subject_num,neg_llh,gamma_base,gamma_coef,beta,epsilon
235,44.20132901189791,-1.5425283737992868,0.0,0.22391883172583765,1.0337680711458574e-10
