subject_num,neg_llh,gamma_base,gamma_coef,beta,epsilon
215,35.626320095779825,-0.783882115483284,0.0,0.39615471377968786,1.4975666817740318e-9
