subject_num,neg_llh,gamma_base,gamma_coef,beta,epsilon
28,66.96192987825086,-3.5447323417663577,0.0,0.07863848686218261,1.6880035402788707e-7
