subject_num,neg_llh,gamma_base,gamma_coef,beta,epsilon
272,45.225249835968306,-0.3130171203613281,0.0,0.24554890823364256,1.6880035402788707e-7
