subject_num,neg_llh,gamma_base,gamma_coef,beta,epsilon
25,57.47969548139086,0.7494352895021439,0.0,0.11419299113750458,5.21540644005114e-9
