subject_num,neg_llh,gamma_base,gamma_coef,beta,epsilon
225,47.45208736387743,-3.4895203399658206,0.0,0.2962419204711914,6.446838378693087e-7
