subject_num,neg_llh,gamma_base,gamma_coef,beta,epsilon
21,53.58771987478953,-1.49106906414032,0.0,0.17608300638198854,4.982948303977608e-8
