subject_num,neg_llh,gamma_base,gamma_coef,beta,epsilon
289,37.2806480255673,1.661642360687256,0.0,0.22187703609466553,1.6880035402788707e-7
