subject_num,neg_llh,gamma_base,gamma_coef,beta,epsilon
201,26.83350240473122,-1.4448393630981446,0.0,0.9617525997161865,1.6880035402788707e-7
