subject_num,neg_llh,gamma_base,gamma_coef,beta,epsilon
275,52.84923015433434,1.4197317504882814,0.0,0.12378555297851562,6.446838378693087e-7
