subject_num,neg_llh,gamma_base,gamma_coef,beta,epsilon
258,81.03635937108687,-9.99999900341034,0.0,0.9998895452022553,0.40389544939994815
