subject_num,neg_llh,gamma_base,gamma_coef,beta,epsilon
209,48.30938092225977,0.6369605255126953,0.0,0.16646706676483153,1.6880035402788707e-7
