subject_num,neg_llh,gamma_base,gamma_coef,beta,epsilon
290,47.76735925464362,-0.3436544990539551,0.0,0.21666278076171874,1.6880035402788707e-7
