subject_num,neg_llh,gamma_base,gamma_coef,beta,epsilon
240,60.41723595477756,0.8537349700927734,0.0,0.2683494377136231,0.2293422203063965
