subject_num,neg_llh,gamma_base,gamma_coef,beta,epsilon
253,38.192566037834695,0.7951505902409554,0.0,0.25450978679955005,5.21540644005114e-9
