subject_num,neg_llh,gamma_base,gamma_coef,beta,epsilon
271,33.12597840967817,-1.5048964536190033,0.0,0.610420791387558,2.008676530662612e-8
