subject_num,neg_llh,gamma_base,gamma_coef,beta,epsilon
22,38.57157594200517,-1.5270995202148334,0.0,0.4803373230593279,0.019646577636245666
