subject_num,neg_llh,gamma_base,gamma_coef,beta,epsilon
206,57.26289060093376,-9.125998535156251,0.0,0.9999746093749999,0.07092822265624998
