subject_num,neg_llh,gamma_base,gamma_coef,beta,epsilon
216,55.27103485611632,0.24046641536056995,0.0,0.12822473864723,1.0337680711458574e-10
