subject_num,neg_llh,gamma_base,gamma_coef,beta,epsilon
230,55.107074209821626,9.999987106323243,0.0,0.12218087387084964,0.0718590507507324
