subject_num,neg_llh,gamma_base,gamma_coef,beta,epsilon
260,49.06531893810657,-0.2876073217391968,0.0,0.20211347603797913,4.982948303977608e-8
