subject_num,neg_llh,gamma_base,gamma_coef,beta,epsilon
267,40.29397231970424,1.1042067241668703,0.0,0.9999241657257081,0.1372747082710266
