subject_num,neg_llh,gamma_base,gamma_coef,beta,epsilon
232,51.125203280208154,-1.057056188583374,0.0,0.18327753186225892,4.982948303977608e-8
