subject_num,neg_llh,gamma_base,gamma_coef,beta,epsilon
200,36.51286374404124,0.23737603545188904,0.0,0.3402379136681557,5.21540644005114e-9
