subject_num,neg_llh,gamma_base,gamma_coef,beta,epsilon
223,53.58351297339641,7.240880918651819,0.0,0.11951591892540453,0.0016556261628866142
