subject_num,neg_llh,gamma_base,gamma_coef,beta,epsilon
220,67.70437375886151,-0.9703454589843751,0.0,0.13939453125,0.20591162109375
