subject_num,neg_llh,gamma_base,gamma_coef,beta,epsilon
270,78.14417146055574,-9.999999598264695,0.0,0.9999999799132346,0.3686675499081612
