subject_num,neg_llh,gamma_base,gamma_coef,beta,epsilon
229,51.81710115372562,0.1711943244934082,0.0,0.17947819709777835,0.03484055042266848
