subject_num,neg_llh,gamma_base,gamma_coef,beta,epsilon
242,64.49358173318629,-3.5644490867853165,0.0,0.1205693093240261,5.21540644005114e-9
