subject_num,neg_llh,gamma_base,gamma_coef,beta,epsilon
269,46.57830391385892,-2.2575912475585938,0.0,0.31665922546386716,2.54821777345704e-6
