subject_num,neg_llh,gamma_base,gamma_coef,beta,epsilon
255,60.565180881420446,1.0575361616909504,0.0,0.09811575838923453,1.0337680711458574e-10
