subject_num,neg_llh,gamma_base,gamma_coef,beta,epsilon
264,43.93490419227092,1.5048316889963462,0.0,0.15644454337559,1.7171264410364984e-12
