subject_num,neg_llh,gamma_base,gamma_coef,beta,epsilon
27,51.75396839416551,-2.4357620239257813,0.0,0.1781885528564453,2.54821777345704e-6
