subject_num,neg_llh,gamma_base,gamma_coef,beta,epsilon
273,34.47019823651585,-0.8878943327069283,0.0,0.5125406377166509,5.21540644005114e-9
