subject_num,neg_llh,gamma_base,gamma_coef,beta,epsilon
254,43.862729413315755,2.497108758687973,0.0,0.9999999799132346,0.174267362177372
