subject_num,neg_llh,gamma_base,gamma_coef,beta,epsilon
212,53.02549806611264,-9.960641059875488,0.0,0.21087936878204344,1.6880035402788707e-7
