subject_num,neg_llh,gamma_base,gamma_coef,beta,epsilon
276,60.36352903309698,9.055149002075195,0.0,0.19512239074707033,0.2591572723388672
