subject_num,neg_llh,gamma_base,gamma_coef,beta,epsilon
227,63.84500561323073,1.151975908279419,0.0,0.07470078897476196,2.008676530662612e-8
