subject_num,neg_llh,gamma_base,gamma_coef,beta,epsilon
296,56.68333030268933,-0.9348470048606397,0.0,0.12995134663209318,1.4975666817740318e-9
