subject_num,neg_llh,gamma_base,gamma_coef,beta,epsilon
203,43.75593013383035,1.1795021986961365,0.0,0.18853012555837634,5.21540644005114e-9
