subject_num,neg_llh,gamma_base,gamma_coef,beta,epsilon
207,67.06270470507775,1.0771975852549076,0.0,0.07103716651350261,1.4975666817740318e-9
