subject_num,neg_llh,gamma_base,gamma_coef,beta,epsilon
241,60.91431263367801,0.2842419332265854,0.0,0.1037669937312603,5.21540644005114e-9
