subject_num,neg_llh,gamma_base,gamma_coef,beta,epsilon
202,66.28684942836819,-9.639886074066162,0.0,0.999999831199646,0.2276285638809204
