subject_num,neg_llh,gamma_base,gamma_coef,beta,epsilon
263,35.85769703575855,-1.172576904296875,0.0,0.45623394775390624,2.5390625000010214e-5
