subject_num,neg_llh,gamma_base,gamma_coef,beta,epsilon
247,36.89346333102117,0.7741137146949768,0.0,0.4627301142215729,0.054240238070488
