subject_num,neg_llh,gamma_base,gamma_coef,beta,epsilon
251,50.22614649330214,-0.289797278046608,0.0,0.17129818384349343,5.21540644005114e-9
