subject_num,neg_llh,gamma_base,gamma_coef,beta,epsilon
205,58.56359645056715,1.7413135838508607,0.0,0.09432669229805468,5.21540644005114e-9
