subject_num,neg_llh,gamma_base,gamma_coef,beta,epsilon
237,58.595143741832075,-8.669319924116135,0.0,0.7163073277622461,0.08637834507226944
