subject_num,neg_llh,gamma_base,gamma_coef,beta,epsilon
26,20.814097165907167,3.4651238757371905,0.0,0.9840647909492255,0.031728621914982824
