subject_num,neg_llh,gamma_base,gamma_coef,beta,epsilon
208,31.99245730379081,-2.6258108520507815,0.0,0.995076816558838,6.446838378693087e-7
