subject_num,neg_llh,gamma_base,gamma_coef,beta,epsilon
245,37.59216121395552,-2.290160713195801,0.0,0.5700480263233185,4.982948303977608e-8
