subject_num,neg_llh,gamma_base,gamma_coef,beta,epsilon
287,66.59602771286016,-1.1660477828979492,0.0,0.07978631782531737,1.6880035402788707e-7
