subject_num,neg_llh,gamma_base,gamma_coef,beta,epsilon
213,47.83332339210145,-2.350564603805542,0.0,0.28543353581428527,4.982948303977608e-8
