subject_num,neg_llh,gamma_base,gamma_coef,beta,epsilon
297,59.58166514363231,-2.850979881286621,0.0,0.10917117118835451,4.982948303977608e-8
