subject_num,neg_llh,gamma_base,gamma_coef,beta,epsilon
29,43.472256204498635,-0.6280897599458695,0.0,0.22736689488589762,5.21540644005114e-9
