subject_num,neg_llh,gamma_base,gamma_coef,beta,epsilon
268,38.52743677698645,9.999987106323243,0.0,0.2014211845397949,6.446838378693087e-7
