subject_num,neg_llh,gamma_base,gamma_coef,beta,epsilon
256,55.687508639161294,-0.4746562993526459,0.0,0.13548678427934646,2.008676530662612e-8
