subject_num,neg_llh,gamma_base,gamma_coef,beta,epsilon
204,67.17586736214476,-9.82973503112793,0.0,0.21616024780273435,0.6940119857788086
