subject_num,neg_llh,gamma_base,gamma_coef,beta,epsilon
228,80.67490185299508,-9.99999662399292,0.0,0.999999831199646,0.3719916257858277
