subject_num,neg_llh,gamma_base,gamma_coef,beta,epsilon
226,47.11532057344606,1.0055971229076386,0.0,0.9997228372693061,0.17044807004928592
