subject_num,neg_llh,gamma_base,gamma_coef,beta,epsilon
293,41.804565182618234,9.999999895691872,0.0,0.15815563531219962,5.21540644005114e-9
