subject_num,neg_llh,gamma_base,gamma_coef,beta,epsilon
266,41.94448074164679,9.397975463867187,0.0,0.17133583068847658,2.54821777345704e-6
