subject_num,neg_llh,gamma_base,gamma_coef,beta,epsilon
233,37.87494884641524,0.6305445751547814,0.0,0.2184775103777647,5.21540644005114e-9
