subject_num,neg_llh,gamma_base,gamma_coef,beta,epsilon
284,42.136618676212066,-1.0903110751509666,0.0,0.23415566277503969,0.0019492239654064214
