subject_num,neg_llh,gamma_base,gamma_coef,beta,epsilon
210,71.07144222137944,0.5646095800399781,0.0,0.999999950170517,0.7871213257312775
