subject_num,neg_llh,gamma_base,gamma_coef,beta,epsilon
217,58.0742768450597,-9.88800220489502,0.0,0.40732073974609373,1.6880035402788707e-7
