subject_num,neg_llh,gamma_base,gamma_coef,beta,epsilon
281,27.50106559812052,3.2943801534175874,0.0,0.9999999799132346,0.07002109950780866
