subject_num,neg_llh,gamma_base,gamma_coef,beta,epsilon
291,61.693563166659395,-5.395384245663881,0.0,0.12303625770285725,1.4975666817740318e-9
