subject_num,neg_llh,gamma_base,gamma_coef,beta,epsilon
286,55.50615028063174,0.6904103828221559,0.0,0.12051991224661468,1.4975666817740318e-9
