subject_num,neg_llh,gamma_base,gamma_coef,beta,epsilon
283,57.89126767006338,1.7697313099913299,0.0,0.10982788435462865,1.0337680711458574e-10
