subject_num,neg_llh,gamma_base,gamma_coef,beta,epsilon
299,82.02802074114658,-8.764631652832032,0.0,0.9999974517822265,0.7811824188232421
