subject_num,neg_llh,gamma_base,gamma_coef,beta,epsilon
274,22.41729491035855,-7.616415224075317,0.0,0.07265353079140185,0.00024527853727340787
