subject_num,neg_llh,gamma_base,gamma_coef,beta,epsilon
295,64.59433811053427,-1.5324805564433337,0.0,0.10992688856739552,0.06180877311434596
