subject_num,neg_llh,gamma_base,gamma_coef,beta,epsilon
278,70.22230714645556,9.857450485229492,0.0,0.07925999069213868,0.7279519958496093
