subject_num,neg_llh,gamma_base,gamma_coef,beta,epsilon
259,64.88723788263539,-2.113074951171875,0.0,0.07053228759765623,2.5390625000010214e-5
