subject_num,neg_llh,gamma_base,gamma_coef,beta,epsilon
243,84.80655948715159,-9.99999900341034,0.0,0.9955911276340484,0.6803049948215485
