subject_num,neg_llh,gamma_base,gamma_coef,beta,epsilon
298,56.83806880591562,9.999999895691872,0.0,0.9999999947845936,0.9999999947845936
