subject_num,neg_llh,gamma_base,gamma_coef,beta,epsilon
265,50.99552635928321,-0.4506515467166901,0.0,0.19352035874128343,2.008676530662612e-8
