subject_num,neg_llh,gamma_base,gamma_coef,beta,epsilon
214,60.385919583724835,7.5548030680883675,0.0,0.0709467488839291,0.35331401046179234
