subject_num,neg_llh,gamma_base,gamma_coef,beta,epsilon
20,65.59776577942,-1.1577364778518677,0.0,0.05446433457732203,3.026425838270619e-7
