subject_num,neg_llh,gamma_base,gamma_coef,beta,epsilon
261,27.501270098966017,3.1878359386324884,0.0,0.8559747357964516,0.06154195630550385
