subject_num,neg_llh,gamma_base,gamma_coef,beta,epsilon
219,50.10448262435128,0.2974390745162964,0.0,0.1560629451274872,4.982948303977608e-8
