subject_num,neg_llh,gamma_base,gamma_coef,beta,epsilon
222,63.52503933543148,8.608016613721848,0.0,0.07074909713864325,0.3220810180455446
