subject_num,neg_llh,gamma_base,gamma_coef,beta,epsilon
231,38.0377919229983,-0.2310509490966797,0.0,0.3300448760986328,6.446838378693087e-7
