subject_num,neg_llh,gamma_base,gamma_coef,beta,epsilon
262,51.41976026722533,-0.2542658838629723,0.0,0.17737143117189408,5.21540644005114e-9
