subject_num,neg_llh,gamma_base,gamma_coef,beta,epsilon
292,53.95389377847159,-0.21806884765625,0.0,0.1426381530761719,2.54821777345704e-6
