subject_num,neg_llh,gamma_base,gamma_coef,beta,epsilon
24,65.52206867698426,-1.084269585609436,0.0,0.08412994432449339,4.982948303977608e-8
