subject_num,neg_llh,gamma_base,gamma_coef,beta,epsilon
282,29.066953924050583,0.19899662733078005,0.0,0.4496158658862114,2.008676530662612e-8
