subject_num,neg_llh,gamma_base,gamma_coef,beta,epsilon
234,54.502960818387955,1.651590406013793,0.0,0.12837492777287068,1.5210055437364645e-14
