subject_num,neg_llh,gamma_base,gamma_coef,beta,epsilon
303,63.906684747206015,1.0344113101810217,0.0,0.0768179927356541,1.4975666817740318e-9
