subject_num,neg_llh,gamma_base,gamma_coef,beta,epsilon
312,62.139895177487546,-0.0586386789008975,0.0,0.1351409373516217,0.06682888099830597
