subject_num,neg_llh,gamma_base,gamma_coef,beta,epsilon
33,67.62157285722304,5.64741132080555,0.0,0.9999999947845936,0.684038099989295
