subject_num,neg_llh,gamma_base,gamma_coef,beta,epsilon
308,48.72847876393327,0.6176088537648321,0.0,0.16355847074533814,1.0337680711458574e-10
