subject_num,neg_llh,gamma_base,gamma_coef,beta,epsilon
311,50.776982157119,-0.10396284431219101,0.0,0.15692382578551767,1.4975666817740318e-9
