subject_num,neg_llh,gamma_base,gamma_coef,beta,epsilon
300,50.609085334402664,-0.28437681645154955,0.0,0.16634801410138605,5.21540644005114e-9
