subject_num,neg_llh,gamma_base,gamma_coef,beta,epsilon
310,46.37467842324048,0.254268114566803,0.0,0.18226577383279802,2.008676530662612e-8
