subject_num,neg_llh,gamma_base,gamma_coef,beta,epsilon
35,56.25627519596305,0.9243655224144459,0.0,0.14330863200873134,0.03932794020697472
