subject_num,neg_llh,gamma_base,gamma_coef,beta,epsilon
32,50.26851469851835,0.20002869963645936,0.0,0.1582524255514145,2.008676530662612e-8
