subject_num,neg_llh,gamma_base,gamma_coef,beta,epsilon
304,40.51865202958187,-0.7748477649688721,0.0,0.2642443180680275,2.008676530662612e-8
