subject_num,neg_llh,gamma_base,gamma_coef,beta,epsilon
3,62.5383905258985,-0.4492173528671265,0.0,0.08914682698249815,4.982948303977608e-8
