subject_num,neg_llh,gamma_base,gamma_coef,beta,epsilon
301,57.918100088039076,9.851587600708008,0.0,0.07393580627441404,6.446838378693087e-7
