subject_num,neg_llh,gamma_base,gamma_coef,beta,epsilon
313,48.75874875526075,-0.23101287841796875,0.0,0.1987619476318359,2.54821777345704e-6
