subject_num,neg_llh,gamma_base,gamma_coef,beta,epsilon
34,68.4697209921318,5.367775344848633,0.0,0.17894425582885742,0.663738182067871
