subject_num,neg_llh,gamma_base,gamma_coef,beta,epsilon
305,51.236134150732596,1.3590519125200808,0.0,0.13055047929100694,1.0337680711458574e-10
