subject_num,neg_llh,gamma_base,gamma_coef,beta,epsilon
302,57.7000283832131,9.748909307196737,0.0,0.14766487685590984,0.25775479909777643
