subject_num,neg_llh,gamma_base,gamma_coef,beta,epsilon
37,44.363479570981696,3.9071080970764163,0.0,0.35792403411865237,0.08912933826446534
