subject_num,neg_llh,gamma_base,gamma_coef,beta,epsilon
30,49.41020283155898,-1.344230456352234,0.0,0.17167632532119753,4.982948303977608e-8
