subject_num,neg_llh,gamma_base,gamma_coef,beta,epsilon
306,58.775822634382585,9.999987106323243,0.0,0.816159854888916,0.9627548103332519
