subject_num,neg_llh,gamma_base,gamma_coef,beta,epsilon
42,46.74182546468954,-2.6343696095375346,0.0,0.3843894976440351,0.04440759196621363
