subject_num,neg_llh,gamma_base,gamma_coef,beta,epsilon
46,40.927096586477504,1.602002672031522,0.0,0.17909848669171335,1.4975666817740318e-9
