subject_num,neg_llh,gamma_base,gamma_coef,beta,epsilon
49,45.3478234795559,-0.29834087371826173,0.0,0.19003852748870848,1.6880035402788707e-7
