subject_num,neg_llh,gamma_base,gamma_coef,beta,epsilon
47,71.9599729331119,-0.10284793853759766,0.0,0.999999831199646,0.6785481519699097
