subject_num,neg_llh,gamma_base,gamma_coef,beta,epsilon
41,42.26866888745529,-0.5129536175727845,0.0,0.2610039679408074,2.008676530662612e-8
