subject_num,neg_llh,gamma_base,gamma_coef,beta,epsilon
40,81.65238787676195,-9.99999900341034,0.0,0.7272843313217163,0.41081170201301576
