subject_num,neg_llh,gamma_base,gamma_coef,beta,epsilon
43,56.66040842512517,-0.9863128439824186,0.0,0.13517450450288743,2.2699167164574874e-5
