subject_num,neg_llh,gamma_base,gamma_coef,beta,epsilon
4,49.783209085924945,-1.3021896824985744,0.0,0.18049933709576726,1.4975666817740318e-9
