subject_num,neg_llh,gamma_base,gamma_coef,beta,epsilon
44,58.956761897302755,-0.03910156130790711,0.0,0.10648189413547515,2.008676530662612e-8
