subject_num,neg_llh,gamma_base,gamma_coef,beta,epsilon
50,51.53159084305993,0.9328595221042634,0.0,0.13257369327545165,2.008676530662612e-8
