subject_num,neg_llh,gamma_base,gamma_coef,beta,epsilon
51,39.42498835951708,-0.8495403174310923,0.0,0.3317424640208483,1.4975666817740318e-9
