subject_num,neg_llh,gamma_base,gamma_coef,beta,epsilon
57,46.530474103794774,1.4454199409484865,0.0,0.169590646982193,4.982948303977608e-8
