subject_num,neg_llh,gamma_base,gamma_coef,beta,epsilon
5,40.28355964486988,1.0040094566345215,0.0,0.2014411716461182,1.6880035402788707e-7
