subject_num,neg_llh,gamma_base,gamma_coef,beta,epsilon
58,65.35258567845763,-0.2441613903641701,0.0,0.08203490632399918,1.4975666817740318e-9
