subject_num,neg_llh,gamma_base,gamma_coef,beta,epsilon
53,65.15202934195088,8.416991629600526,0.0,0.6583263161182403,0.851913337945938
