subject_num,neg_llh,gamma_base,gamma_coef,beta,epsilon
65,49.013689638428986,1.4440416634082796,0.0,0.3557034725546837,0.12274104821681975
