subject_num,neg_llh,gamma_base,gamma_coef,beta,epsilon
68,51.37627820573636,0.6479114595800638,0.0,0.14718915881589056,1.4975666817740318e-9
