subject_num,neg_llh,gamma_base,gamma_coef,beta,epsilon
60,59.58422737520185,0.35119866505265235,0.0,0.11810854185372593,1.4975666817740318e-9
