subject_num,neg_llh,gamma_base,gamma_coef,beta,epsilon
62,30.33536588004306,-0.11795723915100098,0.0,0.4574926595687866,4.982948303977608e-8
