subject_num,neg_llh,gamma_base,gamma_coef,beta,epsilon
67,57.08228685447582,-9.459283533096315,0.0,0.5492300571799278,2.008676530662612e-8
