subject_num,neg_llh,gamma_base,gamma_coef,beta,epsilon
63,60.72460252645607,1.2438166618347168,0.0,0.09464961642026903,2.008676530662612e-8
