subject_num,neg_llh,gamma_base,gamma_coef,beta,epsilon
64,48.51929366484465,-0.4610811281204224,0.0,0.21106769967079164,4.982948303977608e-8
