subject_num,neg_llh,gamma_base,gamma_coef,beta,epsilon
77,59.07202536647164,-2.6752420592308046,0.0,0.10012992036342622,2.008676530662612e-8
