subject_num,neg_llh,gamma_base,gamma_coef,beta,epsilon
79,26.5444339001303,-0.623460305929184,0.0,0.6877643197178841,2.008676530662612e-8
