subject_num,neg_llh,gamma_base,gamma_coef,beta,epsilon
73,42.725095852217336,-0.42014801025390625,0.0,0.2683399200439453,2.54821777345704e-6
