subject_num,neg_llh,gamma_base,gamma_coef,beta,epsilon
78,34.24911629004474,-1.2089818421006204,0.0,0.527188822105527,5.21540644005114e-9
