subject_num,neg_llh,gamma_base,gamma_coef,beta,epsilon
70,67.30067594540381,-3.5769163417816165,0.0,0.16439019227027896,0.31761860656738283
