subject_num,neg_llh,gamma_base,gamma_coef,beta,epsilon
74,50.068899573324735,-9.990964355468751,0.0,0.9489903564453125,0.027984497070312475
