subject_num,neg_llh,gamma_base,gamma_coef,beta,epsilon
7,40.64224971496483,1.6175232028961182,0.0,0.18110976362228393,4.982948303977608e-8
