subject_num,neg_llh,gamma_base,gamma_coef,beta,epsilon
80,48.32407296551484,-0.8945164093934,0.0,0.14685453418735417,1.0337680711458574e-10
