subject_num,neg_llh,gamma_base,gamma_coef,beta,epsilon
86,39.118782906272045,0.6140972983837127,0.0,0.2598755589723587,2.008676530662612e-8
