subject_num,neg_llh,gamma_base,gamma_coef,beta,epsilon
82,59.52038362634624,0.9233878049254418,0.0,0.10684724624454978,5.21540644005114e-9
