subject_num,neg_llh,gamma_base,gamma_coef,beta,epsilon
87,56.44187914805831,-2.341194458007813,0.0,0.17359722900390623,0.000147216796875016
