subject_num,neg_llh,gamma_base,gamma_coef,beta,epsilon
8,48.25656364299482,-2.6290307986736297,0.0,0.38271226942539216,0.04514307093620301
