subject_num,neg_llh,gamma_base,gamma_coef,beta,epsilon
81,57.75342755438499,9.99999662399292,0.0,0.1500933437347412,0.09629471588134764
