subject_num,neg_llh,gamma_base,gamma_coef,beta,epsilon
84,80.89640715105124,-2.5371751737594606,0.0,0.035840262651443466,4.982948303977608e-8
