subject_num,neg_llh,gamma_base,gamma_coef,beta,epsilon
89,53.6520247316651,-0.01923227332532406,0.0,0.15452180575951935,1.4975666817740318e-9
