subject_num,neg_llh,gamma_base,gamma_coef,beta,epsilon
85,44.55874743947552,-0.030704002380371093,0.0,0.2440118045806885,4.982948303977608e-8
