subject_num,neg_llh,gamma_base,gamma_coef,beta,epsilon
83,52.16435496744986,0.2860120338946581,0.0,0.15518322059884665,1.4975666817740318e-9
