subject_num,neg_llh,gamma_base,gamma_coef,beta,epsilon
93,72.09751721578668,0.22014132022857666,0.0,0.043300539314746866,2.008676530662612e-8
