subject_num,neg_llh,gamma_base,gamma_coef,beta,epsilon
97,34.42177869131322,1.7428756713867188,0.0,0.24762185668945313,6.446838378693087e-7
