subject_num,neg_llh,gamma_base,gamma_coef,beta,epsilon
90,55.4113774614905,0.19607425659894945,0.0,0.17195188416540624,0.03788190689682963
