subject_num,neg_llh,gamma_base,gamma_coef,beta,epsilon
92,35.609195488610716,-1.568588104248047,0.0,0.5280504760742187,6.446838378693087e-7
