subject_num,neg_llh,gamma_base,gamma_coef,beta,epsilon
99,50.590938735695254,0.9890476799011231,0.0,0.14546026110649107,4.982948303977608e-8
