subject_num,neg_llh,gamma_base,gamma_coef,beta,epsilon
94,52.412738216613725,-1.0376157534122468,0.0,0.1797043607234955,2.008676530662612e-8
