subject_num,neg_llh,gamma_base,gamma_coef,beta,epsilon
98,54.87623794340057,-9.99999662399292,0.0,0.19565395259857177,1.6880035402788707e-7
