subject_num,neg_llh,gamma_base,gamma_coef,beta,epsilon
9,51.795574069443205,-1.1696956435777248,0.0,0.3013878377275542,0.04551113613881169
