subject_num,neg_llh,gamma_base,gamma_coef,beta,epsilon
91,38.74327839725322,-1.7699565646052362,0.0,0.4890286178141832,1.5871562063507483e-6
