subject_num,neg_llh,gamma_base,gamma_coef,beta,epsilon
0,50.94801046656624,2.12299808844924,-0.30410628763586284,0.12218632608279584,1.4975666817740318e-9
