subject_num,neg_llh,gamma_base,gamma_coef,beta,epsilon
107,73.11568709605768,-6.9854268596880145,0.9136828239765019,0.7165867805788293,0.8233371021738276
