subject_num,neg_llh,gamma_base,gamma_coef,beta,epsilon
104,53.53064100798652,-1.3711782392906027,0.07047004272462801,0.14913792178197766,1.0337680711458574e-10
