subject_num,neg_llh,gamma_base,gamma_coef,beta,epsilon
157,46.61584757173342,1.2409414867544548,-0.29228973917104306,0.16347361093759538,1.0337680711458574e-10
