subject_num,neg_llh,gamma_base,gamma_coef,beta,epsilon
190,50.854601462588256,0.9069160647690296,-0.19775138153135777,0.15655606823414564,1.4975666817740318e-9
