subject_num,neg_llh,gamma_base,gamma_coef,beta,epsilon
185,48.29634956162483,9.322565212654881,-2.683714248678647,0.08119239516346716,1.0337680711458574e-10
