subject_num,neg_llh,gamma_base,gamma_coef,beta,epsilon
110,52.6781495635191,1.6403154531246402,-0.25557435687119145,0.12893460228247566,1.7171264410364984e-12
