subject_num,neg_llh,gamma_base,gamma_coef,beta,epsilon
123,30.409998378726392,-2.025887297093868,-0.1304429048895836,0.9970291285514832,6.075054407306268e-7
