subject_num,neg_llh,gamma_base,gamma_coef,beta,epsilon
128,62.028698316815415,8.063514523655176,-2.9886003276351842,0.9999999998966231,0.21358316771686076
