subject_num,neg_llh,gamma_base,gamma_coef,beta,epsilon
17,32.637356012538916,1.9790085448883474,-0.3824096462312155,0.3927937145254109,1.0337680711458574e-10
