subject_num,neg_llh,gamma_base,gamma_coef,beta,epsilon
177,57.16571843982773,-0.7787631208761013,-0.20482995470700555,0.06379149925061212,1.7171264410364984e-12
