subject_num,neg_llh,gamma_base,gamma_coef,beta,epsilon
143,54.0654800836758,0.18297690212726594,2.9999999687075616,5.21540644005114e-9,0.9999999947845936
