subject_num,neg_llh,gamma_base,gamma_coef,beta,epsilon
183,36.422513286204556,-0.01753688961733133,-0.33505147766461596,0.4389265952371061,0.01759751769481227
