subject_num,neg_llh,gamma_base,gamma_coef,beta,epsilon
181,52.27864629947411,-0.9404008067771793,-1.0143148594032974,0.23172622321639208,0.0007450886433943982
