subject_num,neg_llh,gamma_base,gamma_coef,beta,epsilon
118,58.39346734040147,9.999898026883603,-1.453468037813902,0.09506305506825447,5.21540644005114e-9
