subject_num,neg_llh,gamma_base,gamma_coef,beta,epsilon
169,35.023495378120145,-2.896950225830078,-2.334345542907715,0.35841133880615234,6.446838378693087e-7
