subject_num,neg_llh,gamma_base,gamma_coef,beta,epsilon
173,29.7390985987665,-6.238052619695663,-0.37535964131355287,0.10864085853099825,2.008676530662612e-8
