subject_num,neg_llh,gamma_base,gamma_coef,beta,epsilon
193,48.890221240630325,-2.756221961975098,-0.1757808895111084,0.2491549153327942,4.982948303977608e-8
