subject_num,neg_llh,gamma_base,gamma_coef,beta,epsilon
165,59.680816447154456,8.998085039746949,1.1706703052348457,0.08093890901748091,1.0337680711458574e-10
