subject_num,neg_llh,gamma_base,gamma_coef,beta,epsilon
163,68.17350675897606,-9.99952237635851,2.1492210381031036,0.8341601030528545,0.6547493379116058
