subject_num,neg_llh,gamma_base,gamma_coef,beta,epsilon
149,59.894402586499204,-6.873749902131094,0.8214901788960561,0.6595058303734841,0.2663160208877816
