subject_num,neg_llh,gamma_base,gamma_coef,beta,epsilon
132,53.29141806536144,-3.107163426876068,2.9999998794794083,0.9592265506982803,0.3415226503610611
