subject_num,neg_llh,gamma_base,gamma_coef,beta,epsilon
112,65.4351584441594,-5.499475986607722,0.6670459838120733,0.9999999999982829,0.21432957482649362
