subject_num,neg_llh,gamma_base,gamma_coef,beta,epsilon
151,65.9431490714904,4.861611394882202,-1.2220587930679323,0.06981560707092282,0.05585497021675112
