subject_num,neg_llh,gamma_base,gamma_coef,beta,epsilon
150,21.327244798664218,-1.2997731343167835,0.007821894754248207,0.9999999999982829,1.7171264410364984e-12
