subject_num,neg_llh,gamma_base,gamma_coef,beta,epsilon
162,36.03819470411565,0.6172557445739668,-0.12379251945137151,0.4925241454426819,0.02594162330588612
