subject_num,neg_llh,gamma_base,gamma_coef,beta,epsilon
100,22.944003266933642,0.8616917419433594,-0.161621452331543,0.523268798828125,6.446838378693087e-7
