subject_num,neg_llh,gamma_base,gamma_coef,beta,epsilon
180,32.78046872860013,1.0876198053359987,-0.2622229828834534,0.30867330574989316,4.982948303977608e-8
