subject_num,neg_llh,gamma_base,gamma_coef,beta,epsilon
116,61.449929677938286,7.854456576239318,-1.3481938073337079,0.0669209086848423,1.0337680711458574e-10
