subject_num,neg_llh,gamma_base,gamma_coef,beta,epsilon
194,43.31045201630731,9.003075451850892,-1.4184678039550782,0.9992092697620392,0.1146893970966339
