subject_num,neg_llh,gamma_base,gamma_coef,beta,epsilon
19,42.36569793648541,-3.2718203020095826,-2.999999701023102,0.2736749308109283,6.446838378693087e-7
