subject_num,neg_llh,gamma_base,gamma_coef,beta,epsilon
168,35.30557601658235,9.99999900341034,-2.457478252887726,0.10267298221588134,4.982948303977608e-8
