subject_num,neg_llh,gamma_base,gamma_coef,beta,epsilon
130,38.22105652281697,0.6572810477018357,-0.175215539932251,0.23343365086615087,5.21540644005114e-9
