subject_num,neg_llh,gamma_base,gamma_coef,beta,epsilon
147,38.61570265853999,9.980507782548667,-2.7733533993288875,0.17776371345296504,1.4975666817740318e-9
