subject_num,neg_llh,gamma_base,gamma_coef,beta,epsilon
182,37.36077132830847,0.21418846398591995,-0.17610429695248606,0.3485738159418106,5.21540644005114e-9
