subject_num,neg_llh,gamma_base,gamma_coef,beta,epsilon
146,62.58436107461811,9.84406150341034,-2.999999701023102,0.08207615017890929,0.018573901176452634
