subject_num,neg_llh,gamma_base,gamma_coef,beta,epsilon
121,45.92723104076649,1.6273330668918788,-0.28864769133366647,0.33053266398911363,0.0563043130885344
