subject_num,neg_llh,gamma_base,gamma_coef,beta,epsilon
1,39.877111362284396,-0.3516503082215786,-2.9691375872846697,0.1243397220838815,1.0337680711458574e-10
