subject_num,neg_llh,gamma_base,gamma_coef,beta,epsilon
148,47.04699783967339,5.147036195993424,-0.9501461681127549,0.6731455657482147,0.17210518556833265
