subject_num,neg_llh,gamma_base,gamma_coef,beta,epsilon
154,56.33799456841824,0.4467538178717951,-2.1434379797248404,0.09621468681088302,4.809699305496906e-10
