subject_num,neg_llh,gamma_base,gamma_coef,beta,epsilon
126,60.909457837926695,9.875652433633805,1.817098682999611,0.2092399947941303,0.4381259714663029
