subject_num,neg_llh,gamma_base,gamma_coef,beta,epsilon
13,44.9289566054535,9.575063010454178,-1.5867203357219697,0.13944003760814666,2.008676530662612e-8
