subject_num,neg_llh,gamma_base,gamma_coef,beta,epsilon
160,48.54644987294971,-2.999813649170101,-0.0889245349187404,0.9983061697809026,0.08897310302127154
