subject_num,neg_llh,gamma_base,gamma_coef,beta,epsilon
106,47.51652502234193,-1.1411685943603516,-2.999999701023102,0.2946166594028473,4.982948303977608e-8
