subject_num,neg_llh,gamma_base,gamma_coef,beta,epsilon
187,51.269426558814054,9.999999598264695,2.95774535214901,0.10248316419124603,2.008676530662612e-8
