subject_num,neg_llh,gamma_base,gamma_coef,beta,epsilon
125,45.000772580214864,-0.17568574209231885,-1.3871619620961138,0.23346291200746783,1.0337680711458574e-10
