subject_num,neg_llh,gamma_base,gamma_coef,beta,epsilon
155,40.73681509529748,-1.2995619877427818,-0.2611911596730352,0.44396774423494934,1.4975666817740318e-9
