subject_num,neg_llh,gamma_base,gamma_coef,beta,epsilon
103,69.23165634229584,-9.961015520691872,1.8348884122073652,0.4751829365640879,0.6420091339945793
