subject_num,neg_llh,gamma_base,gamma_coef,beta,epsilon
122,39.54752531850012,-9.75673792336951,0.19355770852044227,0.22832302979251834,0.023463920018810314
