subject_num,neg_llh,gamma_base,gamma_coef,beta,epsilon
134,58.42312279715353,-5.926654767245054,-2.152809512799606,0.3462829946428537,7.924679666926338e-7
