subject_num,neg_llh,gamma_base,gamma_coef,beta,epsilon
142,48.361583097988614,-2.700962371826172,-1.8998322758674624,0.3562090690135956,4.982948303977608e-8
