subject_num,neg_llh,gamma_base,gamma_coef,beta,epsilon
114,69.47805397640232,-2.1531000982224944,0.4133420919701457,0.21535851053893568,0.4024185951985419
