subject_num,neg_llh,gamma_base,gamma_coef,beta,epsilon
109,58.218545975972496,-1.6208621203899385,2.9999999687075616,0.06453831948339939,5.21540644005114e-9
