subject_num,neg_llh,gamma_base,gamma_coef,beta,epsilon
137,72.39088921897934,-3.9371922612190247,2.9999998794794083,0.0602449358701706,2.008676530662612e-8
