subject_num,neg_llh,gamma_base,gamma_coef,beta,epsilon
141,50.026821411694044,7.179375432133675,-2.4968271100223065,0.13837183533608916,5.21540644005114e-9
