subject_num,neg_llh,gamma_base,gamma_coef,beta,epsilon
135,45.76795896515827,3.9209326331131162,-0.43959109345637265,0.149836463782005,0.005988658677786585
