subject_num,neg_llh,gamma_base,gamma_coef,beta,epsilon
167,41.34693894935799,0.7829734754562379,-0.3114569363594055,0.21496054553985594,4.982948303977608e-8
