subject_num,neg_llh,gamma_base,gamma_coef,beta,epsilon
153,42.65192256703697,-1.6496862064115705,-1.7978106402195992,0.41455903024133295,1.0337680711458574e-10
