subject_num,neg_llh,gamma_base,gamma_coef,beta,epsilon
119,28.372159065428786,-0.3949230401337468,-0.18546203852177906,0.31455661127361667,1.0627180097033673e-7
