subject_num,neg_llh,gamma_base,gamma_coef,beta,epsilon
184,68.46547968356818,-8.823103448073962,-2.2023967519034633,0.05044593036991135,1.7171264410364984e-12
