subject_num,neg_llh,gamma_base,gamma_coef,beta,epsilon
129,25.374725310659866,8.262698808945716,-1.3894919120315463,0.3775006035678089,1.0337680711458574e-10
