subject_num,neg_llh,gamma_base,gamma_coef,beta,epsilon
197,53.6179937565032,1.158191723331547,-0.24788042316366773,0.4463913858425258,0.1284127121059901
