subject_num,neg_llh,gamma_base,gamma_coef,beta,epsilon
152,43.00998525591275,3.2205696985113903,-0.4513751520684455,0.8055867375691887,0.10467734681104773
