subject_num,neg_llh,gamma_base,gamma_coef,beta,epsilon
191,63.25555118363942,-1.6135644471645356,2.696925928115845,0.10279763394594194,0.21851039838790892
