subject_num,neg_llh,gamma_base,gamma_coef,beta,epsilon
16,45.85413163621894,9.59782676445786,-1.5309318089811133,0.12055384984938428,1.0337680711458574e-10
