subject_num,neg_llh,gamma_base,gamma_coef,beta,epsilon
144,32.80894229664164,-1.3694393429160119,-0.044967643171548846,0.5142071519345045,5.21540644005114e-9
