subject_num,neg_llh,gamma_base,gamma_coef,beta,epsilon
113,61.14900907436498,-1.254336958527565,-1.9979515238106251,0.11850836949050425,5.21540644005114e-9
