subject_num,neg_llh,gamma_base,gamma_coef,beta,epsilon
161,74.83249248161113,-8.652413122355938,0.5307851352989674,0.9999999947845936,0.7886531054377556
