subject_num,neg_llh,gamma_base,gamma_coef,beta,epsilon
139,67.83864440476808,-9.99999900341034,1.0509177675247192,0.022469602346420314,0.21523822355270383
