subject_num,neg_llh,gamma_base,gamma_coef,beta,epsilon
108,28.277718720233892,3.6258639323711397,-0.5090396543741227,0.1633491079211235,2.008676530662612e-8
