subject_num,neg_llh,gamma_base,gamma_coef,beta,epsilon
10,61.0664156743813,5.032279008375481,-2.136019470028114,0.08699288483656709,1.5314146585287958e-5
