subject_num,neg_llh,gamma_base,gamma_coef,beta,epsilon
18,31.27324476098778,-0.4746470698155463,-0.2651500009149313,0.7152823755843565,1.0337680711458574e-10
