subject_num,neg_llh,gamma_base,gamma_coef,beta,epsilon
111,52.06281528434434,9.242853286117315,-0.9929405397120864,0.39314588700886816,0.15019346469361333
