subject_num,neg_llh,gamma_base,gamma_coef,beta,epsilon
186,41.44315710425253,-1.9199299061298372,2.9999999687075616,0.15177573312819004,5.21540644005114e-9
