subject_num,neg_llh,gamma_base,gamma_coef,beta,epsilon
198,41.24587345474422,9.999999997932465,-2.4469622856192292,0.08975844252062959,1.0337680711458574e-10
