subject_num,neg_llh,gamma_base,gamma_coef,beta,epsilon
12,39.50957486740012,-0.04590556409093551,0.016156072385958398,0.2370739082732471,2.7826159493815616e-6
