subject_num,neg_llh,gamma_base,gamma_coef,beta,epsilon
166,52.060290387756424,9.424125149771571,-1.6872466692477466,0.9880077421441674,0.2185515604503453
