subject_num,neg_llh,gamma_base,gamma_coef,beta,epsilon
172,43.14279490917038,9.536556777525693,-2.9220133916661144,0.10496859116293489,1.0337680711458574e-10
