subject_num,neg_llh,gamma_base,gamma_coef,beta,epsilon
145,37.032330755796416,9.79264229297638,-1.0550154812335968,0.15202775061130525,2.008676530662612e-8
