subject_num,neg_llh,gamma_base,gamma_coef,beta,epsilon
179,45.20124793957236,-9.224615423381328,0.8225508458912373,0.08321009872853757,1.1062070727374529e-5
