subject_num,neg_llh,gamma_base,gamma_coef,beta,epsilon
138,35.84416857219368,-1.2847164678573608,-2.6898190841674805,0.09441497611999511,4.982948303977608e-8
