subject_num,neg_llh,gamma_base,gamma_coef,beta,epsilon
196,54.53005399379009,-1.4169076050817968,-2.9999999910146,0.30546011072397233,1.4975666817740318e-9
