subject_num,neg_llh,gamma_base,gamma_coef,beta,epsilon
101,50.60710649330019,7.457663162417303,-2.213768148758085,0.26861946215221905,0.040016520682085666
