subject_num,neg_llh,gamma_base,gamma_coef,beta,epsilon
199,74.30733315192917,7.999269295986742,-1.3672271957527846,0.048379116269759825,0.1599030799297616
