subject_num,neg_llh,gamma_base,gamma_coef,beta,epsilon
189,53.79879928668795,-2.003335030078888,2.968598016276956,0.11183613728731873,1.4975666817740318e-9
