subject_num,neg_llh,gamma_base,gamma_coef,beta,epsilon
120,45.55599667536045,9.852528214156628,-2.330646890960634,0.09617553867027162,1.2135133147239685e-6
