subject_num,neg_llh,gamma_base,gamma_coef,beta,epsilon
115,56.14492162535564,-9.010322562456132,2.9999999687075616,5.21540644005114e-9,0.9999999947845936
