subject_num,neg_llh,gamma_base,gamma_coef,beta,epsilon
127,68.16356584744926,3.769545687454811,-2.241035541371821,0.06847883029415969,0.044763953511050225
