subject_num,neg_llh,gamma_base,gamma_coef,beta,epsilon
133,52.59766742239674,0.4151957780402154,0.04728683693194762,0.12356637377943841,4.300657310274403e-7
