subject_num,neg_llh,gamma_base,gamma_coef,beta,epsilon
124,37.083769466275655,0.48804296216927473,-0.10401337393652649,0.22478212584275753,1.9691651687026024e-7
