subject_num,neg_llh,gamma_base,gamma_coef,beta,epsilon
254,45.697395699702355,8.015612872913481,1.5386618293225767,0.13154828333854673,1.4975666817740318e-9
