subject_num,neg_llh,gamma_base,gamma_coef,beta,epsilon
20,67.26351799234237,9.999999997932465,-2.5796391177065674,0.0469493968402967,0.04329760547447947
