subject_num,neg_llh,gamma_base,gamma_coef,beta,epsilon
210,68.82084688091419,0.42532562255859374,0.4240921325683594,0.7707510528564453,0.7082085418701172
