subject_num,neg_llh,gamma_base,gamma_coef,beta,epsilon
277,44.07431411050713,-8.085614580530674,-2.982124753352255,0.49646965047437697,0.01874937716964631
