subject_num,neg_llh,gamma_base,gamma_coef,beta,epsilon
231,39.348220646554026,1.593494433015585,-0.3181540278978646,0.33599625031743197,0.019055753187276425
