subject_num,neg_llh,gamma_base,gamma_coef,beta,epsilon
265,48.84321627855299,-0.05654447555541992,-0.08442910623550416,0.18642883229255675,4.982948303977608e-8
