subject_num,neg_llh,gamma_base,gamma_coef,beta,epsilon
220,65.35323943827848,3.425445826202631,-1.8218572538718583,0.0911798755824566,0.10674085096642377
