subject_num,neg_llh,gamma_base,gamma_coef,beta,epsilon
204,67.19599217682139,-9.999999598264695,-1.5308249652385713,0.19803411358594897,0.7012439573407173
