subject_num,neg_llh,gamma_base,gamma_coef,beta,epsilon
21,49.92701564847495,-0.07843725357204676,-2.997936419880018,0.23560496127791702,1.0337680711458574e-10
