subject_num,neg_llh,gamma_base,gamma_coef,beta,epsilon
249,57.01435087243081,5.649193801879883,-0.42958002090454106,0.08659478282928468,1.6880035402788707e-7
