subject_num,neg_llh,gamma_base,gamma_coef,beta,epsilon
255,59.24186426379158,-9.746594022512436,2.9999999993797393,0.11813855690322816,6.5314183011477844e-6
