subject_num,neg_llh,gamma_base,gamma_coef,beta,epsilon
219,47.68873869946547,1.754982147216797,-0.3668947448730469,0.14611019897460936,6.446838378693087e-7
