subject_num,neg_llh,gamma_base,gamma_coef,beta,epsilon
22,45.26583624180176,6.606379744112492,-2.4059743351936342,0.25177271319925787,0.037449165225029
