subject_num,neg_llh,gamma_base,gamma_coef,beta,epsilon
278,69.21221424086134,-3.2222066232562065,2.1254378984570503,0.7995576854795218,0.7810559453517198
