subject_num,neg_llh,gamma_base,gamma_coef,beta,epsilon
234,43.18481452208016,9.875579619162018,2.9999999999025606,0.16235400305426445,0.015170259898120986
