subject_num,neg_llh,gamma_base,gamma_coef,beta,epsilon
299,80.6540913743594,-9.791185494661331,-2.9996473390460014,0.9999999947845936,0.7770071361064911
