subject_num,neg_llh,gamma_base,gamma_coef,beta,epsilon
230,60.624965586257055,2.9440032052993774,0.35478469991683964,0.999999950170517,0.38583686089515684
