subject_num,neg_llh,gamma_base,gamma_coef,beta,epsilon
229,50.37556336907049,9.465567537322642,-2.7022563064545393,0.9940991027876735,0.17938966232165693
