subject_num,neg_llh,gamma_base,gamma_coef,beta,epsilon
295,64.78978191815388,-0.05337312109768391,-0.6640629524588585,0.11052866042777898,0.08271691799536346
