subject_num,neg_llh,gamma_base,gamma_coef,beta,epsilon
232,51.37360538066211,-9.999999598264695,-2.5026987240314487,0.09366162282228468,2.008676530662612e-8
