subject_num,neg_llh,gamma_base,gamma_coef,beta,epsilon
202,63.572883192574125,-7.487742129862309,-2.436036638438702,0.09368593005836012,0.024185021027922637
