subject_num,neg_llh,gamma_base,gamma_coef,beta,epsilon
296,60.87628017617677,9.999999999675202,-2.572133179232944,0.10141038854065121,1.623995382615817e-11
