subject_num,neg_llh,gamma_base,gamma_coef,beta,epsilon
292,51.80644433459729,1.1347247973829508,-0.43593169353157285,0.13856626534089445,1.4975666817740318e-9
