subject_num,neg_llh,gamma_base,gamma_coef,beta,epsilon
253,31.089049517006654,2.202931270599365,-0.3389973843097687,0.28607148736715315,2.008676530662612e-8
