subject_num,neg_llh,gamma_base,gamma_coef,beta,epsilon
251,45.51820187239735,0.6133195170201361,-0.28714754300750794,0.2317444857098162,1.0337680711458574e-10
