subject_num,neg_llh,gamma_base,gamma_coef,beta,epsilon
242,60.73062207886305,0.08792646318674088,-1.0501323367059232,0.16381123539805414,5.21540644005114e-9
