subject_num,neg_llh,gamma_base,gamma_coef,beta,epsilon
271,30.643354653844963,-1.4690647259529215,-0.0010790635922458024,0.6003067733280041,1.7171264410364984e-12
