subject_num,neg_llh,gamma_base,gamma_coef,beta,epsilon
221,44.6914382733749,-1.4419136514616275,-0.10599022801998399,0.18458320941513057,1.2438363071853864e-5
