subject_num,neg_llh,gamma_base,gamma_coef,beta,epsilon
272,39.11231056882546,0.2570559128618334,-0.17803884870861658,0.33875037131656427,7.100655348146745e-7
