subject_num,neg_llh,gamma_base,gamma_coef,beta,epsilon
200,31.643264400518298,9.999999970048666,-2.4253471726030114,0.09818124813586476,1.4975666817740318e-9
