subject_num,neg_llh,gamma_base,gamma_coef,beta,epsilon
217,60.57877403228598,-1.326447471305728,-2.9999999910146,0.42394857712090017,1.4975666817740318e-9
