subject_num,neg_llh,gamma_base,gamma_coef,beta,epsilon
298,56.83806880591562,-1.285703777372837,2.9999999687075616,5.21540644005114e-9,0.9999999947845936
