subject_num,neg_llh,gamma_base,gamma_coef,beta,epsilon
247,33.23796214676801,2.126772563010709,-0.24322375955064857,0.5029022401718994,0.07147353292699243
