subject_num,neg_llh,gamma_base,gamma_coef,beta,epsilon
258,79.32014274876836,-1.866024799346924,-2.9998248138427734,0.5758615379333496,0.3677043914794922
