subject_num,neg_llh,gamma_base,gamma_coef,beta,epsilon
286,54.8162471633104,2.1670713634509595,-0.21445990950521082,0.10196421848027964,1.998210791276378e-7
