subject_num,neg_llh,gamma_base,gamma_coef,beta,epsilon
256,55.024159617894064,0.3008615992544219,-0.27765179580403493,0.11432328759389931,7.379783782957006e-7
