subject_num,neg_llh,gamma_base,gamma_coef,beta,epsilon
233,39.54339707105274,6.729938726723194,-1.0219540413022041,0.5892894157916307,0.08436249519884587
