subject_num,neg_llh,gamma_base,gamma_coef,beta,epsilon
289,34.00449474285262,9.262178756389767,-1.27127224637568,0.19965878955926747,0.0018714100448414817
