subject_num,neg_llh,gamma_base,gamma_coef,beta,epsilon
275,46.12961108788692,-9.448304087845608,2.9999999993797393,0.1386580972599331,1.0337680711458574e-10
