subject_num,neg_llh,gamma_base,gamma_coef,beta,epsilon
27,48.071215295543915,-4.681589431762696,0.373964469909668,0.17688082504272462,6.446838378693087e-7
