subject_num,neg_llh,gamma_base,gamma_coef,beta,epsilon
282,20.15101478934497,0.9671171495458112,-0.23500270645972343,0.6970019878491294,1.0337680711458574e-10
