subject_num,neg_llh,gamma_base,gamma_coef,beta,epsilon
291,55.45579642663744,8.705282813681988,-2.8620196867107883,0.18352789374487477,1.623995382615817e-11
