subject_num,neg_llh,gamma_base,gamma_coef,beta,epsilon
235,44.16103107609727,7.324532089233399,-2.0489924812316898,0.17757466316223147,1.6880035402788707e-7
