subject_num,neg_llh,gamma_base,gamma_coef,beta,epsilon
216,52.990037981290925,2.8583092305064204,-0.5961867979411036,0.11938599901646374,1.0337680711458574e-10
