subject_num,neg_llh,gamma_base,gamma_coef,beta,epsilon
266,46.994487925249615,9.999999997932465,2.77802743907366,0.12703766704769803,1.0337680711458574e-10
