subject_num,neg_llh,gamma_base,gamma_coef,beta,epsilon
239,73.102505398602,3.9593505859375,-0.021197753906250002,0.9999746093749999,0.6311458740234375
