subject_num,neg_llh,gamma_base,gamma_coef,beta,epsilon
241,54.76618589562534,1.058979947566986,-0.14711915597319605,0.1130349361151457,5.21540644005114e-9
