subject_num,neg_llh,gamma_base,gamma_coef,beta,epsilon
240,62.6930044772772,1.872596824616194,-0.1842017964720726,0.5743324778266251,0.27544181182980537
