subject_num,neg_llh,gamma_base,gamma_coef,beta,epsilon
276,59.45096090051825,8.909425471648719,0.17169501313885122,0.1259473371267304,0.32017031352269987
