subject_num,neg_llh,gamma_base,gamma_coef,beta,epsilon
205,59.972408111262,9.95354526665382,-1.654277093621262,0.06056146211305169,1.7171264410364984e-12
