subject_num,neg_llh,gamma_base,gamma_coef,beta,epsilon
284,40.54880029455485,-0.3770636759698391,-0.21029610422439876,0.23825552539527417,0.008319827367551602
