subject_num,neg_llh,gamma_base,gamma_coef,beta,epsilon
274,23.60854554113076,-1.8901650486513972,-0.5171128085497767,0.07408506313245744,0.09713363897800448
