subject_num,neg_llh,gamma_base,gamma_coef,beta,epsilon
270,60.78536501175043,-9.99999900341034,1.2794132223129273,0.999999950170517,0.1915200717449188
