subject_num,neg_llh,gamma_base,gamma_coef,beta,epsilon
269,43.918747311781175,6.050658626556396,-2.453946245670319,0.3479308378696442,0.01960014390945436
