subject_num,neg_llh,gamma_base,gamma_coef,beta,epsilon
24,68.53134674278438,6.926724577844143,-1.4717534294128418,0.11279557415843011,0.1370828751772642
