subject_num,neg_llh,gamma_base,gamma_coef,beta,epsilon
225,43.421848728978205,-8.90035142891109,0.6409043095037341,0.28627775311470033,1.4975666817740318e-9
