subject_num,neg_llh,gamma_base,gamma_coef,beta,epsilon
267,35.85014409683937,9.178263997362228,-1.595196003847872,0.9999999999837601,0.06896751459065126
