subject_num,neg_llh,gamma_base,gamma_coef,beta,epsilon
215,36.229126759976324,8.957486425214448,-2.6215965996352026,0.13334380043693816,1.0337680711458574e-10
