subject_num,neg_llh,gamma_base,gamma_coef,beta,epsilon
212,55.762444958262904,-9.999999895691872,-2.1608571477234366,0.34161891266703603,0.0786519900560379
