subject_num,neg_llh,gamma_base,gamma_coef,beta,epsilon
263,36.11649859188591,7.718716003494338,-2.4246281895716675,0.16847328232135622,0.025365942507283745
