subject_num,neg_llh,gamma_base,gamma_coef,beta,epsilon
293,48.187529378462074,9.289366360902786,2.9335994108319285,0.11046258512139323,5.21540644005114e-9
