subject_num,neg_llh,gamma_base,gamma_coef,beta,epsilon
214,60.393663752931495,9.522731999538955,2.9999999999896976,0.05062030501117987,0.10140029739419698
