subject_num,neg_llh,gamma_base,gamma_coef,beta,epsilon
228,79.61450743655669,-3.287927768230438,-2.9999999910146,0.9999976581223309,0.3644856196939945
