subject_num,neg_llh,gamma_base,gamma_coef,beta,epsilon
222,63.33810194265344,0.3588417906500399,2.9999999993797393,0.04517327048350128,1.0337680711458574e-10
