subject_num,neg_llh,gamma_base,gamma_coef,beta,epsilon
206,57.05684881489922,-3.5573242187500003,-2.8920771789550783,0.9924061584472657,0.06916935729980467
