subject_num,neg_llh,gamma_base,gamma_coef,beta,epsilon
281,36.67353641336544,9.999999970048666,2.117158931180835,0.16976832440122963,1.4975666817740318e-9
