subject_num,neg_llh,gamma_base,gamma_coef,beta,epsilon
209,44.61005372005128,2.0672924799614703,-0.37248140846987376,0.16736199369256793,1.7171264410364984e-12
