subject_num,neg_llh,gamma_base,gamma_coef,beta,epsilon
259,63.1554425929966,4.689936428070069,-2.625948144435883,0.0764333097189665,5.21540644005114e-9
