subject_num,neg_llh,gamma_base,gamma_coef,beta,epsilon
279,51.42800012043355,1.8361108472011984,-0.18925024220961498,0.1414663624368841,1.7171264410364984e-12
