subject_num,neg_llh,gamma_base,gamma_coef,beta,epsilon
223,50.49468298583128,-1.8988893127441406,2.999996131896973,0.11927988815307616,6.446838378693087e-7
