subject_num,neg_llh,gamma_base,gamma_coef,beta,epsilon
213,42.45143236213657,-0.10158387303352356,-0.7663042287826539,0.4907320501804352,2.008676530662612e-8
