subject_num,neg_llh,gamma_base,gamma_coef,beta,epsilon
28,60.355909469188084,9.999999598264695,-2.9180514943599705,0.11786568140983583,0.02504008698463439
