subject_num,neg_llh,gamma_base,gamma_coef,beta,epsilon
261,36.674523840161946,9.992805113680662,2.990763792475686,0.1695365742566064,2.3804605009392077e-8
