subject_num,neg_llh,gamma_base,gamma_coef,beta,epsilon
226,44.45021687351006,3.1773639738559725,-0.26063217875361444,0.31993189105391506,0.0792131905257702
