subject_num,neg_llh,gamma_base,gamma_coef,beta,epsilon
264,42.52661767915465,5.426664297972457,-0.7313021393006494,0.14764316870203764,1.7171264410364984e-12
