subject_num,neg_llh,gamma_base,gamma_coef,beta,epsilon
273,29.50083055112075,5.876359608471394,-1.805419922322035,0.18761364832520483,0.003751424461603148
