subject_num,neg_llh,gamma_base,gamma_coef,beta,epsilon
297,54.054985598364304,0.5254402053356171,-2.8101058175861837,0.15883303314447406,5.21540644005114e-9
