subject_num,neg_llh,gamma_base,gamma_coef,beta,epsilon
25,52.726402749405196,6.19108641460538,-0.846992935448885,0.11310377377644182,1.4975666817740318e-9
