subject_num,neg_llh,gamma_base,gamma_coef,beta,epsilon
260,46.69369566541638,-7.58151334380731,0.9791592347156257,0.17174521828535944,1.0337680711458574e-10
