subject_num,neg_llh,gamma_base,gamma_coef,beta,epsilon
262,48.757764081626874,-6.522104910565541,0.48859985459223393,0.07250991459330541,1.0337680711458574e-10
