subject_num,neg_llh,gamma_base,gamma_coef,beta,epsilon
245,39.998426527014374,-2.990719422847033,-2.058908115908504,0.29911694637313485,1.4975666817740318e-9
