subject_num,neg_llh,gamma_base,gamma_coef,beta,epsilon
26,21.746721053175456,7.791313399914652,-0.8269831987224171,0.24836940184289413,1.7171264410364984e-12
