subject_num,neg_llh,gamma_base,gamma_coef,beta,epsilon
283,56.64061088954149,-3.2162632846832278,2.9999998794794083,0.11462976294755933,2.008676530662612e-8
