subject_num,neg_llh,gamma_base,gamma_coef,beta,epsilon
208,35.29268915462503,-1.6278876477479935,-0.28279830628819763,0.6719794411547482,1.0337680711458574e-10
