subject_num,neg_llh,gamma_base,gamma_coef,beta,epsilon
290,42.73451346781849,0.5125259967314196,-0.24896436172604447,0.26884585364266245,1.7171264410364984e-12
