subject_num,neg_llh,gamma_base,gamma_coef,beta,epsilon
287,60.78431920874513,-9.691663516946138,1.089954908894375,0.1005745284501463,0.04510386910475789
