subject_num,neg_llh,gamma_base,gamma_coef,beta,epsilon
203,32.34371210848319,-1.1960962557792665,1.0938695236444473,0.2057456567287445,2.008676530662612e-8
