subject_num,neg_llh,gamma_base,gamma_coef,beta,epsilon
268,47.64574936740143,9.994461504220963,2.986484848022461,0.1143839988708496,2.008676530662612e-8
