subject_num,neg_llh,gamma_base,gamma_coef,beta,epsilon
207,66.67238705908133,7.6451490688323975,-0.8946250205039978,0.9997094233036041,0.3058265707492829
