subject_num,neg_llh,gamma_base,gamma_coef,beta,epsilon
29,41.97676275506372,9.385051423464903,-2.855295919091441,0.11320177184883506,7.070738356484974e-7
