subject_num,neg_llh,gamma_base,gamma_coef,beta,epsilon
227,57.73650284837465,6.551105998288841,-0.8473218666706235,0.08836079898569732,1.0337680711458574e-10
