subject_num,neg_llh,gamma_base,gamma_coef,beta,epsilon
257,44.77025579543322,-1.4878379639983177,-1.2185033188462258,0.47968797679245473,0.0003020573854446429
