subject_num,neg_llh,gamma_base,gamma_coef,beta,epsilon
237,60.75958286732594,-3.5977856171131135,-2.4467712314128875,0.6875654896497727,0.09598604595661164
