subject_num,neg_llh,gamma_base,gamma_coef,beta,epsilon
201,26.027869962665772,-1.0297465738654137,-0.209953353792429,0.9999999947845936,5.21540644005114e-9
