subject_num,neg_llh,gamma_base,gamma_coef,beta,epsilon
243,84.1100243294763,-1.479398021697998,-1.3791174745559693,0.9534133365154267,0.6605567820072173
