subject_num,neg_llh,gamma_base,gamma_coef,beta,epsilon
305,50.39252889025005,6.909974689832889,-1.092500793749001,0.09420823565078901,1.0337680711458574e-10
