subject_num,neg_llh,gamma_base,gamma_coef,beta,epsilon
30,50.77334687555848,-0.9492850866913796,-1.175044314617291,0.1183785694818944,1.0337680711458574e-10
