subject_num,neg_llh,gamma_base,gamma_coef,beta,epsilon
302,59.637997861901255,8.703566284179688,-0.8821166610717774,0.3337967414855957,0.4144018859863281
