subject_num,neg_llh,gamma_base,gamma_coef,beta,epsilon
34,67.0201263388129,-8.235563430786133,1.7310433044433595,0.6743979721069335,0.6490181541442871
