subject_num,neg_llh,gamma_base,gamma_coef,beta,epsilon
300,51.02108613557418,9.999999970048666,-2.2969245715588333,0.1210379021242261,1.4975666817740318e-9
