subject_num,neg_llh,gamma_base,gamma_coef,beta,epsilon
32,48.41977895492989,4.872209468781948,-0.9313627941906453,0.9999406431913376,0.15312090702354908
