subject_num,neg_llh,gamma_base,gamma_coef,beta,epsilon
306,58.88494015561657,9.246120003163815,2.990621643662453,0.5651334065645933,0.9754269777834416
