subject_num,neg_llh,gamma_base,gamma_coef,beta,epsilon
3,57.0544622308595,9.222926483154298,-2.999996131896973,0.07994145584106443,6.446838378693087e-7
