subject_num,neg_llh,gamma_base,gamma_coef,beta,epsilon
313,47.852612572311884,0.2466438663005829,-0.17134030546993018,0.17180267238616942,1.4975666817740318e-9
