subject_num,neg_llh,gamma_base,gamma_coef,beta,epsilon
310,44.80807389688893,2.40950261316184,-0.4835849143529922,0.5947478557702106,0.09021090025952433
