subject_num,neg_llh,gamma_base,gamma_coef,beta,epsilon
35,45.41941376761556,7.404438363518566,-1.126048979530111,0.22181907822657376,0.0509829406356439
