subject_num,neg_llh,gamma_base,gamma_coef,beta,epsilon
33,65.60300582192666,-4.068644366264343,2.9992701716423036,0.04176988983154295,2.008676530662612e-8
