subject_num,neg_llh,gamma_base,gamma_coef,beta,epsilon
303,66.46654487507456,4.444503094302782,-0.5714385363968032,0.09859462358057497,0.20547759692699763
