subject_num,neg_llh,gamma_base,gamma_coef,beta,epsilon
311,48.39441030569954,1.4769139099121094,-2.9979403152465824,0.10045203399658204,6.446838378693087e-7
