subject_num,neg_llh,gamma_base,gamma_coef,beta,epsilon
312,58.779445746614115,5.88424376161769,-1.539593212304637,0.06752016914449632,5.738124251364329e-6
