subject_num,neg_llh,gamma_base,gamma_coef,beta,epsilon
37,49.28440595714588,9.999999999675202,2.8516243236648156,0.15506080363900399,0.0587964416696341
