subject_num,neg_llh,gamma_base,gamma_coef,beta,epsilon
308,39.6168862303324,2.532838741715823,-0.3211517841619207,0.7104018301969772,0.09414551365429363
