subject_num,neg_llh,gamma_base,gamma_coef,beta,epsilon
304,42.03795035390766,0.12285990416468508,-0.17574461107173228,0.20144899230089025,1.5210055437364645e-14
