subject_num,neg_llh,gamma_base,gamma_coef,beta,epsilon
301,59.49159737965707,-0.35355331294587816,0.2380283318826696,0.5225953374329256,0.4647390150749707
