subject_num,neg_llh,gamma_base,gamma_coef,beta,epsilon
43,54.34443635303837,-0.22374093264341355,-1.0601193762123586,0.12331030896306039,5.21540644005114e-9
