subject_num,neg_llh,gamma_base,gamma_coef,beta,epsilon
42,48.07319609989047,-0.9940878748591786,-0.3533822789978076,0.4692136649916501,0.06147287151678754
