subject_num,neg_llh,gamma_base,gamma_coef,beta,epsilon
41,38.606515022397375,8.394359652101993,-2.561544289559126,0.12807560540735724,5.21540644005114e-9
