subject_num,neg_llh,gamma_base,gamma_coef,beta,epsilon
40,73.23338428540896,-9.999987106323243,1.206604476928711,0.9999993553161621,0.31297017669677735
