subject_num,neg_llh,gamma_base,gamma_coef,beta,epsilon
46,40.94572815352939,6.27893565826118,-0.6856498610135169,0.15368871130608025,1.0337680711458574e-10
