subject_num,neg_llh,gamma_base,gamma_coef,beta,epsilon
47,71.24190959596149,-2.2451795835606756,0.45701023862510926,0.8672260666657239,0.6837143718842417
