subject_num,neg_llh,gamma_base,gamma_coef,beta,epsilon
49,48.56161404220032,5.10229184627533,-1.0044519167393446,0.7445540314167738,0.10628998854383825
