subject_num,neg_llh,gamma_base,gamma_coef,beta,epsilon
4,48.512974464063,-9.999999999675202,-2.3674297447318677,0.10780364941654264,1.623995382615817e-11
