subject_num,neg_llh,gamma_base,gamma_coef,beta,epsilon
44,63.796444787940345,5.85928963072598,-1.2772277683094144,0.06233049709722399,1.4975666817740318e-9
