subject_num,neg_llh,gamma_base,gamma_coef,beta,epsilon
50,46.87182084524097,9.951269426941872,-1.6419008994698525,0.11686332207918165,5.21540644005114e-9
