subject_num,neg_llh,gamma_base,gamma_coef,beta,epsilon
51,39.76648210507962,-9.999999970048666,-1.9524016557857395,0.11545698972046375,1.4975666817740318e-9
