subject_num,neg_llh,gamma_base,gamma_coef,beta,epsilon
57,36.43276628010016,4.677418424234856,-0.5123687016896947,0.32778597188181813,0.07206878635736214
