subject_num,neg_llh,gamma_base,gamma_coef,beta,epsilon
58,67.72341247739104,6.482608835343272,-2.9999999993797393,0.060371853623539196,1.0337680711458574e-10
