subject_num,neg_llh,gamma_base,gamma_coef,beta,epsilon
53,65.16597060584007,-1.7174825286865234,2.9140058898925782,0.4645238380432129,0.825944019317627
