subject_num,neg_llh,gamma_base,gamma_coef,beta,epsilon
5,42.75893331076654,9.438549289703369,-0.9808244132995606,0.1560623502731323,1.6880035402788707e-7
