subject_num,neg_llh,gamma_base,gamma_coef,beta,epsilon
67,58.922223341523186,-9.665752572119237,-2.491868880003691,0.9999999947845936,0.05785348752141001
