subject_num,neg_llh,gamma_base,gamma_coef,beta,epsilon
64,41.31462072420585,-0.7488191896410777,0.08202395171658047,0.2169516712716214,4.753004156921037e-9
