subject_num,neg_llh,gamma_base,gamma_coef,beta,epsilon
68,42.886258172410244,9.734389804676175,-1.5918189327791334,0.15463471283391117,2.7065511792878638e-5
