subject_num,neg_llh,gamma_base,gamma_coef,beta,epsilon
60,54.20527836242084,0.2273817201331258,0.03490182357095182,0.14044864709209653,0.029917401939630495
