subject_num,neg_llh,gamma_base,gamma_coef,beta,epsilon
62,36.58547198892185,0.12230235278606415,-0.0737832060456276,0.26240534070134164,5.21540644005114e-9
