subject_num,neg_llh,gamma_base,gamma_coef,beta,epsilon
63,57.755027022408946,-9.999999970048666,1.687343559868634,0.1221858539171517,1.4975666817740318e-9
