subject_num,neg_llh,gamma_base,gamma_coef,beta,epsilon
65,46.121120456348166,3.5341307638026773,-0.37963725292123857,0.45119874729961157,0.1242826025886461
