subject_num,neg_llh,gamma_base,gamma_coef,beta,epsilon
77,57.25132969502424,0.3878384959697724,-0.8873374003171921,0.10568235039710999,2.008676530662612e-8
