subject_num,neg_llh,gamma_base,gamma_coef,beta,epsilon
79,24.142927454698768,-0.3127584402512048,-0.14059636524452845,0.5687328706159774,1.5210055437364645e-14
