subject_num,neg_llh,gamma_base,gamma_coef,beta,epsilon
73,38.63488085246438,0.07501927011704539,-0.165846643227007,0.3390455248897779,1.7171264410364984e-12
