subject_num,neg_llh,gamma_base,gamma_coef,beta,epsilon
70,64.25501708349975,-5.302027282714844,-1.3059917907714844,0.20880499267578123,0.33045603942871093
