subject_num,neg_llh,gamma_base,gamma_coef,beta,epsilon
78,34.81145305060319,6.801694425870374,-2.4144593230432947,0.20630279165360843,0.008725359317759307
