subject_num,neg_llh,gamma_base,gamma_coef,beta,epsilon
7,39.896335940437325,3.696309187561274,-0.384567919805646,0.14918120522052047,1.4975666817740318e-9
