subject_num,neg_llh,gamma_base,gamma_coef,beta,epsilon
74,46.71118845825795,-1.4435306835174562,-2.9010640517268333,0.9999999998966231,0.026513629520311943
