subject_num,neg_llh,gamma_base,gamma_coef,beta,epsilon
81,56.90585281770095,-4.036862487792969,2.9999847106933597,0.10956234741210935,2.54821777345704e-6
