subject_num,neg_llh,gamma_base,gamma_coef,beta,epsilon
83,50.27133736095574,1.5475344240665436,-0.3839867545366287,0.1280175253152847,2.008676530662612e-8
