subject_num,neg_llh,gamma_base,gamma_coef,beta,epsilon
85,47.10959357469082,0.4228963117301464,-0.15215449584648014,0.17426636626105757,1.0337680711458574e-10
