subject_num,neg_llh,gamma_base,gamma_coef,beta,epsilon
87,52.70620870556921,-0.5270943465828896,-2.9999999687075616,0.18841271618008615,5.21540644005114e-9
