subject_num,neg_llh,gamma_base,gamma_coef,beta,epsilon
8,48.889946334241436,-0.9798945142002776,-0.8799992079832591,0.7755455976619852,0.05918675201432777
