subject_num,neg_llh,gamma_base,gamma_coef,beta,epsilon
89,49.420316953014826,1.2745391047000885,-2.9999998794794083,0.1039360959529877,2.250790596014518e-6
