subject_num,neg_llh,gamma_base,gamma_coef,beta,epsilon
86,25.81923127017148,2.480914545673183,-0.39949836063327193,0.2776587207297036,0.013677632815385143
