subject_num,neg_llh,gamma_base,gamma_coef,beta,epsilon
80,45.77332307406968,0.1303254508972168,-2.413100452423096,0.1239335527420044,1.6880035402788707e-7
