subject_num,neg_llh,gamma_base,gamma_coef,beta,epsilon
82,50.791470046888314,-9.999999997932465,1.8042997325677426,0.18118552111275493,1.0337680711458574e-10
