subject_num,neg_llh,gamma_base,gamma_coef,beta,epsilon
84,78.41448581978389,8.120559652801603,-2.9999811757248827,0.04997540154098534,0.16212322997534645
