subject_num,neg_llh,gamma_base,gamma_coef,beta,epsilon
94,49.73037574784547,6.293296939398861,-1.9180979600694266,0.11441299375094238,1.623995382615817e-11
