subject_num,neg_llh,gamma_base,gamma_coef,beta,epsilon
97,36.10749912909887,1.4799953411185562,0.05678679648685102,0.1994706434764712,3.5560443478743764e-13
