subject_num,neg_llh,gamma_base,gamma_coef,beta,epsilon
9,52.45354985169996,6.394047039821745,-2.0795346534848216,0.12160639699548481,1.4975666817740318e-9
