subject_num,neg_llh,gamma_base,gamma_coef,beta,epsilon
92,37.37318982953968,-2.565329311607708,0.07598782340163235,0.30632531342618485,1.3653843905503393e-7
