subject_num,neg_llh,gamma_base,gamma_coef,beta,epsilon
98,48.70975531497989,-0.38988182067871097,-2.0199426498413087,0.26007096862792967,6.446838378693087e-7
