subject_num,neg_llh,gamma_base,gamma_coef,beta,epsilon
93,72.46362283468207,6.362887044399977,-1.7411326440274717,0.05662756891176107,0.3481031597405672
