subject_num,neg_llh,gamma_base,gamma_coef,beta,epsilon
90,49.12814998702537,1.2378610924041278,-0.25014650357177015,0.26220625321276747,0.05478019874156964
