subject_num,neg_llh,gamma_base,gamma_coef,beta,epsilon
91,33.11445751971431,-1.840334417539707,0.02986792454935494,0.5600907937472366,1.7171264410364984e-12
