subject_num,neg_llh,gamma_base,gamma_coef,beta,epsilon
99,41.55050186056104,9.999999997932465,-1.5080696809384972,0.9084542931718752,0.1479932741029188
