subject_num,neg_llh,gamma_base,gamma_coef,beta,epsilon
162,50.713639282118855,9.961015520691872,-2.3860061006248,0.9999999947845936,0.08974755552411079
