subject_num,neg_llh,gamma_base,gamma_coef,beta,epsilon
112,88.17223727768295,3.066361028254032,-1.7451744562983513,0.9921691907793284,0.20363819928467275
