subject_num,neg_llh,gamma_base,gamma_coef,beta,epsilon
113,46.733622113712414,-8.336357648605482,2.998309387319336,0.954839087394248,0.05742254490099369
