subject_num,neg_llh,gamma_base,gamma_coef,beta,epsilon
126,89.86897671790044,-0.6588289621355944,-2.9999999999896976,0.0584448737054627,0.2484333544879046
