subject_num,neg_llh,gamma_base,gamma_coef,beta,epsilon
188,21.136316625022282,3.365124397277832,0.5748091907501222,0.999999950170517,0.05468191742897033
