subject_num,neg_llh,gamma_base,gamma_coef,beta,epsilon
17,49.02840704411934,-9.464146560393274,2.9999999993797393,0.4488714883830398,0.1524748970530927
