subject_num,neg_llh,gamma_base,gamma_coef,beta,epsilon
190,26.701707337460345,9.26614383244887,2.9999999993797393,0.43280939049553124,0.041675480403937426
