subject_num,neg_llh,gamma_base,gamma_coef,beta,epsilon
165,42.62009751860538,-1.77500732421875,2.7331853942871094,0.9963807373046876,0.16122425842285154
