subject_num,neg_llh,gamma_base,gamma_coef,beta,epsilon
11,76.80877883299556,5.942515368908644,-2.376275993585587,0.09835913189500572,0.01915429127588869
