subject_num,neg_llh,gamma_base,gamma_coef,beta,epsilon
194,74.98168408982656,1.0786568373441696,-2.9082287684977057,0.43908617049455645,0.09142101838439703
