subject_num,neg_llh,gamma_base,gamma_coef,beta,epsilon
172,59.53222298227855,7.479689140319825,-2.630346021652222,0.5217577497959137,0.04372934007644652
