subject_num,neg_llh,gamma_base,gamma_coef,beta,epsilon
149,50.61233775355524,-3.9041225695423782,2.3688162690214813,0.6777969680316747,0.15447321080602705
