subject_num,neg_llh,gamma_base,gamma_coef,beta,epsilon
142,57.543748132856734,-0.24920069612679072,0.31130126046229273,0.1254313679204206,1.7171264410364984e-12
