subject_num,neg_llh,gamma_base,gamma_coef,beta,epsilon
168,72.34236936886042,2.201235749796033,-2.9811814835071564,0.9999683002009988,0.08803490663319824
