subject_num,neg_llh,gamma_base,gamma_coef,beta,epsilon
155,80.65965660680197,-2.426068091467023,-2.811410121269524,0.5796059843711555,0.15448553451523184
