subject_num,neg_llh,gamma_base,gamma_coef,beta,epsilon
1,92.94198283057513,4.085864944402129,-2.9999999993797393,0.999986166279763,0.34927919098269194
