subject_num,neg_llh,gamma_base,gamma_coef,beta,epsilon
144,56.985915088238905,-1.922346613481641,-2.1913222045451404,0.620575440403074,0.0157631697356701
