subject_num,neg_llh,gamma_base,gamma_coef,beta,epsilon
135,80.29404380377508,4.0373193359375,-1.388818359375,0.12343530273437497,0.11576025390625
