subject_num,neg_llh,gamma_base,gamma_coef,beta,epsilon
177,44.762836871498116,7.82485456943512,-0.8515763626098634,0.4417112925052643,0.14043576431274413
