subject_num,neg_llh,gamma_base,gamma_coef,beta,epsilon
154,43.92597797360161,-0.3701435121893883,2.922365764796734,0.9998250183761119,0.13079423108696936
