subject_num,neg_llh,gamma_base,gamma_coef,beta,epsilon
15,56.87880283138736,3.396968140602112,-2.6830753988027576,0.9999999799132346,0.06528974694013595
