subject_num,neg_llh,gamma_base,gamma_coef,beta,epsilon
146,61.103298319866816,0.2572624138789252,-2.9840918346955445,0.9999999998966231,0.013575868430547422
