subject_num,neg_llh,gamma_base,gamma_coef,beta,epsilon
159,79.29117580760573,8.565096236169339,-2.9999999687075616,0.9999999947845936,0.337622026771307
