subject_num,neg_llh,gamma_base,gamma_coef,beta,epsilon
170,36.92769702991395,9.46509156089276,-1.2786945815552027,0.9564285579705611,0.09498770839907228
