subject_num,neg_llh,gamma_base,gamma_coef,beta,epsilon
127,80.61752435323959,-8.469500315785409,-1.1542630637884141,0.14899580770730975,0.0678005751222372
