subject_num,neg_llh,gamma_base,gamma_coef,beta,epsilon
151,68.50298417241049,9.999999997932465,-2.780479531894438,0.7181194741767831,0.06299573201686143
