subject_num,neg_llh,gamma_base,gamma_coef,beta,epsilon
123,77.55622781825683,0.8123589831590653,-2.996611931115389,0.18051115424931047,0.07060447317361834
