subject_num,neg_llh,gamma_base,gamma_coef,beta,epsilon
197,62.076168276351936,-6.381801851391793,-0.230085098952055,0.9999999947845936,0.03046669788658618
