subject_num,neg_llh,gamma_base,gamma_coef,beta,epsilon
163,82.73298720905285,-5.091496429443359,0.19648182106018067,0.52497008228302,0.18129036140441895
