subject_num,neg_llh,gamma_base,gamma_coef,beta,epsilon
160,40.164502977515376,3.014636211395264,2.2318116874694827,0.999999831199646,0.13778414154052737
