subject_num,neg_llh,gamma_base,gamma_coef,beta,epsilon
157,55.47673321676664,2.0927862304542213,-0.39663614028494343,0.43188280178396965,0.12517452973528997
