subject_num,neg_llh,gamma_base,gamma_coef,beta,epsilon
134,81.64507862165652,-9.224700775686651,0.008883914636448026,0.7588250939454884,0.1429933708189055
