subject_num,neg_llh,gamma_base,gamma_coef,beta,epsilon
106,21.970202802623376,-1.9463973557949068,2.0694437970221045,0.919719387948513,5.21540644005114e-9
