subject_num,neg_llh,gamma_base,gamma_coef,beta,epsilon
193,67.87659072127084,-2.951695861816406,-1.2822356872558596,0.92858447265625,0.0719637451171875
