subject_num,neg_llh,gamma_base,gamma_coef,beta,epsilon
14,57.49207998403017,-2.115330638885498,-0.5146537113189698,0.5595864417552948,0.02419456100463868
