subject_num,neg_llh,gamma_base,gamma_coef,beta,epsilon
101,75.65126705377722,-9.999999997932465,2.4643903814870867,0.22897318416670898,0.2821743714429904
