subject_num,neg_llh,gamma_base,gamma_coef,beta,epsilon
16,63.673571030749635,7.966660718675703,-2.621286023620516,0.5098960263254121,0.027437925370410066
