subject_num,neg_llh,gamma_base,gamma_coef,beta,epsilon
125,74.47097983022744,0.02546095609664917,-2.807003131628037,0.3729251679033041,0.053675706416368485
