subject_num,neg_llh,gamma_base,gamma_coef,beta,epsilon
195,15.399426671950806,9.089833744238131,-1.2828968957550824,0.7139376913981978,1.0337680711458574e-10
