subject_num,neg_llh,gamma_base,gamma_coef,beta,epsilon
174,70.10991007976185,-9.983407569727861,-1.869737103898544,0.22897833151579833,1.0337680711458574e-10
