subject_num,neg_llh,gamma_base,gamma_coef,beta,epsilon
116,29.563498269517385,0.8603783035278321,-0.29889860916137695,0.5608064880371094,1.6880035402788707e-7
