subject_num,neg_llh,gamma_base,gamma_coef,beta,epsilon
171,67.66864202778223,5.161281647253782,-2.0882402121964843,0.9999999998966231,0.11604494515899572
