subject_num,neg_llh,gamma_base,gamma_coef,beta,epsilon
158,70.1396895125344,4.268128782298882,0.7879491729314905,0.07595489952730716,1.623995382615817e-11
