subject_num,neg_llh,gamma_base,gamma_coef,beta,epsilon
121,49.35308926255049,-4.627138239387423,2.815686628678814,0.4984805407496169,0.12615126690547912
