subject_num,neg_llh,gamma_base,gamma_coef,beta,epsilon
12,76.63593699280209,8.61109736442566,-1.3942348651885987,0.2548425557613373,0.3872125210762024
