subject_num,neg_llh,gamma_base,gamma_coef,beta,epsilon
139,30.98177312508882,1.9619064450077712,2.294212654720992,0.5887556320661679,0.07538130653928965
