subject_num,neg_llh,gamma_base,gamma_coef,beta,epsilon
111,61.344035764108206,-9.402244703364559,2.2108697353424507,0.4800330727165565,0.12251277518179265
