subject_num,neg_llh,gamma_base,gamma_coef,beta,epsilon
107,28.82719621455798,8.599772555101664,2.9999999993797393,0.2333393427496776,1.0337680711458574e-10
