subject_num,neg_llh,gamma_base,gamma_coef,beta,epsilon
156,39.90013024168865,-4.541346457526088,2.7206257175132635,0.23483695690333845,1.4975666817740318e-9
