subject_num,neg_llh,gamma_base,gamma_coef,beta,epsilon
147,62.485030022724295,-7.762794306874276,-2.9990165852308275,0.9999999947845936,0.0222620353549719
