subject_num,neg_llh,gamma_base,gamma_coef,beta,epsilon
128,70.12384134463571,-9.969549598693849,-2.988644883155823,0.4742400106191635,0.052970372736454
