subject_num,neg_llh,gamma_base,gamma_coef,beta,epsilon
148,21.53257840606021,9.45026792049408,-0.8448157238960267,0.5714729404449463,0.023639086008071908
