subject_num,neg_llh,gamma_base,gamma_coef,beta,epsilon
184,78.95067309578388,-3.751735151037574,-2.7418692343086004,0.6927891362458467,0.14046396598592403
