subject_num,neg_llh,gamma_base,gamma_coef,beta,epsilon
169,87.92770833519766,-4.7892128982394935,0.2556930156759918,0.2565796678052284,0.22333866760134696
