subject_num,neg_llh,gamma_base,gamma_coef,beta,epsilon
150,60.29746061764998,2.384233471825719,-1.925307839356363,0.5026287357509136,0.022645632762461898
