subject_num,neg_llh,gamma_base,gamma_coef,beta,epsilon
13,71.06496721959624,-5.639557012617589,-0.037075189948081975,0.301899193584919,0.024447753325104737
