subject_num,neg_llh,gamma_base,gamma_coef,beta,epsilon
167,56.83838858075093,1.1047261063754559,0.7167471913173795,0.5435302594155074,0.2418454807214439
