subject_num,neg_llh,gamma_base,gamma_coef,beta,epsilon
152,44.05836101639044,2.8000111986696723,1.6210075501967223,0.5118741215365008,0.147553906776011
