subject_num,neg_llh,gamma_base,gamma_coef,beta,epsilon
143,29.674489548783438,9.9994921875,2.9302239990234376,0.39641729736328124,0.049121337890625005
