subject_num,neg_llh,gamma_base,gamma_coef,beta,epsilon
181,66.52074434281812,4.62135765008429,-1.6022211761491707,0.7227984166866168,0.10687480778774439
