subject_num,neg_llh,gamma_base,gamma_coef,beta,epsilon
19,63.63549939864481,-1.7249014034867287,-2.9904804261680695,0.2699002541536465,1.0337680711458574e-10
