subject_num,neg_llh,gamma_base,gamma_coef,beta,epsilon
18,46.20622234874401,4.591247711181641,-0.3455485153198242,0.4424333267211914,0.1567395324707031
