subject_num,neg_llh,gamma_base,gamma_coef,beta,epsilon
145,38.11620534488377,-7.015876441001892,1.3368416663110256,0.37582355113327504,5.21540644005114e-9
