subject_num,neg_llh,gamma_base,gamma_coef,beta,epsilon
136,56.81952824834779,-2.0475449751922863,-0.20419858126156035,0.6256920255306176,0.03472738588787616
