subject_num,neg_llh,gamma_base,gamma_coef,beta,epsilon
189,34.07980330702614,3.3161403718590736,1.339507937371731,0.998864573970437,0.1058044888675213
