subject_num,neg_llh,gamma_base,gamma_coef,beta,epsilon
108,17.002313086321443,2.687655926048756,2.999450412511826,0.36760073067247867,5.21540644005114e-9
