subject_num,neg_llh,gamma_base,gamma_coef,beta,epsilon
138,77.47003972335015,-9.451335516758263,-2.674063664836809,0.3483057745695114,0.09744389502611012
