subject_num,neg_llh,gamma_base,gamma_coef,beta,epsilon
118,84.8510851110997,-4.324447205066681,-1.6705784710049632,0.2826722070276737,0.09668655388057235
