subject_num,neg_llh,gamma_base,gamma_coef,beta,epsilon
109,51.22429137399926,-6.453291150331498,1.2375662891864778,0.20259370195865634,0.03199381542205809
