subject_num,neg_llh,gamma_base,gamma_coef,beta,epsilon
164,42.01071618600335,8.137157864570618,1.9386297922432425,0.5153107852190733,0.13030472543835642
