subject_num,neg_llh,gamma_base,gamma_coef,beta,epsilon
115,43.36897824303155,1.070254370868206,0.777881113216281,0.6500129565009847,0.12175582533888518
