subject_num,neg_llh,gamma_base,gamma_coef,beta,epsilon
124,91.27462477860831,6.902718486785889,-2.977016670227051,0.44100948333740236,0.16439649772644044
