subject_num,neg_llh,gamma_base,gamma_coef,beta,epsilon
176,61.673360119888414,9.999999999675202,-1.7068365888203263,0.5362345186534804,0.14524734867480582
