subject_num,neg_llh,gamma_base,gamma_coef,beta,epsilon
133,55.00354610021294,-9.676431397497655,0.5687627787888051,0.43185416918992997,5.21540644005114e-9
