subject_num,neg_llh,gamma_base,gamma_coef,beta,epsilon
122,44.759802653243035,-2.996524736620486,2.517752872816287,0.5867766455030069,0.10413504905835724
