subject_num,neg_llh,gamma_base,gamma_coef,beta,epsilon
186,87.70034999505256,-0.8975429354049266,-0.010996195977553726,0.1163387827621773,0.3003606580989435
