subject_num,neg_llh,gamma_base,gamma_coef,beta,epsilon
192,39.267772764660975,9.938419680595398,-1.6208758020401002,0.45726030945777896,0.10211845898628236
