subject_num,neg_llh,gamma_base,gamma_coef,beta,epsilon
199,52.82744776608289,-3.242096619606018,-1.9510321040153504,0.4622330539226532,4.982948303977608e-8
