subject_num,neg_llh,gamma_base,gamma_coef,beta,epsilon
102,79.8639069864844,-1.4094098030132591,-2.351896201355645,0.99945997203757,0.11140577063978707
