subject_num,neg_llh,gamma_base,gamma_coef,beta,epsilon
173,77.87357295356526,-6.024477785155177,-2.990018862873316,0.7441281826198101,0.1039297849200666
