subject_num,neg_llh,gamma_base,gamma_coef,beta,epsilon
105,59.530368716679675,7.265712147057057,-2.5827180410921575,0.8227755945175886,0.04451773773133755
