subject_num,neg_llh,gamma_base,gamma_coef,beta,epsilon
153,39.858081686612834,-0.17909468974452467,0.8039621260173445,0.24600304259480615,0.04368036091471733
