subject_num,neg_llh,gamma_base,gamma_coef,beta,epsilon
196,42.64684653241385,-9.999987106323243,2.3588097610473633,0.6487250099182129,0.06505010986328125
