subject_num,neg_llh,gamma_base,gamma_coef,beta,epsilon
130,54.919584039484455,-1.8403300654888153,-2.9998756738901142,0.4724918228983879,2.008676530662612e-8
