subject_num,neg_llh,gamma_base,gamma_coef,beta,epsilon
140,54.24259902508489,6.2296331998705865,-2.2221853527724744,0.6531522580683231,0.012830277517437927
