subject_num,neg_llh,gamma_base,gamma_coef,beta,epsilon
178,39.881751733003476,3.8527989354729653,-0.10758448120951654,0.9858866662532091,0.14463103413581846
