subject_num,neg_llh,gamma_base,gamma_coef,beta,epsilon
103,35.29702660432819,8.905310023277998,-1.0727565030232074,0.8242094388902188,0.08350057726353405
