subject_num,neg_llh,gamma_base,gamma_coef,beta,epsilon
161,51.037421450062396,8.765505819190293,0.9753071661125869,0.4470447705928236,0.21760340954642743
