subject_num,neg_llh,gamma_base,gamma_coef,beta,epsilon
114,40.75814233435699,2.6603248965740205,2.9893592437505725,0.30873677670955657,0.0930572805404663
