subject_num,neg_llh,gamma_base,gamma_coef,beta,epsilon
166,46.38854414843261,-1.117542624529451,2.8373464533649386,0.15967803583852946,1.0337680711458574e-10
