subject_num,neg_llh,gamma_base,gamma_coef,beta,epsilon
183,40.03434273833955,-9.24242759346962,2.1011802434921267,0.5381859912276268,0.031106798350810982
