subject_num,neg_llh,gamma_base,gamma_coef,beta,epsilon
120,83.98303990235014,4.739062474966049,-2.869940031051636,0.5114325355887414,0.18062112051248552
