subject_num,neg_llh,gamma_base,gamma_coef,beta,epsilon
10,83.87069674473466,-9.999999895691872,-2.9999999687075616,0.9999999947845936,0.9999999947845936
