subject_num,neg_llh,gamma_base,gamma_coef,beta,epsilon
179,62.941441045130624,-9.933873654901982,0.377372360765934,0.5032603372335434,0.03112220507860186
