subject_num,neg_llh,gamma_base,gamma_coef,beta,epsilon
104,88.46149883949427,6.950414710617625,-2.999804317160044,0.1041017239696812,0.18746165931969883
