subject_num,neg_llh,gamma_base,gamma_coef,beta,epsilon
175,90.04834908176137,-4.551957160462625,-2.9999999993797393,0.05284036092716271,0.0001709083819296242
