subject_num,neg_llh,gamma_base,gamma_coef,beta,epsilon
137,21.248151501271444,9.57847925901413,-0.24611533820629122,0.9999999799132346,0.04759277039766313
