subject_num,neg_llh,gamma_base,gamma_coef,beta,epsilon
182,80.86550188159868,6.047112309373915,-2.549088622139767,0.4697033873423934,0.13238366101030258
