subject_num,neg_llh,gamma_base,gamma_coef,beta,epsilon
132,78.72073951287167,-8.220459632575512,0.5063977872133255,0.29505105179548263,0.10478789764642715
