subject_num,neg_llh,gamma_base,gamma_coef,beta,epsilon
100,63.3103049851697,-8.97535880804062,2.580337567806244,0.5443627209067344,0.040377097845077536
