subject_num,neg_llh,gamma_base,gamma_coef,beta,epsilon
117,72.47339173970654,5.358382287427958,0.2951823327370221,0.11932690571866988,0.23083088308562583
