subject_num,neg_llh,gamma_base,gamma_coef,beta,epsilon
131,60.41992296433679,-2.869762407541275,-2.9999998794794083,0.9999999799132346,0.025885196566581725
