subject_num,neg_llh,gamma_base,gamma_coef,beta,epsilon
191,77.54782603419898,-3.077466661632061,-2.819761329889298,0.45488723467290404,0.11764058852195741
