subject_num,neg_llh,gamma_base,gamma_coef,beta,epsilon
141,67.51701202460245,-3.4433762979507447,-2.766346323609352,0.7119828332662582,0.044076378107070935
