subject_num,neg_llh,gamma_base,gamma_coef,beta,epsilon
187,41.933235742158736,-3.16045797026949,1.556606461120413,0.42141923692169075,0.031140746264776697
