subject_num,neg_llh,gamma_base,gamma_coef,beta,epsilon
129,49.919423511437834,2.440878663659096,0.39220970883965495,0.27667392621934417,0.13544949434697628
