subject_num,neg_llh,gamma_base,gamma_coef,beta,epsilon
119,67.69352597092183,-5.033981151580811,-2.860811634063721,0.29764684748649595,0.03618599200248718
