subject_num,neg_llh,gamma_base,gamma_coef,beta,epsilon
198,66.80017968539863,1.6345953741669657,-2.833786754747853,0.5980423091091216,0.047581015517935143
