subject_num,neg_llh,gamma_base,gamma_coef,beta,epsilon
185,21.171476193667715,3.399085952229798,2.7043325842358175,0.5552134847538546,0.01807826759852471
