subject_num,neg_llh,gamma_base,gamma_coef,beta,epsilon
180,35.43637808199266,9.99234560582845,0.05819619143509772,0.19779796161349805,1.7171264410364984e-12
