subject_num,neg_llh,gamma_base,gamma_coef,beta,epsilon
110,36.29131597730365,2.033909437861294,2.9754140907693656,0.2735335790095851,0.05823793910257519
