subject_num,neg_llh,gamma_base,gamma_coef,beta,epsilon
236,93.47319982730005,-9.999994876608254,-2.7516569827347994,0.21080342818796632,0.35267379009723665
