subject_num,neg_llh,gamma_base,gamma_coef,beta,epsilon
24,72.17086232268147,0.28101659573614596,-1.0524470934569836,0.9999999985024333,0.18828089645504953
