subject_num,neg_llh,gamma_base,gamma_coef,beta,epsilon
27,43.90857475252584,1.3391575384140015,1.7805556497573853,0.7144001429080963,0.1731622714996338
