subject_num,neg_llh,gamma_base,gamma_coef,beta,epsilon
270,74.87554501289404,-9.445271961838007,-2.9999804249536246,0.15668942342698572,0.08644932560343294
