subject_num,neg_llh,gamma_base,gamma_coef,beta,epsilon
201,93.45326213379562,9.52777982234955,-2.9889239888191224,0.16950820016860962,0.3403728563785553
