subject_num,neg_llh,gamma_base,gamma_coef,beta,epsilon
283,34.59418557673774,8.560206384658814,2.992056253910065,0.9999262179732322,0.12722443574666975
