subject_num,neg_llh,gamma_base,gamma_coef,beta,epsilon
288,35.648311248759704,-5.193937980215996,0.6842142776213587,0.9995174103593454,1.0337680711458574e-10
