subject_num,neg_llh,gamma_base,gamma_coef,beta,epsilon
205,87.45193762575086,-3.6087348037958145,-2.999816783308983,0.9240298215746879,0.22223438741266727
