subject_num,neg_llh,gamma_base,gamma_coef,beta,epsilon
285,65.83473303104259,3.4066980862928906,-0.9264067350455081,0.6040493399948246,0.1817042991070339
