subject_num,neg_llh,gamma_base,gamma_coef,beta,epsilon
202,60.81271961946286,9.922030848264695,-2.368334331035614,0.1658042800426483,0.08700677895545961
