subject_num,neg_llh,gamma_base,gamma_coef,beta,epsilon
289,75.08745310408474,-3.974079839680344,0.16006238832883538,0.9999999998966231,0.12760608082357794
