subject_num,neg_llh,gamma_base,gamma_coef,beta,epsilon
242,73.00871724497833,0.3650793532491662,-1.507479285086738,0.27630992855122893,0.08253662451695709
