subject_num,neg_llh,gamma_base,gamma_coef,beta,epsilon
293,82.17730013572886,6.545132024716586,-2.988991559626535,0.1443545481553301,0.13592304999846966
