subject_num,neg_llh,gamma_base,gamma_coef,beta,epsilon
217,37.06485934919591,9.821825847625734,0.012085774898529054,0.30618134188652035,0.05964907026290894
