subject_num,neg_llh,gamma_base,gamma_coef,beta,epsilon
247,40.96253247590557,3.109926450997591,2.4516068703141065,0.9999999998966231,0.1386320952698588
