subject_num,neg_llh,gamma_base,gamma_coef,beta,epsilon
248,50.53308568208823,6.608760565343182,0.9704521224298442,0.12957096887742953,1.7171264410364984e-12
