subject_num,neg_llh,gamma_base,gamma_coef,beta,epsilon
273,38.287381571376116,7.07923556804657,2.5997282285392287,0.5948572897315025,0.12969393642246724
