subject_num,neg_llh,gamma_base,gamma_coef,beta,epsilon
250,40.41822694512704,8.599342682207935,-1.6526655874270948,0.28915882410784255,0.04270644746557811
