subject_num,neg_llh,gamma_base,gamma_coef,beta,epsilon
267,33.408710465345905,0.07250501275062561,0.728990576595068,0.9999999947845936,0.08178247801959515
