subject_num,neg_llh,gamma_base,gamma_coef,beta,epsilon
286,81.73898219748817,-8.672529758214951,0.6710025828480721,0.6136132631748915,0.1908328142017126
