subject_num,neg_llh,gamma_base,gamma_coef,beta,epsilon
228,89.8881058001,-7.367805661559105,-2.6544237926602365,0.27576190295815467,0.10385105408728124
