subject_num,neg_llh,gamma_base,gamma_coef,beta,epsilon
263,64.70172953395586,-2.2644439697265626,-2.221606842041016,0.7600836486816407,0.04063157653808591
