subject_num,neg_llh,gamma_base,gamma_coef,beta,epsilon
219,76.71666092073079,-2.926689188554883,-2.495909819511697,0.2796840746821836,0.08056089115794746
