subject_num,neg_llh,gamma_base,gamma_coef,beta,epsilon
295,81.41163150678136,0.4624904868006706,-2.064940585970879,0.06299006974697113,0.015595866948366177
