subject_num,neg_llh,gamma_base,gamma_coef,beta,epsilon
291,24.36593419544065,2.803188390135765,2.4698495132625107,0.6371385855078697,0.04298299862444399
