subject_num,neg_llh,gamma_base,gamma_coef,beta,epsilon
240,71.45271734222418,5.45281572341919,-2.2694359874725345,0.9559430141448975,0.132429500579834
