subject_num,neg_llh,gamma_base,gamma_coef,beta,epsilon
210,42.893934114665065,-2.442161334627308,2.961327290883288,0.6930020627356135,0.1365520374912303
