subject_num,neg_llh,gamma_base,gamma_coef,beta,epsilon
260,88.02541736670682,-9.45241177558899,-2.9994393482208253,0.2371885871887207,0.8403956489562988
