subject_num,neg_llh,gamma_base,gamma_coef,beta,epsilon
25,26.127433929497588,-1.7779367693024688,1.6767026346711211,0.41854167254123603,0.021346895905095142
