subject_num,neg_llh,gamma_base,gamma_coef,beta,epsilon
232,78.62980210453446,7.394051277022809,-2.8794440451040866,0.6617951930230483,0.17787772658467293
