subject_num,neg_llh,gamma_base,gamma_coef,beta,epsilon
223,19.991355374755077,-9.999997692871839,2.4485735425148163,0.4250416108444333,1.0337680711458574e-10
