subject_num,neg_llh,gamma_base,gamma_coef,beta,epsilon
296,70.64982405599301,-1.7509894847869873,-0.5141304774284363,0.41943863677978516,0.06129550814628604
