subject_num,neg_llh,gamma_base,gamma_coef,beta,epsilon
206,27.99424210031247,3.883263955116272,0.8267370293140412,0.9995725770592689,0.06848664295673368
