subject_num,neg_llh,gamma_base,gamma_coef,beta,epsilon
272,45.15160508316121,-6.6433496448397635,1.8422722649574281,0.2836370756626129,0.026411664977669724
