subject_num,neg_llh,gamma_base,gamma_coef,beta,epsilon
299,83.18864279500588,-1.5218583165854216,-0.8282916625812651,0.15530359123647214,0.12166085777059199
