subject_num,neg_llh,gamma_base,gamma_coef,beta,epsilon
215,29.442998736895735,-1.2326487174630165,1.7964511879608036,0.558699513912201,0.039024636983871486
