subject_num,neg_llh,gamma_base,gamma_coef,beta,epsilon
268,55.10797226359256,3.146397640705109,-1.6330845333337785,0.32417294979095457,2.008676530662612e-8
