subject_num,neg_llh,gamma_base,gamma_coef,beta,epsilon
22,30.060511611878397,3.357698644474149,0.3873414096459747,0.9999999985024333,0.0768162881061435
