subject_num,neg_llh,gamma_base,gamma_coef,beta,epsilon
297,20.191981246785666,-8.374580428786576,2.9999713487774136,0.5586279594395309,6.590904668146713e-7
