subject_num,neg_llh,gamma_base,gamma_coef,beta,epsilon
258,78.68911505621833,-5.717608001232147,0.3243471922874451,0.6289310528039932,0.18103145104646684
