subject_num,neg_llh,gamma_base,gamma_coef,beta,epsilon
229,74.83361786618423,0.5876560223102569,-2.7616361478567124,0.9999999799132346,0.05930054509639743
