subject_num,neg_llh,gamma_base,gamma_coef,beta,epsilon
208,82.84428890743855,-9.999999970048666,-2.9999999910146,0.2461249800622463,0.10996874818950891
