subject_num,neg_llh,gamma_base,gamma_coef,beta,epsilon
239,84.74073126654044,-9.999999895691872,-1.3418116744458677,0.5787300669103861,0.17365580728650093
