subject_num,neg_llh,gamma_base,gamma_coef,beta,epsilon
278,53.09840427470524,-4.473442754745483,2.355480837106705,0.13134136325120926,2.008676530662612e-8
