subject_num,neg_llh,gamma_base,gamma_coef,beta,epsilon
200,65.39770143675796,-9.99340087890625,-2.6902873535156253,0.6155216674804688,0.03176110839843749
