subject_num,neg_llh,gamma_base,gamma_coef,beta,epsilon
249,39.312241718197434,0.8111129119992256,-0.9508107393980026,0.754818287923932,0.01429673478007315
