subject_num,neg_llh,gamma_base,gamma_coef,beta,epsilon
259,80.57449858498862,-4.439902036013081,2.9352954400498423,0.06564445533882829,0.15776182174589487
