subject_num,neg_llh,gamma_base,gamma_coef,beta,epsilon
279,12.117590297099675,2.7882774734497073,1.9884743785858157,0.999999950170517,0.014395525217056282
