subject_num,neg_llh,gamma_base,gamma_coef,beta,epsilon
284,46.01481386658591,-3.932613444179297,2.721320521109272,0.9652977981774602,0.12086951221735215
