subject_num,neg_llh,gamma_base,gamma_coef,beta,epsilon
290,51.44206973204112,-4.5248380966484545,2.9999999910146,0.5397343506403267,0.15238142870366572
