subject_num,neg_llh,gamma_base,gamma_coef,beta,epsilon
266,23.393214516308323,3.727033786773682,0.549973783493042,0.512317173242569,0.03273988175392151
