subject_num,neg_llh,gamma_base,gamma_coef,beta,epsilon
227,76.3054511143471,-1.8603488175990062,-2.2832895170822742,0.7754266758200247,0.0775334482342005
