subject_num,neg_llh,gamma_base,gamma_coef,beta,epsilon
213,90.36250363973676,3.2012864878773692,2.617101173043251,0.4202738271653652,0.7780866034328937
