subject_num,neg_llh,gamma_base,gamma_coef,beta,epsilon
238,39.83648877953383,1.3275776823807974,1.6309877670606368,0.34164178650162647,0.11741623725596584
