subject_num,neg_llh,gamma_base,gamma_coef,beta,epsilon
224,51.25159528913241,-9.557793868035079,1.9268397975191476,0.9976175287365914,0.10780640241876244
