subject_num,neg_llh,gamma_base,gamma_coef,beta,epsilon
204,65.0066946840771,5.788466010987759,-1.868828568203375,0.4296289157122374,0.045950641955249005
