subject_num,neg_llh,gamma_base,gamma_coef,beta,epsilon
298,62.209445670075155,-2.579345588684082,-0.5155120861530305,0.9721123749613763,0.028853876709938053
