subject_num,neg_llh,gamma_base,gamma_coef,beta,epsilon
257,83.4588982943048,1.695170582830906,-2.9999999687075616,0.9984073614776134,0.15711829854547976
