subject_num,neg_llh,gamma_base,gamma_coef,beta,epsilon
245,68.61196688789052,-2.421118682560482,0.07689293939406344,0.30285824483181933,0.05339216857801149
