subject_num,neg_llh,gamma_base,gamma_coef,beta,epsilon
294,86.22741255934822,-2.337331027686596,-1.3016796618103983,0.999889009833336,0.21303039187192918
