subject_num,neg_llh,gamma_base,gamma_coef,beta,epsilon
252,75.2459014760818,-2.988997462394182,-2.0718179377232446,0.22870103885122806,0.09524963465117614
