subject_num,neg_llh,gamma_base,gamma_coef,beta,epsilon
243,76.22450844674218,-8.930934601500631,-2.169141346000135,0.2982071649692952,0.11219084893912079
