subject_num,neg_llh,gamma_base,gamma_coef,beta,epsilon
265,54.142073542588044,5.53748588880524,-2.6890403984393925,0.9999999998966231,0.09424330208264292
