subject_num,neg_llh,gamma_base,gamma_coef,beta,epsilon
231,66.93768180139574,7.83775339126587,-2.9909334068298343,0.2314946413040161,0.049253157615661625
