subject_num,neg_llh,gamma_base,gamma_coef,beta,epsilon
274,56.297487975436184,-9.263614521026613,0.09323414039611817,0.5847624626159668,1.6880035402788707e-7
