subject_num,neg_llh,gamma_base,gamma_coef,beta,epsilon
246,67.74638344296596,1.1024097045965027,0.3613361026196508,0.16958449247613316,0.22266444184153805
