subject_num,neg_llh,gamma_base,gamma_coef,beta,epsilon
214,43.03432295981911,9.905992496684194,1.8786041509285571,0.447960484739393,0.11393762945756314
