subject_num,neg_llh,gamma_base,gamma_coef,beta,epsilon
216,11.325180345960892,4.256106767654419,1.0982549089193345,0.5993027255535126,2.008676530662612e-8
