subject_num,neg_llh,gamma_base,gamma_coef,beta,epsilon
220,45.12724111900474,8.89000047981739,-0.8830114856064321,0.9996448667347431,0.12001222822070123
