subject_num,neg_llh,gamma_base,gamma_coef,beta,epsilon
253,40.59568299619117,-5.306260430130406,1.370621699023128,0.8514546685682435,3.5560443478743764e-13
