subject_num,neg_llh,gamma_base,gamma_coef,beta,epsilon
26,62.217751851230915,9.999999999675202,2.9999999999025606,0.18723706552275687,0.22824141722731295
