subject_num,neg_llh,gamma_base,gamma_coef,beta,epsilon
280,78.22238050966968,-2.7853065942041577,-2.937704017415643,0.9999999998966231,0.11879938525334
