subject_num,neg_llh,gamma_base,gamma_coef,beta,epsilon
276,84.77297667892205,-9.05925691753626,0.24003080351650716,0.05960753455758094,1.4975666817740318e-9
