subject_num,neg_llh,gamma_base,gamma_coef,beta,epsilon
207,55.4218760228524,-5.755005128215998,-2.418992254301906,0.12505459620524195,0.023422436798922697
