subject_num,neg_llh,gamma_base,gamma_coef,beta,epsilon
262,61.593401284483384,1.068177883028984,-1.8995974719822408,0.4784569777548313,5.21540644005114e-9
