subject_num,neg_llh,gamma_base,gamma_coef,beta,epsilon
277,33.97358486071633,-0.31965316683053974,-0.050217470794916154,0.817960233643651,0.016371319085359548
