subject_num,neg_llh,gamma_base,gamma_coef,beta,epsilon
235,58.4861839814876,-2.72646958006364,-0.1522222028379256,0.9999999999982829,0.04253445079489393
