subject_num,neg_llh,gamma_base,gamma_coef,beta,epsilon
29,67.12334995658134,-9.999999895691872,-2.9999999687075616,0.1587060243040323,5.21540644005114e-9
