subject_num,neg_llh,gamma_base,gamma_coef,beta,epsilon
237,26.53804547219381,-4.520802158564329,2.9003915698081255,0.9797010509371757,2.4501606821214494e-7
