subject_num,neg_llh,gamma_base,gamma_coef,beta,epsilon
28,49.20514661930448,9.300135715678335,-1.1417313265800477,0.6537437291890382,0.16995432978123426
