subject_num,neg_llh,gamma_base,gamma_coef,beta,epsilon
254,86.03829681278327,-9.318735347455368,1.3481865819445813,0.12209076203359293,0.14502448567748072
