subject_num,neg_llh,gamma_base,gamma_coef,beta,epsilon
233,61.76065899047665,-1.5385745047032833,-2.5262420630156996,0.474912123542279,9.978786110753646e-7
