subject_num,neg_llh,gamma_base,gamma_coef,beta,epsilon
269,46.29007364546867,9.999999970048666,-1.8626631844416262,0.3163697897829115,0.036101405572146195
