subject_num,neg_llh,gamma_base,gamma_coef,beta,epsilon
23,46.38286712104609,9.677338104248047,-0.40286868095397954,0.3330924339294433,0.1711588020324707
