subject_num,neg_llh,gamma_base,gamma_coef,beta,epsilon
287,74.69212431572868,-0.9006621611025185,-2.8381000785296786,0.9375767883743975,0.09097435075970134
