subject_num,neg_llh,gamma_base,gamma_coef,beta,epsilon
271,58.32505100863288,6.854199249423109,-2.5868571824566464,0.617007356779417,0.07790816290932706
