subject_num,neg_llh,gamma_base,gamma_coef,beta,epsilon
241,33.67847555780911,9.29531041515991,2.5547016613259914,0.22757199323177335,1.0337680711458574e-10
