subject_num,neg_llh,gamma_base,gamma_coef,beta,epsilon
264,48.816239761611605,9.133658588542604,-1.0555665452457035,0.7838811808985192,0.16658669034903867
