subject_num,neg_llh,gamma_base,gamma_coef,beta,epsilon
218,55.04382725784584,1.9462392174825074,2.482047598522157,0.9999987055074889,0.24974877272569573
