subject_num,neg_llh,gamma_base,gamma_coef,beta,epsilon
256,61.65223136347749,7.011911113407696,-0.5807337616682053,0.2848636601722101,0.2054469890127657
