subject_num,neg_llh,gamma_base,gamma_coef,beta,epsilon
234,47.45551483880357,-9.999999997932465,2.2455711545725356,0.3575621104387101,0.08568469447130339
