subject_num,neg_llh,gamma_base,gamma_coef,beta,epsilon
251,36.68980445295116,5.621413499359042,-0.3416430380903185,0.42651092759054154,0.10645240144245327
