subject_num,neg_llh,gamma_base,gamma_coef,beta,epsilon
281,37.36152613562895,2.7105878449138254,1.0394111718717032,0.6651806155797094,0.10561033549322746
