subject_num,neg_llh,gamma_base,gamma_coef,beta,epsilon
230,65.99094074327931,9.42249669879675,-0.08685597816109658,0.22663451020419595,0.25256387692689897
