subject_num,neg_llh,gamma_base,gamma_coef,beta,epsilon
282,24.915011649529337,-6.0131710454035785,1.8237450845383283,0.4658672474569248,0.05288641047113196
