subject_num,neg_llh,gamma_base,gamma_coef,beta,epsilon
221,85.16634366327746,9.999949035644532,-2.7752154235839845,0.018223175048828144,0.37984132385253905
