subject_num,neg_llh,gamma_base,gamma_coef,beta,epsilon
244,70.12449412532021,-6.721360406428576,2.321960876002908,0.28994538154825567,0.1421360104903579
