subject_num,neg_llh,gamma_base,gamma_coef,beta,epsilon
21,33.504538041775895,2.1765957298874854,0.4725524333417416,0.462804552808404,0.08152319587767126
