subject_num,neg_llh,gamma_base,gamma_coef,beta,epsilon
2,44.12350533837193,6.91771357536316,-0.5527876825332642,0.3013212628364563,0.11880626511573794
