subject_num,neg_llh,gamma_base,gamma_coef,beta,epsilon
225,55.11159588223884,-8.276064089536668,0.7270331339836121,0.5490624272227287,2.008676530662612e-8
