subject_num,neg_llh,gamma_base,gamma_coef,beta,epsilon
203,69.21400832088884,0.21907737674191596,-1.1395880886465313,0.5445681859245524,0.08231569942180067
