subject_num,neg_llh,gamma_base,gamma_coef,beta,epsilon
255,80.53701637464259,-0.6080099802228506,1.540723307821696,0.12962669579661817,0.33890549275089143
