subject_num,neg_llh,gamma_base,gamma_coef,beta,epsilon
209,12.373030912721696,1.3900145835988225,2.999860901053995,0.6162059628348797,1.0337680711458574e-10
