subject_num,neg_llh,gamma_base,gamma_coef,beta,epsilon
211,56.19122229942866,5.930759870654147,-2.121486575209885,0.3391811736121308,1.7171264410364984e-12
