subject_num,neg_llh,gamma_base,gamma_coef,beta,epsilon
226,82.23579871348313,-1.1906778761744499,0.30240786319971086,0.9898809942752123,0.9585375829488039
