subject_num,neg_llh,gamma_base,gamma_coef,beta,epsilon
275,61.918289524075355,-8.931279765740037,1.6163057681643405,0.30554306258284486,0.08336884850938803
