subject_num,neg_llh,gamma_base,gamma_coef,beta,epsilon
20,73.55405469913414,-1.1359504808392376,-2.914554779665545,0.5008231193732936,0.02996429888601415
