subject_num,neg_llh,gamma_base,gamma_coef,beta,epsilon
222,67.89433848015827,-4.806012486796826,-2.575402523165569,0.4766606700345874,0.06373638656828551
