subject_num,neg_llh,gamma_base,gamma_coef,beta,epsilon
212,77.57763969100668,9.500510211586953,-2.837305770903826,0.9051221156567335,0.16330692531168461
