subject_num,neg_llh,gamma_base,gamma_coef,beta,epsilon
261,50.02367737370588,-6.8441281583905225,1.5417918637096883,0.9999999985024333,0.07413291870057581
