subject_num,neg_llh,gamma_base,gamma_coef,beta,epsilon
292,41.17890605096464,0.4363199856411666,2.171141786822118,0.9999999998966231,0.13940791477588937
