subject_num,neg_llh,gamma_base,gamma_coef,beta,epsilon
361,53.63478934574438,8.30744472945109,-0.45108053220855077,0.4437445337357931,0.19599939265521243
