subject_num,neg_llh,gamma_base,gamma_coef,beta,epsilon
311,89.25773387914437,-8.84085926413536,-2.9999998794794083,0.3512145528793335,0.14990911734104156
