subject_num,neg_llh,gamma_base,gamma_coef,beta,epsilon
386,79.0963666451618,-0.9441386223316659,-2.334376925599412,0.9999999800584628,0.19156121222645744
