subject_num,neg_llh,gamma_base,gamma_coef,beta,epsilon
338,24.9668939146375,1.916128926947422,1.9315301751653315,0.29852823969135356,0.010968331278883858
