subject_num,neg_llh,gamma_base,gamma_coef,beta,epsilon
324,33.60000675000686,3.8064943571388725,-0.20337176252156497,0.9999999985024333,0.09764625657722353
