subject_num,neg_llh,gamma_base,gamma_coef,beta,epsilon
330,82.12037715473168,-2.597236353904009,-1.190608969733119,0.1841075934879482,0.09394331052526833
