subject_num,neg_llh,gamma_base,gamma_coef,beta,epsilon
31,43.22866638374486,-9.899480598177762,2.950271523959935,0.20635000226367267,1.0337680711458574e-10
