subject_num,neg_llh,gamma_base,gamma_coef,beta,epsilon
30,59.04690088115602,3.672630734613631,-2.8286395693015076,0.39349251553977954,0.0200205662652006
