subject_num,neg_llh,gamma_base,gamma_coef,beta,epsilon
332,69.62418659405085,-9.99999900341034,-2.622406143665314,0.1653498113155365,4.982948303977608e-8
