subject_num,neg_llh,gamma_base,gamma_coef,beta,epsilon
359,77.88857591132819,2.838866411270574,2.9999999993797393,0.052444448407972244,1.0337680711458574e-10
