subject_num,neg_llh,gamma_base,gamma_coef,beta,epsilon
347,34.91374169576578,9.99999662399292,2.999998987197876,0.999999831199646,0.10963372993469239
