subject_num,neg_llh,gamma_base,gamma_coef,beta,epsilon
360,48.09645952073348,-4.193667311002501,2.8198578580208125,0.9999983494081535,0.1515923684600275
