subject_num,neg_llh,gamma_base,gamma_coef,beta,epsilon
356,85.0747750210215,-6.139125366210938,-2.3573906764984134,0.5845145273208618,0.1595184540748596
