subject_num,neg_llh,gamma_base,gamma_coef,beta,epsilon
373,24.846741300058095,6.391764323413373,-0.2644007298052311,0.9971087200641633,0.06207454428076742
