subject_num,neg_llh,gamma_base,gamma_coef,beta,epsilon
316,80.23267761377828,-9.999999997932465,-2.4720378616042438,0.3864565178882331,0.12451230978034439
