subject_num,neg_llh,gamma_base,gamma_coef,beta,epsilon
379,69.04455867012692,9.999987106323243,-1.763787895202637,0.22442348861694333,0.14862667083740233
