subject_num,neg_llh,gamma_base,gamma_coef,beta,epsilon
339,64.44060884709434,-2.4748986816406253,-0.4008699703216553,0.9870381927490235,0.0400733652114868
