subject_num,neg_llh,gamma_base,gamma_coef,beta,epsilon
300,56.41773533719152,-6.5557151064276695,1.677979901701212,0.178370169326663,5.21540644005114e-9
