subject_num,neg_llh,gamma_base,gamma_coef,beta,epsilon
302,54.96737201203486,8.324955763816833,-1.5883475003242493,0.47362273025512697,0.08782565546035764
