subject_num,neg_llh,gamma_base,gamma_coef,beta,epsilon
321,82.2670710844183,-8.766356730461121,-2.837849304199219,0.1993977279663086,0.1346147575378418
