subject_num,neg_llh,gamma_base,gamma_coef,beta,epsilon
388,57.27581990408878,-9.999999997932465,2.673131646104157,0.9999999998966231,0.24510925370361658
