subject_num,neg_llh,gamma_base,gamma_coef,beta,epsilon
334,86.26687213044306,1.3576898517319933,-2.9999999993797393,0.5393475226624869,0.22222951425425708
