subject_num,neg_llh,gamma_base,gamma_coef,beta,epsilon
304,33.85145840387231,-1.822019221559167,2.9999999910146,0.28802314130216833,0.03983443824201821
