subject_num,neg_llh,gamma_base,gamma_coef,beta,epsilon
34,32.00630921922319,6.400171595197171,-0.5997557679209858,0.5327481756862253,0.07819026224687697
