subject_num,neg_llh,gamma_base,gamma_coef,beta,epsilon
383,86.22456220542901,-9.999987106323243,1.7890858612060547,0.9054108505249023,0.8974750175476074
