subject_num,neg_llh,gamma_base,gamma_coef,beta,epsilon
396,59.6783388386322,8.942876544333995,-1.2932899010516703,0.07468748096749189,0.006881393321789775
