subject_num,neg_llh,gamma_base,gamma_coef,beta,epsilon
340,29.772807624877913,9.214736528396607,-0.07031874454021454,0.8137750242948532,0.08035728877782822
