subject_num,neg_llh,gamma_base,gamma_coef,beta,epsilon
327,52.49191181713001,9.914497575536371,-2.139204787530005,0.35595490076020364,0.08829208261892202
