subject_num,neg_llh,gamma_base,gamma_coef,beta,epsilon
336,92.28604734418073,-0.5433526083827019,-2.9996253889203075,0.9991032815873623,0.24625793001055718
