subject_num,neg_llh,gamma_base,gamma_coef,beta,epsilon
343,87.94998490877103,-5.425716241002083,1.2202569643557073,0.4344507530629635,0.2720251022577286
