subject_num,neg_llh,gamma_base,gamma_coef,beta,epsilon
320,81.27884101226329,6.714359788596631,-0.8834157337546349,0.7467484416961669,0.3620952197760343
