subject_num,neg_llh,gamma_base,gamma_coef,beta,epsilon
374,37.531155118374016,4.997441133041867,2.2122145743998702,0.29150519190728663,0.07878221157472581
