subject_num,neg_llh,gamma_base,gamma_coef,beta,epsilon
303,29.136540652880715,0.7354422702640295,1.1821687560305,0.9999999985024333,0.07379728514328598
