subject_num,neg_llh,gamma_base,gamma_coef,beta,epsilon
318,49.95121406498982,2.4758504486083988,2.9983714656829834,0.6774393434524536,0.1802234306335449
