subject_num,neg_llh,gamma_base,gamma_coef,beta,epsilon
35,45.683692123403354,9.98050443649292,-1.785451063156128,0.32838118743896483,0.02197837162017824
