subject_num,neg_llh,gamma_base,gamma_coef,beta,epsilon
341,30.945231620145123,-2.1961832427978516,1.2628653259277345,0.33166478347778316,0.004873691558837878
