subject_num,neg_llh,gamma_base,gamma_coef,beta,epsilon
354,20.676221064206153,2.1781447352748367,2.497592953867279,0.4066501374277286,0.018021019489271595
