subject_num,neg_llh,gamma_base,gamma_coef,beta,epsilon
371,83.89693259162449,-3.2371121118962765,-1.9884514357969165,0.1770730745345354,0.11144142168015242
