subject_num,neg_llh,gamma_base,gamma_coef,beta,epsilon
307,83.62389577168604,3.6609659904241565,1.3261674807965755,0.06525472488999368,0.31460662102699277
