subject_num,neg_llh,gamma_base,gamma_coef,beta,epsilon
377,61.647385568300756,-3.3191671656712427,2.097362290541525,0.7406908935268876,0.2501361446990049
