subject_num,neg_llh,gamma_base,gamma_coef,beta,epsilon
39,76.03210967655573,6.4532805684302,-2.2794616794995965,0.9913657903631683,0.14283597165951506
