subject_num,neg_llh,gamma_base,gamma_coef,beta,epsilon
395,40.930348219606365,3.926390895843506,0.5750119171142578,0.23303650379180907,0.0738596649169922
