subject_num,neg_llh,gamma_base,gamma_coef,beta,epsilon
309,65.1344486686488,-0.5740628939121962,-1.2700966766104103,0.9999999985024333,0.08173743081465362
