subject_num,neg_llh,gamma_base,gamma_coef,beta,epsilon
372,28.18028258225911,2.7668039290604067,1.8874560330936803,0.32894077565878976,0.03817333666144984
