subject_num,neg_llh,gamma_base,gamma_coef,beta,epsilon
378,78.63732623123553,-1.4067339318804444,-0.6409400481674821,0.5409888357361778,0.1487787746312097
