subject_num,neg_llh,gamma_base,gamma_coef,beta,epsilon
36,42.61801005296062,0.7921290926076472,1.1471314646042885,0.7655653180014341,0.15087063387874516
