subject_num,neg_llh,gamma_base,gamma_coef,beta,epsilon
33,88.01412483996933,-8.83276537835598,-2.8843524300456047,0.39353473725914956,0.20620515197515488
