subject_num,neg_llh,gamma_base,gamma_coef,beta,epsilon
350,44.61733426315969,9.991358855441213,2.9257989629879595,0.6093628689423204,0.14876421045884491
