subject_num,neg_llh,gamma_base,gamma_coef,beta,epsilon
365,19.397440815249645,7.507445565015078,-0.6001921800300479,0.4398383954279125,1.4975666817740318e-9
