subject_num,neg_llh,gamma_base,gamma_coef,beta,epsilon
385,60.16037304641058,-1.840545997619629,-2.4997959537506107,0.9988705596923828,0.02816723632812501
