subject_num,neg_llh,gamma_base,gamma_coef,beta,epsilon
390,47.41203800585711,7.3846116169169544,2.4493502931073308,0.4415877240607515,0.17232738737110048
