subject_num,neg_llh,gamma_base,gamma_coef,beta,epsilon
333,55.00462969523769,-7.907933889795095,0.6908158894591034,0.44046223266702145,1.0337680711458574e-10
