subject_num,neg_llh,gamma_base,gamma_coef,beta,epsilon
348,76.42699068175844,-8.00885662868619,-2.000926981575787,0.10426342571526764,0.06225973173603416
