subject_num,neg_llh,gamma_base,gamma_coef,beta,epsilon
362,80.14059752812393,-1.6311652580648661,-1.9029638829007747,0.9999999985024333,0.1673550132960081
