subject_num,neg_llh,gamma_base,gamma_coef,beta,epsilon
370,38.44036020652131,9.755845346152784,1.958869994223118,0.41746700689196586,0.10077496555447579
