subject_num,neg_llh,gamma_base,gamma_coef,beta,epsilon
375,77.33991683709235,0.7879708933643997,-2.385002317361534,0.9991970422519372,0.13269544230215252
