subject_num,neg_llh,gamma_base,gamma_coef,beta,epsilon
314,74.6238202511676,-1.734934514462948,-2.35948423665762,0.3737436800599098,0.058460491776466394
