subject_num,neg_llh,gamma_base,gamma_coef,beta,epsilon
393,23.191427185351287,0.45842681363224985,1.764679139457643,0.42392261916399,0.0017996627092361495
