subject_num,neg_llh,gamma_base,gamma_coef,beta,epsilon
346,53.74777657717581,-1.4590856043994427,-0.21613361913710835,0.3542713012099266,1.4975666817740318e-9
