subject_num,neg_llh,gamma_base,gamma_coef,beta,epsilon
337,30.882492700665424,4.7500024414062505,2.444365997314453,0.5539537658691406,0.07115664672851563
