subject_num,neg_llh,gamma_base,gamma_coef,beta,epsilon
363,71.26497918113834,-9.993051253259182,-2.6944655064046383,0.2867195737510919,0.05297583052515986
