subject_num,neg_llh,gamma_base,gamma_coef,beta,epsilon
399,71.56768102471797,-6.135213719574968,-1.6875749037230854,0.2105450735889608,0.050435448392818216
