subject_num,neg_llh,gamma_base,gamma_coef,beta,epsilon
319,76.35105466771668,3.6472090540081266,-2.3133335285559298,0.9999999985024333,0.21274386540055273
