subject_num,neg_llh,gamma_base,gamma_coef,beta,epsilon
368,83.69315609531455,-9.999999598264695,-2.9053505805730824,0.03989907288551331,0.5091456775069236
