subject_num,neg_llh,gamma_base,gamma_coef,beta,epsilon
312,24.25579742583662,-3.6183380929986018,2.1758980224262925,0.4741197911349591,0.022390650185989236
