subject_num,neg_llh,gamma_base,gamma_coef,beta,epsilon
366,40.64610835922144,2.203253440000117,-0.009156908171251418,0.7288963870881126,0.1147281072437763
