subject_num,neg_llh,gamma_base,gamma_coef,beta,epsilon
325,19.122755828099226,7.5747018431872135,1.3466037170290948,0.9979578188881277,0.04466208471730354
