subject_num,neg_llh,gamma_base,gamma_coef,beta,epsilon
310,81.72263519091493,6.961719115972519,-1.2777434958815577,0.15476631878316405,0.37126755419373514
