subject_num,neg_llh,gamma_base,gamma_coef,beta,epsilon
389,64.27163094357189,-3.9669705865718425,0.4376555786635727,0.3467218140531331,0.06758728265762332
