subject_num,neg_llh,gamma_base,gamma_coef,beta,epsilon
328,81.20446975467408,1.657135443763109,-1.9585852778168629,0.4430728893185733,0.11054153132747158
