subject_num,neg_llh,gamma_base,gamma_coef,beta,epsilon
345,45.74033323138076,0.29984965298754107,0.17551473341167095,0.22160034655564503,0.07178606512931512
