subject_num,neg_llh,gamma_base,gamma_coef,beta,epsilon
322,62.44734731207784,-7.7213840042799715,2.2988991571292283,0.2954122306294739,0.225718514431268
