subject_num,neg_llh,gamma_base,gamma_coef,beta,epsilon
394,75.10183181107575,-7.553361856816337,2.2262193492148072,0.3411856028628536,0.15505367956100963
