subject_num,neg_llh,gamma_base,gamma_coef,beta,epsilon
352,77.3559137877605,-7.446469350159169,0.9556627980221529,0.12114758275274651,0.07507104235840961
