subject_num,neg_llh,gamma_base,gamma_coef,beta,epsilon
349,66.99111033111343,7.927949967384339,1.6531937037706377,0.11940166971087457,0.21957347747683525
