subject_num,neg_llh,gamma_base,gamma_coef,beta,epsilon
329,41.83093587619312,2.9345259857177735,0.666195951461792,0.999999831199646,0.1571668758392334
