subject_num,neg_llh,gamma_base,gamma_coef,beta,epsilon
301,62.33114629078304,9.99999662399292,-1.9826267223358156,0.10935724163055421,1.6880035402788707e-7
