subject_num,neg_llh,gamma_base,gamma_coef,beta,epsilon
3,50.37357912025354,9.26352231860161,-0.9720568549633026,0.5066737899780274,0.1673059378117323
