subject_num,neg_llh,gamma_base,gamma_coef,beta,epsilon
358,44.219234586962834,5.254956160187722,1.4719130585789681,0.3001544857621193,0.10057510936260222
