subject_num,neg_llh,gamma_base,gamma_coef,beta,epsilon
317,14.08219308472679,2.428547797612846,1.4197742045000197,0.4776412600195035,0.008536230734549455
