subject_num,neg_llh,gamma_base,gamma_coef,beta,epsilon
364,79.06960443648535,-2.077365156449378,-0.5907865372281522,0.9999999998966231,0.2024688745606691
