subject_num,neg_llh,gamma_base,gamma_coef,beta,epsilon
305,61.95387360897681,-6.364645359516144,-2.9398463630676273,0.6105861014127731,0.03957654285430906
