subject_num,neg_llh,gamma_base,gamma_coef,beta,epsilon
344,23.303933465009926,9.992968680039048,0.747394050501287,0.9694579526558518,0.06310537482798101
