subject_num,neg_llh,gamma_base,gamma_coef,beta,epsilon
380,73.31038682908893,9.947010104781949,-1.9489708137754351,0.14866526593483287,0.13599414584075564
