subject_num,neg_llh,gamma_base,gamma_coef,beta,epsilon
342,76.66734079294206,9.99999662399292,-2.7492207641601563,0.06771220207214357,1.6880035402788707e-7
