subject_num,neg_llh,gamma_base,gamma_coef,beta,epsilon
313,30.778567902899905,2.9541686992533505,1.2992392327822746,0.6712031362382695,0.06628862869646401
