subject_num,neg_llh,gamma_base,gamma_coef,beta,epsilon
32,61.056418532144114,-5.264308757781983,-1.1431311378479005,0.6590735721588135,0.021147003173828116
