subject_num,neg_llh,gamma_base,gamma_coef,beta,epsilon
398,20.98289356889501,5.960250735399313,2.1484669598266484,0.9339847329044715,0.03408915933105161
