subject_num,neg_llh,gamma_base,gamma_coef,beta,epsilon
391,68.12252152203422,-0.3631371688842774,-1.4868080034255982,0.999999950170517,0.10125354075431825
