subject_num,neg_llh,gamma_base,gamma_coef,beta,epsilon
355,61.842335385533076,3.2744946556538346,-1.843135948866606,0.5228321311175823,0.015532427590340403
