subject_num,neg_llh,gamma_base,gamma_coef,beta,epsilon
335,50.579796682294585,-1.44991171406582,-0.7905250046364963,0.999999805174768,3.7595373580945335e-7
