subject_num,neg_llh,gamma_base,gamma_coef,beta,epsilon
326,37.229890658296014,7.349188207387924,-0.591873539686203,0.2212895579338074,0.04614840453863145
