subject_num,neg_llh,gamma_base,gamma_coef,beta,epsilon
37,80.80168232833459,-6.609034727811814,0.34098003387451176,0.9986657215952873,0.12079414939880373
