subject_num,neg_llh,gamma_base,gamma_coef,beta,epsilon
353,70.779505830818,2.0091838990707767,-1.467279250362015,0.5622445361101127,0.13411321503459478
