subject_num,neg_llh,gamma_base,gamma_coef,beta,epsilon
357,25.25422560420485,0.8330608069896699,1.2834009177088739,0.5560631714612245,0.03220055705308916
