subject_num,neg_llh,gamma_base,gamma_coef,beta,epsilon
367,79.06623710531902,-2.3055012634396554,-1.7282162888646126,0.2134539207369089,0.08355756059288977
