subject_num,neg_llh,gamma_base,gamma_coef,beta,epsilon
38,37.00875929991294,1.5803787054447458,0.32771945775789213,0.8840699178185896,0.10351172249938828
