subject_num,neg_llh,gamma_base,gamma_coef,beta,epsilon
387,69.46752606831492,-1.8795208549499514,-0.8847949333190919,0.8423648548126221,0.05305213546752929
