subject_num,neg_llh,gamma_base,gamma_coef,beta,epsilon
323,7.5397680306974495,2.524783130660653,1.2792512397542597,0.9999999985024333,1.4975666817740318e-9
