subject_num,neg_llh,gamma_base,gamma_coef,beta,epsilon
376,70.4665794886788,9.614506389945745,-2.9196017331406474,0.19834824315831068,0.12508734526112675
