subject_num,neg_llh,gamma_base,gamma_coef,beta,epsilon
308,46.90364115453098,-9.984886728525161,2.305977771520615,0.4504465502500534,0.12272314310073851
