subject_num,neg_llh,gamma_base,gamma_coef,beta,epsilon
397,73.98503533508242,-9.77740985751152,-0.47143855369091037,0.9999999799132346,0.08725379222631452
