subject_num,neg_llh,gamma_base,gamma_coef,beta,epsilon
331,76.92545890999543,3.0568470764160156,-2.5465857696533205,0.7387003002166748,0.09386271333694457
