subject_num,neg_llh,gamma_base,gamma_coef,beta,epsilon
382,74.3635362551479,-8.544976477324964,-2.5904635355472565,0.42153252410888675,0.07433199414610864
