subject_num,neg_llh,gamma_base,gamma_coef,beta,epsilon
306,53.66122036797084,9.999999999675202,-2.1634508109429156,0.6896704415022396,0.09673477315797935
