subject_num,neg_llh,gamma_base,gamma_coef,beta,epsilon
384,42.95316492122026,-6.048405913114548,2.1300096813440326,0.814105703830719,0.07613367414474487
