subject_num,neg_llh,gamma_base,gamma_coef,beta,epsilon
369,77.55310643722176,-3.86202155739069,-1.8964003380239012,0.6437619690150023,0.12608128182590006
