subject_num,neg_llh,gamma_base,gamma_coef,beta,epsilon
351,50.224868278822,-6.7166106320812835,2.9999999999025606,0.9999999999837601,0.07742511201137675
