subject_num,neg_llh,gamma_base,gamma_coef,beta,epsilon
381,35.60559449640771,-1.8447522185719574,1.3085748767950574,0.7306498928591028,0.04941551143547984
