subject_num,neg_llh,gamma_base,gamma_coef,beta,epsilon
392,12.52267923469002,5.338402626514435,1.6993489290475847,0.648219413459301,2.008676530662612e-8
