subject_num,neg_llh,gamma_base,gamma_coef,beta,epsilon
315,46.406027119423264,2.790916247367859,2.3819070038795473,0.841768691778183,0.18110012698173522
