subject_num,neg_llh,gamma_base,gamma_coef,beta,epsilon
402,42.504400930879264,-2.2086330983042717,1.3901102938055994,0.25206804351508616,0.015020694836974158
