subject_num,neg_llh,gamma_base,gamma_coef,beta,epsilon
410,66.33279047978431,-9.621812019348145,1.1522538242340088,0.2697014226913452,0.09604678058624266
