subject_num,neg_llh,gamma_base,gamma_coef,beta,epsilon
498,42.32688963252255,-0.39691196998503075,0.22289061635220062,0.24131038588655246,0.08354653642932497
