subject_num,neg_llh,gamma_base,gamma_coef,beta,epsilon
480,70.00701217295112,7.773060005903244,-2.6518849840164185,0.3343592952489853,0.05392475706338884
