subject_num,neg_llh,gamma_base,gamma_coef,beta,epsilon
429,65.77141901724038,9.999999970048666,-2.0610439144447446,0.9999257829859853,0.20987315591052175
