subject_num,neg_llh,gamma_base,gamma_coef,beta,epsilon
467,86.4214681223735,-9.534215997755528,-1.5216859054863454,0.11437451094388962,0.21414296284317968
