subject_num,neg_llh,gamma_base,gamma_coef,beta,epsilon
442,75.66897268744756,-9.998573916525348,2.694561694353819,0.1948319696933613,0.18754831193946303
