subject_num,neg_llh,gamma_base,gamma_coef,beta,epsilon
464,86.48717757575048,-9.999999997932465,-0.5834399372320622,0.9999999998966231,0.227677866153419
