subject_num,neg_llh,gamma_base,gamma_coef,beta,epsilon
455,84.00000442458445,-6.872359946072102,-1.8112181015610695,0.8373333536088466,0.14182865296304226
