subject_num,neg_llh,gamma_base,gamma_coef,beta,epsilon
476,50.82947085395218,-1.5603621564178138,0.08132546177997392,0.8828288208069752,0.06946096592147022
