subject_num,neg_llh,gamma_base,gamma_coef,beta,epsilon
400,44.47475988060005,-4.253427841067315,2.851458292901516,0.19889248842000962,5.21540644005114e-9
