subject_num,neg_llh,gamma_base,gamma_coef,beta,epsilon
44,93.32225034323824,-9.999910767455585,-2.8790897026802416,0.032869358775205915,6.532765924932571e-5
