subject_num,neg_llh,gamma_base,gamma_coef,beta,epsilon
477,69.62254343425455,1.5660132864676417,-1.637816639693454,0.785451278636232,0.06552962195873263
