subject_num,neg_llh,gamma_base,gamma_coef,beta,epsilon
48,12.474375312227123,0.8288723073527218,0.149257670391351,0.6695782482319046,1.0337680711458574e-10
