subject_num,neg_llh,gamma_base,gamma_coef,beta,epsilon
484,32.01550608714396,6.990799760818482,2.6669795322418213,0.9610579288005829,0.07889460140466692
