subject_num,neg_llh,gamma_base,gamma_coef,beta,epsilon
434,78.12857038788798,-9.999987106323243,-2.7650277099609375,0.8332973709106446,0.10581048202514648
