subject_num,neg_llh,gamma_base,gamma_coef,beta,epsilon
469,87.72458498036542,-9.999999895691872,-2.849562506943941,0.023605848520994177,0.46306866070628167
