subject_num,neg_llh,gamma_base,gamma_coef,beta,epsilon
483,66.0132325821626,-7.070470630787313,2.543720218665898,0.40880523503758015,0.13778345188125968
