subject_num,neg_llh,gamma_base,gamma_coef,beta,epsilon
4,76.06040979989302,-3.7037821197509766,-0.27865452575683597,0.8726553144454956,0.13134924507141116
