subject_num,neg_llh,gamma_base,gamma_coef,beta,epsilon
432,70.94869606572797,2.029115429935046,-1.9541121504209005,0.7543073948214296,0.0516008557046298
