subject_num,neg_llh,gamma_base,gamma_coef,beta,epsilon
487,59.463361410117415,-1.4570292672514915,-2.9091788698732857,0.9999999985024333,0.03155790057405827
