subject_num,neg_llh,gamma_base,gamma_coef,beta,epsilon
414,87.9127702912842,-9.999999895691872,1.7802481249272826,0.0204747657030821,0.3860327613055706
