subject_num,neg_llh,gamma_base,gamma_coef,beta,epsilon
474,75.52912323024138,-5.211455948352814,1.235984140187502,0.5094090046584606,0.17016920232772825
