subject_num,neg_llh,gamma_base,gamma_coef,beta,epsilon
493,44.23169132112476,9.995530819986016,2.887762693813071,0.9999999998966231,0.16117356103099884
