subject_num,neg_llh,gamma_base,gamma_coef,beta,epsilon
406,61.08347371022365,-1.037185385581106,-0.5375160610377789,0.452742132242769,0.0173850299101323
