subject_num,neg_llh,gamma_base,gamma_coef,beta,epsilon
441,62.378022646403984,-9.111074829101563,2.218850852072239,0.23412684951722623,0.02847842694818975
