subject_num,neg_llh,gamma_base,gamma_coef,beta,epsilon
456,80.99273841275829,0.2919622504711151,1.6295042090713978,0.014382966354489324,0.050984191223979014
