subject_num,neg_llh,gamma_base,gamma_coef,beta,epsilon
424,53.05310467403771,-3.2533758760988714,-0.1823092004209757,0.8153939557410776,0.012460951037704948
