subject_num,neg_llh,gamma_base,gamma_coef,beta,epsilon
460,83.13692329631881,-0.9419542503356934,-2.999998987197876,0.993782413482666,0.1527525806427002
