subject_num,neg_llh,gamma_base,gamma_coef,beta,epsilon
489,47.35829389188914,3.510037387162447,-0.1644668489098549,0.7833597665419803,0.18930992431472987
