subject_num,neg_llh,gamma_base,gamma_coef,beta,epsilon
435,67.4602369679717,-2.7254770633578302,-1.903450299024582,0.45326953569054607,0.037511662110686295
