subject_num,neg_llh,gamma_base,gamma_coef,beta,epsilon
408,77.21656474409582,-3.060620167298475,-0.07680634719645606,0.9999999999837601,0.13029477606358703
