subject_num,neg_llh,gamma_base,gamma_coef,beta,epsilon
447,32.221381625012164,8.093660924434662,2.8587277997732166,0.8128992499709129,0.07947059887647628
