subject_num,neg_llh,gamma_base,gamma_coef,beta,epsilon
407,84.29507540773206,-1.6930013348907234,-2.9999999910146,0.2965500197075307,0.14449161886423828
