subject_num,neg_llh,gamma_base,gamma_coef,beta,epsilon
466,38.363377062267425,7.700118370056153,1.6910805130004885,0.999999831199646,0.14054093456268313
