subject_num,neg_llh,gamma_base,gamma_coef,beta,epsilon
449,68.80543772333971,7.759718017578125,-2.6579425048828127,0.4001634521484375,0.07887738037109376
