subject_num,neg_llh,gamma_base,gamma_coef,beta,epsilon
409,65.1699223548173,-1.840260467529297,-0.40408218383789063,0.12890225219726564,0.007797519683837906
