subject_num,neg_llh,gamma_base,gamma_coef,beta,epsilon
497,15.415767684601562,7.605375415049494,-0.5802517233006657,0.9999999998966231,0.02885383953154086
