subject_num,neg_llh,gamma_base,gamma_coef,beta,epsilon
457,90.32081475415069,0.28924916623160246,-2.9999999993797393,0.2824119322225451,0.3673336087684147
