subject_num,neg_llh,gamma_base,gamma_coef,beta,epsilon
437,76.84349296604402,-0.757693257490173,-0.6353629449228757,0.23228770577721297,0.06837028886401092
