subject_num,neg_llh,gamma_base,gamma_coef,beta,epsilon
426,88.8134204551402,-2.4922205290850252,-2.4517352173444817,0.06891632008296439,0.24761928742984307
