subject_num,neg_llh,gamma_base,gamma_coef,beta,epsilon
436,29.66318112407726,6.758255132436752,-0.5833054955005647,0.8382846000790596,0.0714586245417595
