subject_num,neg_llh,gamma_base,gamma_coef,beta,epsilon
42,68.5693364690039,-1.675840473972494,-0.8857374989240198,0.16694517589861063,0.01716894072963626
