subject_num,neg_llh,gamma_base,gamma_coef,beta,epsilon
470,67.30092994371066,8.63538472632412,-2.6999764000939908,0.9999999999837601,0.12719909782666944
