subject_num,neg_llh,gamma_base,gamma_coef,beta,epsilon
492,39.053478354537724,2.0788279962539673,0.08778051567077637,0.9998049569129943,0.14420761680603028
