subject_num,neg_llh,gamma_base,gamma_coef,beta,epsilon
490,83.4833517439869,-7.222673393487931,-1.0810122821331025,0.47720388731360436,0.19466967684030534
