subject_num,neg_llh,gamma_base,gamma_coef,beta,epsilon
465,75.42532515744689,1.4939266422204673,-1.5795379461999983,0.05726375960279256,1.0337680711458574e-10
