subject_num,neg_llh,gamma_base,gamma_coef,beta,epsilon
453,25.58164425785322,-0.09419615373015404,2.9985022630020977,0.3498938479460776,1.4975666817740318e-9
