subject_num,neg_llh,gamma_base,gamma_coef,beta,epsilon
40,51.585694238848504,7.28628221064806,-0.7216707450449468,0.3640817656368017,0.15707198913395404
