subject_num,neg_llh,gamma_base,gamma_coef,beta,epsilon
420,68.16259901062708,1.0821490192948842,-2.444871987864375,0.7152812739129295,0.10598173681797923
