subject_num,neg_llh,gamma_base,gamma_coef,beta,epsilon
428,63.25804006918786,-2.1635442535579203,-1.5288725528642537,0.5676937935501337,0.06228326752036811
