subject_num,neg_llh,gamma_base,gamma_coef,beta,epsilon
413,37.69047093500865,9.881159000396728,2.5718958706855775,0.29535273218154906,0.0748530716896057
