subject_num,neg_llh,gamma_base,gamma_coef,beta,epsilon
431,61.73700528013677,9.92253138102591,-2.480304208673537,0.42600694792717697,0.07178265472128986
