subject_num,neg_llh,gamma_base,gamma_coef,beta,epsilon
43,33.51986226399749,5.899404414892197,2.9117646571397784,0.9745756668448449,0.1013997262120247
