subject_num,neg_llh,gamma_base,gamma_coef,beta,epsilon
468,55.861539967216906,1.0531455427506444,-1.9165863017635238,0.8941530972567989,0.013908924557784308
