subject_num,neg_llh,gamma_base,gamma_coef,beta,epsilon
448,50.847755536487696,-2.0618583258241414,2.9767032005712393,0.29757080279290676,0.11329648242145779
