subject_num,neg_llh,gamma_base,gamma_coef,beta,epsilon
41,32.60162886714117,2.992926406860352,-0.0006624298095703126,0.24277165222167968,0.03196478652954099
