subject_num,neg_llh,gamma_base,gamma_coef,beta,epsilon
46,58.89636989686322,0.86533274901798,1.517019610205025,0.11910768837542857,0.08001284288750321
