subject_num,neg_llh,gamma_base,gamma_coef,beta,epsilon
499,47.74077951710192,-9.999999970048666,2.722669555284083,0.9999999985024333,0.15689729899913074
