subject_num,neg_llh,gamma_base,gamma_coef,beta,epsilon
452,56.84298137722488,-2.657971057891846,-0.884823486328125,0.6880858087539673,0.013867413520812999
