subject_num,neg_llh,gamma_base,gamma_coef,beta,epsilon
418,52.44386378541841,9.724788446426391,2.405719856500626,0.9999999799132346,0.21356361931562423
