subject_num,neg_llh,gamma_base,gamma_coef,beta,epsilon
401,33.85123151844381,-4.948698964715004,2.6930470129922033,0.9999248758330941,0.03830818882212045
