subject_num,neg_llh,gamma_base,gamma_coef,beta,epsilon
443,42.52831022917732,-3.378322728276253,2.9999678465723996,0.9999999947845936,0.06954410810768602
