subject_num,neg_llh,gamma_base,gamma_coef,beta,epsilon
475,57.48318966742904,2.890659266919829,2.8349042767197825,0.20676525672781282,0.18718139810534196
