subject_num,neg_llh,gamma_base,gamma_coef,beta,epsilon
412,75.46514847117606,-2.76105294149369,-2.9642519053313885,0.4274455725122243,0.06980578314419839
