subject_num,neg_llh,gamma_base,gamma_coef,beta,epsilon
454,43.5390214740849,9.999999895691872,2.9999768586158755,0.655734907478094,0.15016529880464075
