subject_num,neg_llh,gamma_base,gamma_coef,beta,epsilon
425,62.13408935165835,-9.999999895691872,2.796747961521149,0.2805307164788246,0.16164853085577485
