subject_num,neg_llh,gamma_base,gamma_coef,beta,epsilon
417,70.7677131824814,9.999987106323243,2.7711951599121094,0.2460742835998535,0.35273500061035157
