subject_num,neg_llh,gamma_base,gamma_coef,beta,epsilon
445,72.38106801706357,7.230857994556428,-0.744007362484932,0.250593600332737,0.3334186520576477
