subject_num,neg_llh,gamma_base,gamma_coef,beta,epsilon
459,29.685014194182603,-3.680460854768753,2.9641412261724476,0.4426787338852882,0.0226846421957016
