subject_num,neg_llh,gamma_base,gamma_coef,beta,epsilon
485,65.52594335097955,9.999999598264695,-2.840845228672028,0.6633380532860755,0.13654271024465559
