subject_num,neg_llh,gamma_base,gamma_coef,beta,epsilon
419,88.18542998904705,-2.3712399566173556,-2.771946996331215,0.22046586310863497,0.20918376618623735
