subject_num,neg_llh,gamma_base,gamma_coef,beta,epsilon
430,70.98247951174274,2.531178921032697,-2.662054497884587,0.29311267891339954,0.04598085730336604
