subject_num,neg_llh,gamma_base,gamma_coef,beta,epsilon
422,75.01934824585156,-6.308060508221388,-2.5948723655194046,0.7103472812175751,0.06693705108016729
