subject_num,neg_llh,gamma_base,gamma_coef,beta,epsilon
439,53.05909129912618,7.107217877064832,-0.7933098557302729,0.6486681112858932,0.2526858856214676
