subject_num,neg_llh,gamma_base,gamma_coef,beta,epsilon
49,40.03252848421645,8.190906524658203,2.015618787378073,0.9999999947845936,0.14038231664896011
