subject_num,neg_llh,gamma_base,gamma_coef,beta,epsilon
438,44.27401712617981,7.47647216796875,1.8498695068359376,0.5918721618652344,0.14003411865234378
