subject_num,neg_llh,gamma_base,gamma_coef,beta,epsilon
404,82.46297507129714,-0.1919051757035777,-0.8322723953928799,0.2307714460764546,0.17885664903133874
