subject_num,neg_llh,gamma_base,gamma_coef,beta,epsilon
496,54.74249460567805,-5.689793457407505,2.345936754036695,0.34794400785211477,0.1562655014004558
