subject_num,neg_llh,gamma_base,gamma_coef,beta,epsilon
458,46.32488292163725,9.999999999675202,-1.8220624659023017,0.056242985289194636,1.623995382615817e-11
