subject_num,neg_llh,gamma_base,gamma_coef,beta,epsilon
411,32.47537496136476,1.4210319533944131,2.663445695847273,0.22716577462852,5.21540644005114e-9
