subject_num,neg_llh,gamma_base,gamma_coef,beta,epsilon
446,55.805936917268376,9.999999970048666,-2.525602776758373,0.4657754822447896,0.0892803253121674
