subject_num,neg_llh,gamma_base,gamma_coef,beta,epsilon
472,75.70707707153674,4.333257146775723,-2.9999999687075616,0.39249290934205056,0.1390537763684988
