subject_num,neg_llh,gamma_base,gamma_coef,beta,epsilon
416,72.34205579475451,-9.819875320196152,1.1456061929762364,0.2596345462948084,0.15563527458906173
