subject_num,neg_llh,gamma_base,gamma_coef,beta,epsilon
481,31.43772022703865,4.9403001417219645,-0.43847707159817223,0.9869024544209242,0.09797943821921945
