subject_num,neg_llh,gamma_base,gamma_coef,beta,epsilon
427,59.49173587891581,9.921681073904038,-2.534898621529341,0.8999291635453701,0.09104715614020825
