subject_num,neg_llh,gamma_base,gamma_coef,beta,epsilon
486,79.81442448995409,-8.27822912934702,-2.9985937608964743,0.6704169623162597,0.1479093201700598
