subject_num,neg_llh,gamma_base,gamma_coef,beta,epsilon
478,81.17741271967687,-9.699495239257812,-1.5676401443481447,0.586051155090332,0.18974681091308593
