subject_num,neg_llh,gamma_base,gamma_coef,beta,epsilon
471,67.78530870457742,7.668630052208901,-2.7127775326073174,0.5068160419613122,0.07236127141118048
