subject_num,neg_llh,gamma_base,gamma_coef,beta,epsilon
440,71.616193168507,-5.178513509035111,1.9634560536146166,0.23837377500534057,0.11732870638370513
