subject_num,neg_llh,gamma_base,gamma_coef,beta,epsilon
462,30.70492813189819,3.0633857154846194,-0.005593534469604492,0.9882317085266114,0.0962461757659912
