subject_num,neg_llh,gamma_base,gamma_coef,beta,epsilon
473,75.10063777131393,4.266367185027339,-0.8984332655360923,0.330030213752063,0.15539233397925273
