subject_num,neg_llh,gamma_base,gamma_coef,beta,epsilon
444,81.29759679042498,-9.855302763581276,1.9682921749055386,0.9987255342006683,0.7160435619056225
