subject_num,neg_llh,gamma_base,gamma_coef,beta,epsilon
450,80.00164875683426,2.111154315173626,-1.9211891681849957,0.5078760352432727,0.1378665065616369
