subject_num,neg_llh,gamma_base,gamma_coef,beta,epsilon
482,67.33443264514051,6.7630871343612675,-2.6457435886859897,0.3770161820650101,0.03948166358470917
