subject_num,neg_llh,gamma_base,gamma_coef,beta,epsilon
479,78.88483911193445,-9.705970228910447,-2.787470196604729,0.5219620525240898,0.14301671838760377
