subject_num,neg_llh,gamma_base,gamma_coef,beta,epsilon
421,82.47740069246319,-1.7891969428211452,-0.4123056400492788,0.9999999985024333,0.29534836557880045
