subject_num,neg_llh,gamma_base,gamma_coef,beta,epsilon
488,51.77271674672969,1.6325179754570127,2.7362851608116183,0.22081913037970663,0.12713470661453902
