subject_num,neg_llh,gamma_base,gamma_coef,beta,epsilon
45,39.912516937781,9.38545258998871,2.846015464782715,0.24768562507629394,0.08910839939117432
