subject_num,neg_llh,gamma_base,gamma_coef,beta,epsilon
461,91.03990335720422,7.425616879463196,-1.816815829753876,0.18577841854095462,0.4224245676994324
