subject_num,neg_llh,gamma_base,gamma_coef,beta,epsilon
451,71.7466109497181,-5.162614488000108,1.8061493150722236,0.23193719243782107,0.1340888410952466
