subject_num,neg_llh,gamma_base,gamma_coef,beta,epsilon
491,49.028326868376894,-1.5737203589081765,2.998603592723608,0.9999999947845936,0.18525519208610058
