subject_num,neg_llh,gamma_base,gamma_coef,beta,epsilon
415,57.458443411874285,5.5723253831418695,-2.6651978776316394,0.7599631766167003,0.11594774162961402
