subject_num,neg_llh,gamma_base,gamma_coef,beta,epsilon
423,69.43960814161773,-9.999999970048666,-1.765077208556235,0.5631536048650742,0.053269801970571296
