subject_num,neg_llh,gamma_base,gamma_coef,beta,epsilon
47,70.29142669593155,-3.2477334594726566,-0.462116174697876,0.9458024129867554,0.05513174629211426
