subject_num,neg_llh,gamma_base,gamma_coef,beta,epsilon
495,44.80140242360169,7.666835079193116,-0.5795261478424073,0.996596788406372,0.16962407779693606
