subject_num,neg_llh,gamma_base,gamma_coef,beta,epsilon
403,55.190272890047865,4.670229498147965,-0.7551100215911866,0.25813069500029084,0.18206038549542425
