subject_num,neg_llh,gamma_base,gamma_coef,beta,epsilon
405,62.34685239039135,-3.871389472484589,-2.483814209997654,0.602379737969488,1.4975666817740318e-9
