subject_num,neg_llh,gamma_base,gamma_coef,beta,epsilon
463,89.16874228950267,0.5886260996386409,-0.17811791705153884,0.1059466163031757,0.5346892091473564
