subject_num,neg_llh,gamma_base,gamma_coef,beta,epsilon
433,21.78938165602449,5.949930451512337,0.32114706918597224,0.6125966422110796,0.03844580651819707
