subject_num,neg_llh,gamma_base,gamma_coef,beta,epsilon
494,80.39528169455059,-2.76209199171979,-2.8142422800147906,0.5608979481721763,0.10408794507477431
