subject_num,neg_llh,gamma_base,gamma_coef,beta,epsilon
56,14.642908125926976,3.4405661254908173,-0.4131678955906574,0.5696651391185489,1.0547118733938987e-15
