subject_num,neg_llh,gamma_base,gamma_coef,beta,epsilon
51,83.90972373400177,-9.998188006505371,-2.396859584536404,0.561887115329504,0.15214126927033067
