subject_num,neg_llh,gamma_base,gamma_coef,beta,epsilon
53,68.81529292615022,-2.733646560702473,-1.7035240035653116,0.44641313472017646,0.045393744420260174
