subject_num,neg_llh,gamma_base,gamma_coef,beta,epsilon
57,83.30804251077585,7.83593871602323,-2.663559481958393,0.45537283217487856,0.23020330114685933
