subject_num,neg_llh,gamma_base,gamma_coef,beta,epsilon
500,59.060493383592025,-6.491354216765613,-0.4620025370679796,0.30970567548274996,1.0337680711458574e-10
