subject_num,neg_llh,gamma_base,gamma_coef,beta,epsilon
54,65.6378261025269,-2.69966796875,-2.63729296875,0.64034375,0.027801757812499994
