subject_num,neg_llh,gamma_base,gamma_coef,beta,epsilon
52,64.11857168419081,-9.62247623232659,-2.9921999997678217,0.2476891626007855,2.9613729579658354e-8
