subject_num,neg_llh,gamma_base,gamma_coef,beta,epsilon
5,45.14483973487903,9.940700352191925,2.847005808055401,0.3467242204248905,0.14278329753875735
