subject_num,neg_llh,gamma_base,gamma_coef,beta,epsilon
50,63.203240408838546,-4.307095303535462,2.212927976489067,0.20468984973430632,0.18499196159839632
