subject_num,neg_llh,gamma_base,gamma_coef,beta,epsilon
58,65.36074561713286,-8.03449941502884,-2.227097939802334,0.956152911292389,0.04714640051964669
