subject_num,neg_llh,gamma_base,gamma_coef,beta,epsilon
59,91.89050762445348,-1.790704821930267,-1.506311524527613,0.8009593233685008,0.30098696700436994
