subject_num,neg_llh,gamma_base,gamma_coef,beta,epsilon
55,54.28146247858421,-2.905580751565285,2.2262771460539663,0.5806512273564004,0.20126861163013382
