subject_num,neg_llh,gamma_base,gamma_coef,beta,epsilon
69,79.11862532014379,-2.5677013611607253,-0.44773994656652216,0.986966934774071,0.15213508278504012
