subject_num,neg_llh,gamma_base,gamma_coef,beta,epsilon
60,63.99919969659655,3.9579657278209925,0.1897964909076691,0.1922809815518558,0.21535236355569215
