subject_num,neg_llh,gamma_base,gamma_coef,beta,epsilon
6,38.07854355520642,0.09305693328380585,0.6708224758207798,0.9857478792965413,0.119665517359972
