subject_num,neg_llh,gamma_base,gamma_coef,beta,epsilon
65,82.90015445013758,-5.857159643173218,-1.924685528755188,0.8295445537567139,0.15470060968399046
