subject_num,neg_llh,gamma_base,gamma_coef,beta,epsilon
64,47.586696167670645,2.1157032407820227,1.0273630909882487,0.6697449911357835,0.19751667301915588
