subject_num,neg_llh,gamma_base,gamma_coef,beta,epsilon
62,68.2304608916431,-7.820836923122406,1.5715403069257738,0.9433028944730759,0.127924014210701
