subject_num,neg_llh,gamma_base,gamma_coef,beta,epsilon
66,72.68114190527785,0.9494430577009917,-1.817047131434083,0.25830974244326355,0.06380343083664775
