subject_num,neg_llh,gamma_base,gamma_coef,beta,epsilon
68,82.58524042273024,-3.8412009114027024,-1.6301790862083436,0.7263698914647102,0.1191596680879593
