subject_num,neg_llh,gamma_base,gamma_coef,beta,epsilon
61,31.947700994417517,4.008353497982025,1.9243300437927247,0.7315295986533165,0.07838769626617431
