subject_num,neg_llh,gamma_base,gamma_coef,beta,epsilon
67,46.28735796901093,-9.99999900341034,2.133963380813599,0.3647204830646515,0.08181715059280398
