subject_num,neg_llh,gamma_base,gamma_coef,beta,epsilon
63,68.68209816746227,9.999999598264695,-2.912550400257111,0.5053058331608772,0.19276864129304888
