subject_num,neg_llh,gamma_base,gamma_coef,beta,epsilon
70,59.59141877291561,3.661729485988617,-1.895510777950287,0.5670803574323654,0.013614042744040489
