subject_num,neg_llh,gamma_base,gamma_coef,beta,epsilon
76,84.37257887524832,-2.095078822374344,-0.024397297024726868,0.136614509165287,0.15645852327346804
