subject_num,neg_llh,gamma_base,gamma_coef,beta,epsilon
77,86.43174747721059,-1.6472907558083536,-2.4211130959689617,0.8313303957581519,0.26870064716041087
