subject_num,neg_llh,gamma_base,gamma_coef,beta,epsilon
7,92.12455817937442,2.285968179702759,-2.881265225172043,0.9999999799132346,0.24004472088813783
