subject_num,neg_llh,gamma_base,gamma_coef,beta,epsilon
71,74.04839796838085,-6.41199514342472,-1.9221128859110177,0.8674986149892211,0.11309841172210872
