subject_num,neg_llh,gamma_base,gamma_coef,beta,epsilon
74,49.66583425287484,0.6522017850468365,-0.33649228489978034,0.34486588352102465,0.012808515974988055
