subject_num,neg_llh,gamma_base,gamma_coef,beta,epsilon
73,45.551720904637364,9.662569655179977,0.1755602282881737,0.9999999947845936,0.18715338720381258
