subject_num,neg_llh,gamma_base,gamma_coef,beta,epsilon
72,69.02479317113718,-5.0682342479052025,1.0670652937009,0.22152786321076562,0.11765007017506285
