subject_num,neg_llh,gamma_base,gamma_coef,beta,epsilon
78,24.62769482575235,5.272043277174235,1.2641900182440877,0.6751419638842344,0.04286934612318871
