subject_num,neg_llh,gamma_base,gamma_coef,beta,epsilon
79,72.51289233679508,-2.5837385973893108,-2.5915218232702464,0.5415946911787615,0.07857362961303443
