subject_num,neg_llh,gamma_base,gamma_coef,beta,epsilon
75,44.291350010213364,-9.999999997932465,1.6544839142854326,0.9937378988582641,0.04884758800780403
