subject_num,neg_llh,gamma_base,gamma_coef,beta,epsilon
86,87.35024127999729,-9.986319732666017,-0.20477075958251956,0.999999831199646,0.2029102239608765
