subject_num,neg_llh,gamma_base,gamma_coef,beta,epsilon
87,20.596114425035324,3.8203158352524045,2.9999999910146,0.9512275088690221,0.03392303033545613
