subject_num,neg_llh,gamma_base,gamma_coef,beta,epsilon
85,48.966118541365425,9.495204763687216,-0.23197072475077585,0.7346331382042263,0.18032084233290518
