subject_num,neg_llh,gamma_base,gamma_coef,beta,epsilon
83,52.67227167196621,7.725815906235948,-2.353597015389707,0.615354006618727,0.05236269369348884
