subject_num,neg_llh,gamma_base,gamma_coef,beta,epsilon
80,10.464273680978119,1.8476535777002574,0.870097740367055,0.9999156128354371,1.4975666817740318e-9
