subject_num,neg_llh,gamma_base,gamma_coef,beta,epsilon
8,35.18975127767484,4.349084279095551,-0.5308382386632002,0.5680109312342356,0.09651089843081356
