subject_num,neg_llh,gamma_base,gamma_coef,beta,epsilon
89,56.165278432212084,1.3019602546095848,2.4934585241675378,0.3482069469541311,0.23882271902263164
