subject_num,neg_llh,gamma_base,gamma_coef,beta,epsilon
88,50.06248659377123,5.223906250000001,2.99984765625,0.9999746093749999,0.18992193603515622
