subject_num,neg_llh,gamma_base,gamma_coef,beta,epsilon
82,58.180795465154695,7.364269006112591,-2.4295851243878714,0.7922022604937665,0.06832471697893927
