subject_num,neg_llh,gamma_base,gamma_coef,beta,epsilon
84,73.18649497682776,-3.3529614863835744,-2.212787452081335,0.2248915958033758,0.06029669185879177
