subject_num,neg_llh,gamma_base,gamma_coef,beta,epsilon
81,75.17958178037713,3.817437641751021,-1.880695226641372,0.7894702694127336,0.11481206489447504
