subject_num,neg_llh,gamma_base,gamma_coef,beta,epsilon
94,50.06158170373624,6.024253878258169,-2.353695097345859,0.40612048770766707,1.0337680711458574e-10
