subject_num,neg_llh,gamma_base,gamma_coef,beta,epsilon
92,53.3653012356045,-9.357461573673646,2.255158392350888,0.6342008418283076,0.1413397403389099
