subject_num,neg_llh,gamma_base,gamma_coef,beta,epsilon
9,57.78049983148658,9.829175217993326,-2.8290192758735504,0.4017452812098782,0.03653217873495307
