subject_num,neg_llh,gamma_base,gamma_coef,beta,epsilon
97,59.99033531985526,-5.013863772153854,2.78800518630445,0.6049779781401158,0.16931407130882142
