subject_num,neg_llh,gamma_base,gamma_coef,beta,epsilon
96,57.71340902549377,-2.73289904023055,-1.4849811441251077,0.5300187262133695,0.013037247795611606
