subject_num,neg_llh,gamma_base,gamma_coef,beta,epsilon
93,68.5385531546462,-9.590165377296508,2.973049101356417,0.9999949752362445,0.11034237620979548
