subject_num,neg_llh,gamma_base,gamma_coef,beta,epsilon
98,78.06531177988913,6.131873654779047,-2.237605259608012,0.22415972055285238,0.09374957412993534
