subject_num,neg_llh,gamma_base,gamma_coef,beta,epsilon
91,50.807499800666356,9.192660293579102,2.1193156871795655,0.1707257480621338,0.09301730632781985
