subject_num,neg_llh,gamma_base,gamma_coef,beta,epsilon
90,53.88150947752405,8.534231214150786,-2.9999999993797393,0.06541853383742274,1.0337680711458574e-10
