subject_num,neg_llh,gamma_base,gamma_coef,beta,epsilon
95,74.85881708693026,1.2443326979875564,0.818814640045166,0.20932509614527228,0.40100060555338857
