subject_num,neg_llh,gamma_base,gamma_coef,beta,epsilon
99,67.57756629871695,-2.189384364243597,-2.4687826401181523,0.43492510851472616,0.03113686126749965
