subject_num,neg_llh,gamma_base,gamma_coef,beta,epsilon
192,48.785208804330445,0.5238929891586304,0.0,0.5268813195824623,0.1227859002351761
