subject_num,neg_llh,gamma_base,gamma_coef,beta,epsilon
162,76.92248807315843,-3.986837615966797,0.0,0.08909983348846434,0.0038986063003539906
