subject_num,neg_llh,gamma_base,gamma_coef,beta,epsilon
147,65.77694834282251,-8.962304543331266,0.0,0.9942736665159464,0.025827203843742597
