subject_num,neg_llh,gamma_base,gamma_coef,beta,epsilon
183,96.84333865315232,-3.5255256843566896,0.0,0.7182068538665771,0.3347937173843384
