subject_num,neg_llh,gamma_base,gamma_coef,beta,epsilon
125,82.06607023496264,-9.999999970048666,0.0,0.1474494763761759,0.037855629205703734
