subject_num,neg_llh,gamma_base,gamma_coef,beta,epsilon
196,81.26404647083439,-1.8618750953674317,0.0,0.06078143501281741,1.6880035402788707e-7
