subject_num,neg_llh,gamma_base,gamma_coef,beta,epsilon
188,40.54496658447859,1.5145753288269044,0.0,0.37457900428771973,0.08160847568511964
