subject_num,neg_llh,gamma_base,gamma_coef,beta,epsilon
198,73.26086604459844,-4.033017349243164,0.0,0.9123492317199706,0.08795343017578128
