subject_num,neg_llh,gamma_base,gamma_coef,beta,epsilon
170,42.578256736075865,1.382491488456726,0.0,0.9977280824184418,0.15267120456695554
