subject_num,neg_llh,gamma_base,gamma_coef,beta,epsilon
144,56.46194552180528,-9.111369876861573,0.0,0.6489781799316406,0.015039038658142101
