subject_num,neg_llh,gamma_base,gamma_coef,beta,epsilon
100,79.13746044670901,-6.01943115234375,0.0,0.29820422601699825,0.08075521659851076
