subject_num,neg_llh,gamma_base,gamma_coef,beta,epsilon
116,42.61685386160426,-0.117562255859375,0.0,0.33157531738281254,2.5390625000010214e-5
