subject_num,neg_llh,gamma_base,gamma_coef,beta,epsilon
105,66.78395602051455,-3.4845355348289013,0.0,0.5430084438808263,0.050030156373977674
