subject_num,neg_llh,gamma_base,gamma_coef,beta,epsilon
101,89.67750469908584,-0.7643234530091286,0.0,0.06932047261297702,0.21799617654085157
