subject_num,neg_llh,gamma_base,gamma_coef,beta,epsilon
122,87.93639916508882,-5.87672822763212,0.0,0.053637856716755805,1.0337680711458574e-10
