subject_num,neg_llh,gamma_base,gamma_coef,beta,epsilon
187,85.83229463119834,-9.417227711286396,0.0,0.06661958660557865,1.0337680711458574e-10
