subject_num,neg_llh,gamma_base,gamma_coef,beta,epsilon
117,79.13569923377233,0.6024256610870362,0.0,0.09503338670730593,0.18050015687942506
