subject_num,neg_llh,gamma_base,gamma_coef,beta,epsilon
18,47.792997212524114,2.60989492893219,0.0,0.40096531581878664,0.14966915309429168
