subject_num,neg_llh,gamma_base,gamma_coef,beta,epsilon
168,77.63287001243252,-9.92467378616333,0.0,0.999999950170517,0.1123848123550415
