subject_num,neg_llh,gamma_base,gamma_coef,beta,epsilon
131,63.50307698776706,-9.99999662399292,0.0,0.999999831199646,0.04389137840270996
