subject_num,neg_llh,gamma_base,gamma_coef,beta,epsilon
184,79.52758090943996,-4.2186636602878576,0.0,0.7053659113645554,0.14035733276605605
