subject_num,neg_llh,gamma_base,gamma_coef,beta,epsilon
114,51.75586090624436,2.079039764404297,0.0,0.212103816986084,0.0845042266845703
