subject_num,neg_llh,gamma_base,gamma_coef,beta,epsilon
194,78.6617014380073,-5.425078826677054,0.0,0.40977263877447695,0.10723414184059948
