subject_num,neg_llh,gamma_base,gamma_coef,beta,epsilon
128,71.00307163156151,-6.6645911502838135,0.0,0.4672526729106903,0.049255418062210066
