subject_num,neg_llh,gamma_base,gamma_coef,beta,epsilon
193,69.14344118957112,-3.5207763671875,0.0,0.9999746093749999,0.08213623046875002
