subject_num,neg_llh,gamma_base,gamma_coef,beta,epsilon
132,79.07673008514622,-9.251442611217499,0.0,0.3029511637687683,0.10796305173635484
