subject_num,neg_llh,gamma_base,gamma_coef,beta,epsilon
136,58.26892483595969,-3.0275874576705974,0.0,0.6731774371906067,0.046238468131108657
