subject_num,neg_llh,gamma_base,gamma_coef,beta,epsilon
118,84.2990561177603,-6.573716440200806,0.0,0.3323254584670067,0.107989641726017
