subject_num,neg_llh,gamma_base,gamma_coef,beta,epsilon
141,66.17665307669233,-4.03883264541626,0.0,0.9229657163619995,0.05108673667907715
