subject_num,neg_llh,gamma_base,gamma_coef,beta,epsilon
107,37.952383399340235,2.1187839357182385,0.0,0.2233819669568911,0.020226609661243844
