subject_num,neg_llh,gamma_base,gamma_coef,beta,epsilon
174,71.94948391638574,-9.483517007231713,0.0,0.22560116639733313,5.21540644005114e-9
