subject_num,neg_llh,gamma_base,gamma_coef,beta,epsilon
108,31.065022838341218,1.9542060089111328,0.0,0.2703938331604004,6.446838378693087e-7
