subject_num,neg_llh,gamma_base,gamma_coef,beta,epsilon
129,61.28051366623356,1.399186075925827,0.0,0.2222443586587906,0.17461799907684328
