subject_num,neg_llh,gamma_base,gamma_coef,beta,epsilon
120,87.07524593195734,-8.784633035659791,0.0,0.3799469699859619,0.18554809093475344
