subject_num,neg_llh,gamma_base,gamma_coef,beta,epsilon
19,63.7983940953671,-4.298534903228283,0.0,0.27944971740245816,5.21540644005114e-9
