subject_num,neg_llh,gamma_base,gamma_coef,beta,epsilon
199,56.49604023111312,-3.467334651947022,0.0,0.5023164818286896,4.982948303977608e-8
