subject_num,neg_llh,gamma_base,gamma_coef,beta,epsilon
190,33.66533747342508,1.8741171979904176,0.0,0.3521676285266876,0.027127906799316426
