subject_num,neg_llh,gamma_base,gamma_coef,beta,epsilon
139,48.14377735422745,1.7010740661621095,0.0,0.22875212478637696,0.056864913940429695
