subject_num,neg_llh,gamma_base,gamma_coef,beta,epsilon
135,86.0560940954953,-2.6404446037858724,0.0,0.11465076316520573,0.16359190702065823
