subject_num,neg_llh,gamma_base,gamma_coef,beta,epsilon
10,83.87073264399336,-9.9994921875,0.0,0.9999746093749999,0.9999746093749999
