subject_num,neg_llh,gamma_base,gamma_coef,beta,epsilon
16,69.76671694524623,-3.773230352569372,0.0,0.3436680912307929,0.03130483512487264
