subject_num,neg_llh,gamma_base,gamma_coef,beta,epsilon
137,31.682477292364602,1.7867806816101075,0.0,0.4790463743209839,0.03747646903991697
