subject_num,neg_llh,gamma_base,gamma_coef,beta,epsilon
197,62.697064885270635,-5.1459375000000005,0.0,0.997416259765625,0.02606573486328123
