subject_num,neg_llh,gamma_base,gamma_coef,beta,epsilon
166,53.25640474894799,1.2236571964621545,0.0,0.24520816636458037,0.12750232009962204
