subject_num,neg_llh,gamma_base,gamma_coef,beta,epsilon
142,66.08068141757548,0.4138818144798279,0.0,0.1644579684883356,0.11266347931325438
