subject_num,neg_llh,gamma_base,gamma_coef,beta,epsilon
173,78.8257147309286,-4.046733500957489,0.0,0.9999999947845936,0.10701915171742438
