subject_num,neg_llh,gamma_base,gamma_coef,beta,epsilon
126,92.77918742854845,-3.3250550079345707,0.0,0.9999993553161621,0.5326037292480469
