subject_num,neg_llh,gamma_base,gamma_coef,beta,epsilon
106,90.13607567736824,-6.133371972069145,0.0,0.05925877702608706,1.4975666817740318e-9
