subject_num,neg_llh,gamma_base,gamma_coef,beta,epsilon
102,81.79606316239325,-9.99999662399292,0.0,0.7677943887710571,0.11241717243194582
