subject_num,neg_llh,gamma_base,gamma_coef,beta,epsilon
180,47.3886612446281,1.62509867310524,0.0,0.23086724841594697,0.07430213989317419
