subject_num,neg_llh,gamma_base,gamma_coef,beta,epsilon
146,68.76166879052968,-9.653191776275635,0.0,0.9993368065357209,0.031850693464279156
