subject_num,neg_llh,gamma_base,gamma_coef,beta,epsilon
11,84.78197211468809,-2.027226016819477,0.0,0.10772950448095797,0.11680150184035304
