subject_num,neg_llh,gamma_base,gamma_coef,beta,epsilon
159,86.9349557681234,-2.078006019070745,0.0,0.8165707505345344,0.41161565882712603
