subject_num,neg_llh,gamma_base,gamma_coef,beta,epsilon
154,80.50747372498341,0.07963434219360352,0.0,0.08685187888145446,0.13455443930625915
