subject_num,neg_llh,gamma_base,gamma_coef,beta,epsilon
182,84.00406190455682,-3.879000039100647,0.0,0.45085277628898623,0.1650414388179779
