subject_num,neg_llh,gamma_base,gamma_coef,beta,epsilon
143,37.15194920957704,2.0247509765625002,0.0,0.214317626953125,2.5390625000010214e-5
