subject_num,neg_llh,gamma_base,gamma_coef,beta,epsilon
123,79.95206139405938,-9.999999598264695,0.0,0.14934552258253098,0.04887072575092316
