subject_num,neg_llh,gamma_base,gamma_coef,beta,epsilon
150,65.54381481150642,-3.392425832748413,0.0,0.6774465114474296,0.0535174602866173
