subject_num,neg_llh,gamma_base,gamma_coef,beta,epsilon
176,71.74173245289272,-0.38766598820686343,0.0,0.15583336108922957,0.09805930671095847
