subject_num,neg_llh,gamma_base,gamma_coef,beta,epsilon
179,63.41259800576761,-5.713071641921998,0.0,0.48279669308662415,0.029810461997985815
