subject_num,neg_llh,gamma_base,gamma_coef,beta,epsilon
119,69.57943333960009,-3.201958227157593,0.0,0.40675762087106704,0.04797398281097415
