subject_num,neg_llh,gamma_base,gamma_coef,beta,epsilon
104,92.86576473266038,-4.3703616333007815,0.0,0.05873228073120118,0.17874628829956057
