subject_num,neg_llh,gamma_base,gamma_coef,beta,epsilon
163,82.54639087475562,-3.22881471157074,0.0,0.5102078197002411,0.180987818479538
