subject_num,neg_llh,gamma_base,gamma_coef,beta,epsilon
152,55.601931989984436,1.9816609168052675,0.0,0.2572009748220444,0.1450879789441824
