subject_num,neg_llh,gamma_base,gamma_coef,beta,epsilon
160,56.81920285940087,1.2369669139385224,0.0,0.2687270215153694,0.15991685777902603
