subject_num,neg_llh,gamma_base,gamma_coef,beta,epsilon
158,73.05459950337679,2.1900508892536164,0.0,0.20408601307868957,0.35557563091814515
