subject_num,neg_llh,gamma_base,gamma_coef,beta,epsilon
134,80.50283147478626,-4.410478610992432,0.0,0.8780946626663209,0.13867356777191164
