subject_num,neg_llh,gamma_base,gamma_coef,beta,epsilon
1,93.21886701215776,-6.808714842796326,0.0,0.09300752097368242,0.15747789543867113
