subject_num,neg_llh,gamma_base,gamma_coef,beta,epsilon
113,100.78840840500531,-9.999999895691872,0.0,0.9999999947845936,0.36901542073488236
