subject_num,neg_llh,gamma_base,gamma_coef,beta,epsilon
140,68.95884895757513,-6.8273398813605315,0.0,0.35773434250056746,0.04692932190001009
