subject_num,neg_llh,gamma_base,gamma_coef,beta,epsilon
164,41.048595273987836,9.15763526916504,0.0,0.5555565414428711,0.1254739875793457
