subject_num,neg_llh,gamma_base,gamma_coef,beta,epsilon
12,76.40859933657624,0.469639892578125,0.0,0.30322789001464845,0.4137394561767578
