subject_num,neg_llh,gamma_base,gamma_coef,beta,epsilon
165,45.08866558959664,3.5062919610738756,0.0,0.9999999947845936,0.17803864212334158
