subject_num,neg_llh,gamma_base,gamma_coef,beta,epsilon
156,92.96139916181498,-9.999291535690427,0.0,0.05039061580598353,1.8176622688659272e-6
