subject_num,neg_llh,gamma_base,gamma_coef,beta,epsilon
155,82.06303144869678,-7.2446883583068855,0.0,0.7705673618316651,0.17076251006126403
