subject_num,neg_llh,gamma_base,gamma_coef,beta,epsilon
149,66.57255881207183,1.3212928724288941,0.0,0.30841240262985226,0.2518367567062378
