subject_num,neg_llh,gamma_base,gamma_coef,beta,epsilon
172,61.10687378995999,-2.338193854633719,0.0,0.8541456292942167,0.07324224699288606
