subject_num,neg_llh,gamma_base,gamma_coef,beta,epsilon
103,35.9352387300663,3.276981853246689,0.0,0.7295604820251465,0.08764898371696472
