subject_num,neg_llh,gamma_base,gamma_coef,beta,epsilon
13,79.35635673369993,-5.360583444163203,0.0,0.298860510237515,0.04714778773859141
