subject_num,neg_llh,gamma_base,gamma_coef,beta,epsilon
15,83.6797101113358,-3.5911976051330567,0.0,0.9236305255889893,0.17347207164764405
