subject_num,neg_llh,gamma_base,gamma_coef,beta,epsilon
171,74.08955014046599,-2.8778530216217044,0.0,0.9842748265862464,0.11155513180792331
