subject_num,neg_llh,gamma_base,gamma_coef,beta,epsilon
121,84.48663192685926,-2.2055087373405695,0.0,0.05406513711437583,1.4975666817740318e-9
