subject_num,neg_llh,gamma_base,gamma_coef,beta,epsilon
110,48.25745251789589,1.7414914453029633,0.0,0.2639228290319443,0.09221101099252699
