subject_num,neg_llh,gamma_base,gamma_coef,beta,epsilon
189,51.600019426176374,1.839449681043625,0.0,0.23174373656511305,0.09192336916923521
