subject_num,neg_llh,gamma_base,gamma_coef,beta,epsilon
124,93.34532975151042,-9.54995361328125,0.0,0.5064948577880859,0.20932275390625
