subject_num,neg_llh,gamma_base,gamma_coef,beta,epsilon
177,52.31374023742786,1.024953088760376,0.0,0.3457037923932076,0.15181749933958055
