subject_num,neg_llh,gamma_base,gamma_coef,beta,epsilon
167,68.85234093849826,1.3183702135644855,0.0,0.17371921411342917,0.22041713942494245
