subject_num,neg_llh,gamma_base,gamma_coef,beta,epsilon
157,60.260543151955545,0.008489761352539062,0.0,0.36897785568237307,0.10905029678344724
