subject_num,neg_llh,gamma_base,gamma_coef,beta,epsilon
185,21.194942808579114,6.706125071048737,0.0,0.5554503896832466,0.019637798190116906
