subject_num,neg_llh,gamma_base,gamma_coef,beta,epsilon
145,92.68931087191893,-9.695992736816407,0.0,0.5141851348876953,0.26320037841796873
