subject_num,neg_llh,gamma_base,gamma_coef,beta,epsilon
151,76.49845591682784,-7.899273377358914,0.0,0.20751201725006102,0.04079939238727093
