subject_num,neg_llh,gamma_base,gamma_coef,beta,epsilon
112,91.72346634432314,-4.9705078125,0.0,0.984380859375,0.228083984375
