subject_num,neg_llh,gamma_base,gamma_coef,beta,epsilon
181,74.67577865404076,-2.2921118354797363,0.0,0.5833043556213379,0.14394492912292478
