subject_num,neg_llh,gamma_base,gamma_coef,beta,epsilon
191,77.95893490120567,-5.8469709777832035,0.0,0.513035400390625,0.12876139068603515
