subject_num,neg_llh,gamma_base,gamma_coef,beta,epsilon
111,89.67066424201226,-6.456195378005505,0.0,0.049293273106217395,5.21540644005114e-9
