subject_num,neg_llh,gamma_base,gamma_coef,beta,epsilon
153,68.1863743802101,0.6002294495142997,0.0,0.09969494845252486,1.0337680711458574e-10
