subject_num,neg_llh,gamma_base,gamma_coef,beta,epsilon
178,46.93996811620676,1.4440345251560212,0.0,0.4024790621437132,0.1327971187122166
