subject_num,neg_llh,gamma_base,gamma_coef,beta,epsilon
130,64.36338606665171,-6.256805775016547,0.0,0.4668248118329793,0.011628340832889106
