subject_num,neg_llh,gamma_base,gamma_coef,beta,epsilon
175,95.00570137736268,-5.167707263994962,0.0,0.07500986646767704,0.17391351259965449
