subject_num,neg_llh,gamma_base,gamma_coef,beta,epsilon
17,67.83267132096191,1.1799405505880713,0.0,0.15287438543699683,0.17053679257631305
