subject_num,neg_llh,gamma_base,gamma_coef,beta,epsilon
14,58.755492180294695,-5.620579076707363,0.0,0.4485413209795952,0.01568972009420394
