subject_num,neg_llh,gamma_base,gamma_coef,beta,epsilon
186,89.43563746952016,-1.9799798583984376,0.0,0.08764886474609374,0.35648115539550784
