subject_num,neg_llh,gamma_base,gamma_coef,beta,epsilon
115,64.06509899759834,0.8337341821193696,0.0,0.3016591698527336,0.18931340003013614
