subject_num,neg_llh,gamma_base,gamma_coef,beta,epsilon
195,25.6381892262808,1.176231689453125,0.0,0.3541797828674317,6.446838378693087e-7
