subject_num,neg_llh,gamma_base,gamma_coef,beta,epsilon
148,30.807591454955514,1.4705656242370606,0.0,0.2984015986919403,4.982948303977608e-8
