subject_num,neg_llh,gamma_base,gamma_coef,beta,epsilon
161,64.25839720299736,1.3695789849758149,0.0,0.09653872513771056,0.008468931794166579
