subject_num,neg_llh,gamma_base,gamma_coef,beta,epsilon
169,89.72390187574766,-6.6218806076049805,0.0,0.1719868392944336,0.1940516529083252
