subject_num,neg_llh,gamma_base,gamma_coef,beta,epsilon
133,54.58000158904058,-3.1524425506591798,0.0,0.5987020416259765,6.446838378693087e-7
