subject_num,neg_llh,gamma_base,gamma_coef,beta,epsilon
138,78.15424064517163,-3.0018444633483887,0.0,0.5139286336898804,0.11368302249908446
