subject_num,neg_llh,gamma_base,gamma_coef,beta,epsilon
109,79.8008057868128,-0.8895122250169516,0.0,0.07837213338911536,1.4975666817740318e-9
