subject_num,neg_llh,gamma_base,gamma_coef,beta,epsilon
127,84.12104286764983,-9.395685274600982,0.0,0.18389293843507765,0.09371486228704451
