subject_num,neg_llh,gamma_base,gamma_coef,beta,epsilon
235,61.14453109117876,-3.36013356924057,0.0,0.9999999799132346,0.048745776593685175
