subject_num,neg_llh,gamma_base,gamma_coef,beta,epsilon
249,65.0044492645946,-6.497560806274414,0.0,0.1866135940551758,6.446838378693087e-7
