subject_num,neg_llh,gamma_base,gamma_coef,beta,epsilon
220,46.08376481529761,1.0250530242919922,0.0,0.9999993553161621,0.16365126419067383
