subject_num,neg_llh,gamma_base,gamma_coef,beta,epsilon
257,85.06281780168494,-6.010665378570557,0.0,0.9999828481078148,0.1613143193721771
