subject_num,neg_llh,gamma_base,gamma_coef,beta,epsilon
269,66.55147303394381,-0.08802790444344283,0.0,0.11710469492245468,0.023175893834792072
