subject_num,neg_llh,gamma_base,gamma_coef,beta,epsilon
258,78.47793305265029,-3.0031769371032717,0.0,0.702324123620987,0.17974659538269044
