subject_num,neg_llh,gamma_base,gamma_coef,beta,epsilon
298,65.56610665312633,-4.920111900269985,0.0,0.8076799829900265,0.027720277637243274
