subject_num,neg_llh,gamma_base,gamma_coef,beta,epsilon
261,107.73658855356186,-9.999987106323243,0.0,0.9999993553161621,0.40978962326049806
