subject_num,neg_llh,gamma_base,gamma_coef,beta,epsilon
292,51.76567765557772,1.600459805727005,0.0,0.18722935754060743,0.07237220185995102
