subject_num,neg_llh,gamma_base,gamma_coef,beta,epsilon
263,66.877595383566,-8.448035888671875,0.0,0.7131653442382813,0.038217895507812516
