subject_num,neg_llh,gamma_base,gamma_coef,beta,epsilon
281,49.91581382481554,1.7369366455078126,0.0,0.1439553985595703,2.54821777345704e-6
