subject_num,neg_llh,gamma_base,gamma_coef,beta,epsilon
27,57.59454171996825,1.6266469813976439,0.0,0.15879144445993004,0.10827872909186409
