subject_num,neg_llh,gamma_base,gamma_coef,beta,epsilon
219,76.16124079627514,-6.322473754882813,0.0,0.2973307418823242,0.08264066696166994
