subject_num,neg_llh,gamma_base,gamma_coef,beta,epsilon
237,105.66907390632224,-9.999949035644532,0.0,0.9999974517822265,0.2616470947265625
