subject_num,neg_llh,gamma_base,gamma_coef,beta,epsilon
253,87.82614307256742,-6.260199493467808,0.0,0.5572372001819312,0.1448826835528016
