subject_num,neg_llh,gamma_base,gamma_coef,beta,epsilon
26,60.629712765538784,9.64367306560278,0.0,0.3461604100316763,0.2591237076818943
