subject_num,neg_llh,gamma_base,gamma_coef,beta,epsilon
229,82.95536060756763,-9.370538104176521,0.0,0.9998939991742373,0.11261016549170016
