subject_num,neg_llh,gamma_base,gamma_coef,beta,epsilon
267,69.7554739140265,0.479970133304596,0.0,0.15438218414783478,0.0955530291646719
