subject_num,neg_llh,gamma_base,gamma_coef,beta,epsilon
234,86.15672999704975,-1.3026644134521486,0.0,0.04998744583129883,6.446838378693087e-7
