subject_num,neg_llh,gamma_base,gamma_coef,beta,epsilon
227,77.89063557123936,-5.6297777557373045,0.0,0.6510073471069335,0.07689389801025392
