subject_num,neg_llh,gamma_base,gamma_coef,beta,epsilon
206,27.53506361669022,9.999999598264695,0.0,0.9996238237619399,0.06766208559274672
