subject_num,neg_llh,gamma_base,gamma_coef,beta,epsilon
243,76.44837833592756,-2.8352422657608987,0.0,0.38975989004597067,0.11491848108544944
