subject_num,neg_llh,gamma_base,gamma_coef,beta,epsilon
224,98.45787100251263,-8.634125366210938,0.0,0.9999974517822265,0.403879150390625
