subject_num,neg_llh,gamma_base,gamma_coef,beta,epsilon
274,59.781074020789355,-9.99999662399292,0.0,0.5637493515014649,1.6880035402788707e-7
