subject_num,neg_llh,gamma_base,gamma_coef,beta,epsilon
205,86.46625583222244,-8.6302516746521,0.0,0.48522191429138184,0.1887413880825043
