subject_num,neg_llh,gamma_base,gamma_coef,beta,epsilon
29,72.88856734549738,-9.91572717666626,0.0,0.15253557777404786,4.982948303977608e-8
