subject_num,neg_llh,gamma_base,gamma_coef,beta,epsilon
20,78.22080659072023,-9.13066219329834,0.0,0.36987108898162846,0.04089236068725588
