subject_num,neg_llh,gamma_base,gamma_coef,beta,epsilon
22,46.77511224314509,1.381147117614746,0.0,0.3958191118240356,0.08541173648834227
