subject_num,neg_llh,gamma_base,gamma_coef,beta,epsilon
291,39.592290503532666,1.6687139892578127,0.0,0.2524339904785156,0.02251754760742186
