subject_num,neg_llh,gamma_base,gamma_coef,beta,epsilon
23,56.89071869031603,1.9417652249336244,0.0,0.21191911470890046,0.17013583099842072
