subject_num,neg_llh,gamma_base,gamma_coef,beta,epsilon
296,70.25925668820491,-2.8736296463245528,0.0,0.629787989531178,0.06709972167154776
