subject_num,neg_llh,gamma_base,gamma_coef,beta,epsilon
28,52.6763320953359,1.0579859459400178,0.0,0.2988409581184387,0.1342144205570221
