subject_num,neg_llh,gamma_base,gamma_coef,beta,epsilon
254,89.62870681802096,-6.45381000536203,0.0,0.07993084352173901,0.14081527063700194
