subject_num,neg_llh,gamma_base,gamma_coef,beta,epsilon
286,81.12281234808005,-4.185566558837891,0.0,0.431269100189209,0.16140699768066408
