subject_num,neg_llh,gamma_base,gamma_coef,beta,epsilon
294,88.20848303439303,-9.99999662399292,0.0,0.999016655921936,0.22010484600067137
