subject_num,neg_llh,gamma_base,gamma_coef,beta,epsilon
200,68.5149793890704,-4.317277016565204,0.0,0.9334031981751323,0.057353436220437315
