subject_num,neg_llh,gamma_base,gamma_coef,beta,epsilon
284,60.335407036318344,2.167580228820443,0.0,0.9993146426342427,0.2597673177868128
