subject_num,neg_llh,gamma_base,gamma_coef,beta,epsilon
209,40.167355484132855,1.3759861984103918,0.0,0.22918581078946593,1.4975666817740318e-9
