subject_num,neg_llh,gamma_base,gamma_coef,beta,epsilon
262,66.54594463210165,-9.888186609745025,0.0,0.40214104545116425,2.008676530662612e-8
