subject_num,neg_llh,gamma_base,gamma_coef,beta,epsilon
266,38.476109093896035,1.7770345878601075,0.0,0.3284544734954834,0.04903282356262206
