subject_num,neg_llh,gamma_base,gamma_coef,beta,epsilon
231,67.90311244096642,-2.74871430516243,0.0,0.2501033213734627,0.038437932133674635
