subject_num,neg_llh,gamma_base,gamma_coef,beta,epsilon
204,68.05786466614083,-2.1201940193772315,0.0,0.9998237691819668,0.11232560203969477
