subject_num,neg_llh,gamma_base,gamma_coef,beta,epsilon
228,91.89067934709217,-7.000952734947205,0.0,0.2632098663449287,0.11373067033290862
