subject_num,neg_llh,gamma_base,gamma_coef,beta,epsilon
240,82.53782696005574,-7.325273277759552,0.0,0.216548211812973,0.11986703914403918
