subject_num,neg_llh,gamma_base,gamma_coef,beta,epsilon
207,57.07214211540181,-1.1854135638475418,0.0,0.4019775348603726,0.04415871338546279
