subject_num,neg_llh,gamma_base,gamma_coef,beta,epsilon
272,84.75064353322725,-9.999999895691872,0.0,0.06421358105540276,5.21540644005114e-9
