subject_num,neg_llh,gamma_base,gamma_coef,beta,epsilon
293,88.07365480905169,-7.12633241802454,0.0,0.12351047001779081,0.17857201828062536
