subject_num,neg_llh,gamma_base,gamma_coef,beta,epsilon
268,67.41813995654672,-2.754057286977768,0.0,0.2689600259661674,0.02934296596050262
