subject_num,neg_llh,gamma_base,gamma_coef,beta,epsilon
273,43.178070014258424,2.482360534667969,0.0,0.2566450834274292,0.06408644580841066
