subject_num,neg_llh,gamma_base,gamma_coef,beta,epsilon
226,82.38342500866953,7.078785858154297,0.0,0.006832427978515632,0.13734061813354492
