subject_num,neg_llh,gamma_base,gamma_coef,beta,epsilon
255,87.33482400891202,0.07088481537997723,0.0,0.19919301069900391,0.48127451656013726
