subject_num,neg_llh,gamma_base,gamma_coef,beta,epsilon
270,77.01648565757517,-2.5793864849209784,0.0,0.19456013441085818,0.09612600031495094
