subject_num,neg_llh,gamma_base,gamma_coef,beta,epsilon
210,46.04954352855277,2.7642098893225193,0.0,0.8150195767171681,0.17637218739092347
