subject_num,neg_llh,gamma_base,gamma_coef,beta,epsilon
213,90.37976507801464,9.999949035644532,0.0,0.447736572265625,0.7750606536865234
