subject_num,neg_llh,gamma_base,gamma_coef,beta,epsilon
21,33.978863463580836,3.765266265869141,0.0,0.5124738578796386,0.07409570312500002
