subject_num,neg_llh,gamma_base,gamma_coef,beta,epsilon
211,63.06970779071422,-7.318455243036151,0.0,0.24495820856466888,1.4975666817740318e-9
