subject_num,neg_llh,gamma_base,gamma_coef,beta,epsilon
277,45.02915661635343,-0.4469307327270508,0.0,0.45182928919792176,0.028606119871139535
