subject_num,neg_llh,gamma_base,gamma_coef,beta,epsilon
201,93.01328534100875,-2.7377005767822267,0.0,0.16541298484802247,0.36533163642883304
