subject_num,neg_llh,gamma_base,gamma_coef,beta,epsilon
238,60.31165712665249,1.219639141187072,0.0,0.22793587307631968,0.1742502062059939
