subject_num,neg_llh,gamma_base,gamma_coef,beta,epsilon
283,46.480281735770966,1.782876057624817,0.0,0.26709466680884364,0.10258457942306998
