subject_num,neg_llh,gamma_base,gamma_coef,beta,epsilon
230,68.77200312435602,1.8775261595845223,0.0,0.2721846347600222,0.2715327636152506
