subject_num,neg_llh,gamma_base,gamma_coef,beta,epsilon
212,81.44967854695045,-3.3505623626708987,0.0,0.3258970756530762,0.13873400497436522
