subject_num,neg_llh,gamma_base,gamma_coef,beta,epsilon
295,83.9323373713092,-2.745651957765222,0.0,0.07314160878956316,0.056443171497434386
