subject_num,neg_llh,gamma_base,gamma_coef,beta,epsilon
259,84.54680742019794,1.3517873373627662,0.0,0.44782075902819635,0.5318833308815956
