subject_num,neg_llh,gamma_base,gamma_coef,beta,epsilon
279,11.827091737891989,4.227006492614747,0.0,0.999999831199646,0.018289322853088374
