subject_num,neg_llh,gamma_base,gamma_coef,beta,epsilon
280,79.15828002317951,-7.455761718750001,0.0,0.802494384765625,0.11746582031250002
