subject_num,neg_llh,gamma_base,gamma_coef,beta,epsilon
222,65.25754294176329,-2.882027837284841,0.0,0.8885641610047315,0.07230069211754014
