subject_num,neg_llh,gamma_base,gamma_coef,beta,epsilon
290,90.50270098754348,-3.7534459149837494,0.0,0.052978165328502635,0.09251117449998858
