subject_num,neg_llh,gamma_base,gamma_coef,beta,epsilon
215,33.02993080857182,2.6523223209381106,0.0,0.4826037669479847,0.0631250645071268
