subject_num,neg_llh,gamma_base,gamma_coef,beta,epsilon
24,84.65718614661345,-2.584987187385559,0.0,0.30614672136306764,0.21915629124641417
