subject_num,neg_llh,gamma_base,gamma_coef,beta,epsilon
202,61.47649454791908,-0.5587355419993401,0.0,0.2507121994197369,0.05949057875573638
