subject_num,neg_llh,gamma_base,gamma_coef,beta,epsilon
275,91.70090377871996,-7.609052899940871,0.0,0.10027034537703733,0.1360838243754115
