subject_num,neg_llh,gamma_base,gamma_coef,beta,epsilon
250,57.841483262933814,0.05406036376953125,0.0,0.22625516414642333,0.05054565715789794
