subject_num,neg_llh,gamma_base,gamma_coef,beta,epsilon
265,75.94074039932704,-2.2616178166866305,0.0,0.14426243263483046,0.0783569125533104
