subject_num,neg_llh,gamma_base,gamma_coef,beta,epsilon
239,85.22349337487354,-6.990944905281067,0.0,0.6434342563152313,0.17801711583137514
