subject_num,neg_llh,gamma_base,gamma_coef,beta,epsilon
2,53.882021241354785,1.89735414236784,0.0,0.2375994530916214,0.132567930623889
