subject_num,neg_llh,gamma_base,gamma_coef,beta,epsilon
216,31.924972108994325,1.6586585712432862,0.0,0.24849617362022403,0.007796924829483021
