subject_num,neg_llh,gamma_base,gamma_coef,beta,epsilon
246,67.77136386478871,2.0314371395111084,0.0,0.1581625430583954,0.1887325842380524
