subject_num,neg_llh,gamma_base,gamma_coef,beta,epsilon
289,79.35604346615011,-3.6874016525596383,0.0,0.9999999985024333,0.14862716902792455
