subject_num,neg_llh,gamma_base,gamma_coef,beta,epsilon
242,74.07386942428735,-6.069053902626038,0.0,0.3088221383094788,0.07432281851768496
