subject_num,neg_llh,gamma_base,gamma_coef,beta,epsilon
256,60.44087643697942,0.7768131637573242,0.0,0.39062192881107327,0.20732011723518373
