subject_num,neg_llh,gamma_base,gamma_coef,beta,epsilon
271,67.95618578832135,-2.2461432011425497,0.0,0.45017698642238974,0.06605845305696129
