subject_num,neg_llh,gamma_base,gamma_coef,beta,epsilon
287,78.3714906534226,-9.185748085975648,0.0,0.9314150276184082,0.10256495666503906
