subject_num,neg_llh,gamma_base,gamma_coef,beta,epsilon
278,60.773090597574765,9.750303794518114,0.0,0.19426669415179643,0.219100539916195
