subject_num,neg_llh,gamma_base,gamma_coef,beta,epsilon
282,53.7851595926247,0.8853573253564537,0.0,0.19482519825827332,0.05913076343946161
