subject_num,neg_llh,gamma_base,gamma_coef,beta,epsilon
297,49.68720791052141,0.8885162529349327,0.0,0.182560910820961,5.21540644005114e-9
