subject_num,neg_llh,gamma_base,gamma_coef,beta,epsilon
245,74.20599194420271,-2.7056461063027384,0.0,0.1887099779136479,0.0414947734102607
