subject_num,neg_llh,gamma_base,gamma_coef,beta,epsilon
208,83.91470986796296,-9.99999662399292,0.0,0.2462251386642456,0.11201552677154542
