subject_num,neg_llh,gamma_base,gamma_coef,beta,epsilon
203,72.17772967524331,-9.376237106323243,0.0,0.40911957931518556,0.08175742721557616
