subject_num,neg_llh,gamma_base,gamma_coef,beta,epsilon
244,83.28856488424559,-1.1250599384307862,0.0,0.23760379552841188,0.2168289830684662
