subject_num,neg_llh,gamma_base,gamma_coef,beta,epsilon
260,87.55281334598652,-1.1435451862215997,0.0,0.5402574153691531,0.8286482792645693
