subject_num,neg_llh,gamma_base,gamma_coef,beta,epsilon
276,85.24557630297394,-2.045058709383011,0.0,0.10752333539724351,0.11857534265518188
