subject_num,neg_llh,gamma_base,gamma_coef,beta,epsilon
241,40.68843143119842,1.4258896827697753,0.0,0.34226128101348874,0.07115759849548342
