subject_num,neg_llh,gamma_base,gamma_coef,beta,epsilon
225,59.45643234462475,-9.999999598264695,0.0,0.5091766991615295,2.008676530662612e-8
