subject_num,neg_llh,gamma_base,gamma_coef,beta,epsilon
25,85.42904401478725,-2.085668226480484,0.0,0.05906049162149429,2.008676530662612e-8
