subject_num,neg_llh,gamma_base,gamma_coef,beta,epsilon
217,49.03637882077981,1.8067166304588318,0.0,0.2945817414522171,0.10252962231636048
