subject_num,neg_llh,gamma_base,gamma_coef,beta,epsilon
285,80.56771242960886,-1.1473027324676515,0.0,0.24982674384117126,0.24135328149795532
