subject_num,neg_llh,gamma_base,gamma_coef,beta,epsilon
223,72.58431938002406,-0.42207533836364747,0.0,0.10039265266060832,5.21540644005114e-9
