subject_num,neg_llh,gamma_base,gamma_coef,beta,epsilon
236,94.26849581284218,-8.954071350097657,0.0,0.20938366699218752,0.3500395965576172
