subject_num,neg_llh,gamma_base,gamma_coef,beta,epsilon
288,82.75331026386039,-3.569691389501095,0.0,0.9999999947845936,0.13738502401113512
