subject_num,neg_llh,gamma_base,gamma_coef,beta,epsilon
299,83.2739669904046,-2.834365004301071,0.0,0.17426084852218626,0.13627089154720307
