subject_num,neg_llh,gamma_base,gamma_coef,beta,epsilon
247,53.90122454930831,1.3549640083312988,0.0,0.18018345642089845,0.04845843219757079
