subject_num,neg_llh,gamma_base,gamma_coef,beta,epsilon
252,77.39277941290214,-2.9127709722518924,0.0,0.43916977727413176,0.13133779412508012
