subject_num,neg_llh,gamma_base,gamma_coef,beta,epsilon
264,46.55575042523543,0.9239242148399354,0.0,0.43849586677551267,0.13251465398073198
