subject_num,neg_llh,gamma_base,gamma_coef,beta,epsilon
232,82.71790948250604,-4.798581594079733,0.0,0.2842445911206305,0.16577581254392865
