subject_num,neg_llh,gamma_base,gamma_coef,beta,epsilon
214,43.40285526450258,3.5510806274414066,0.0,0.47310687255859374,0.1097374725341797
