subject_num,neg_llh,gamma_base,gamma_coef,beta,epsilon
218,59.369713117391775,1.5305935668945314,0.0,0.257612078666687,0.20761956691741945
