subject_num,neg_llh,gamma_base,gamma_coef,beta,epsilon
233,61.13574958621233,-4.336883825063706,0.0,0.5417687097787857,2.008676530662612e-8
