subject_num,neg_llh,gamma_base,gamma_coef,beta,epsilon
248,54.44350409423339,4.220950875282288,0.0,0.26733283162117005,0.16858058428764344
