subject_num,neg_llh,gamma_base,gamma_coef,beta,epsilon
251,45.00327141770789,1.6953444290161133,0.0,0.2812677707672119,0.10139571094512939
