subject_num,neg_llh,gamma_base,gamma_coef,beta,epsilon
221,85.29660781184958,-1.2656216430664062,0.0,0.9069679412841797,0.7730657501220703
