subject_num,neg_llh,gamma_base,gamma_coef,beta,epsilon
311,88.77037898920298,-9.240543689727783,0.0,0.999999831199646,0.20300397300720213
