subject_num,neg_llh,gamma_base,gamma_coef,beta,epsilon
399,71.88407821466163,-4.013623163998127,0.0,0.23752400325238704,0.05791157504916189
