subject_num,neg_llh,gamma_base,gamma_coef,beta,epsilon
358,44.18104155087261,5.202624740600586,0.0,0.3142859945297241,0.10584236621856691
