subject_num,neg_llh,gamma_base,gamma_coef,beta,epsilon
32,61.714340653448176,-7.576609029900283,0.0,0.6532684252234175,0.028063612234778712
