subject_num,neg_llh,gamma_base,gamma_coef,beta,epsilon
317,38.019144679013706,1.579904613494873,0.0,0.2700868883132934,0.04608662891387938
