subject_num,neg_llh,gamma_base,gamma_coef,beta,epsilon
367,79.7125751211621,-3.059269323348999,0.0,0.253197188615799,0.08930815148353577
