subject_num,neg_llh,gamma_base,gamma_coef,beta,epsilon
31,71.145477666511,-0.37900312423706056,0.0,0.11740585899353029,1.6880035402788707e-7
