subject_num,neg_llh,gamma_base,gamma_coef,beta,epsilon
373,44.79064201736671,1.7311183750629426,0.0,0.29909406864643096,0.07462613475322721
