subject_num,neg_llh,gamma_base,gamma_coef,beta,epsilon
366,49.92308089638712,1.1851426076889038,0.0,0.2874364104270935,0.12507412648200988
