subject_num,neg_llh,gamma_base,gamma_coef,beta,epsilon
333,57.971838071337494,-3.6759249415993693,0.0,0.4450992036908865,5.21540644005114e-9
