subject_num,neg_llh,gamma_base,gamma_coef,beta,epsilon
328,85.45105887283164,-7.592854232788087,0.0,0.3993982315063477,0.1592978820800781
