subject_num,neg_llh,gamma_base,gamma_coef,beta,epsilon
387,71.32927688086161,-4.743682708740234,0.0,0.688322322845459,0.05924433135986329
