subject_num,neg_llh,gamma_base,gamma_coef,beta,epsilon
389,75.21779240190303,-5.460479854810983,0.0,0.10827932510804383,0.025932684533298
