subject_num,neg_llh,gamma_base,gamma_coef,beta,epsilon
332,72.22632553147764,-9.853916232436896,0.0,0.17720749674737452,1.4975666817740318e-9
