subject_num,neg_llh,gamma_base,gamma_coef,beta,epsilon
300,86.73204675243576,-5.719599823985482,0.0,0.06720961935800734,1.623995382615817e-11
