subject_num,neg_llh,gamma_base,gamma_coef,beta,epsilon
302,71.91921207113076,-0.704945240020752,0.0,0.12703821659088133,0.061995413780212394
