subject_num,neg_llh,gamma_base,gamma_coef,beta,epsilon
316,79.94053832673326,-7.44307466506958,0.0,0.379337363243103,0.12113916492462157
