subject_num,neg_llh,gamma_base,gamma_coef,beta,epsilon
349,68.50648704330096,9.999999598264695,0.0,0.4060522723197937,0.33358854246139524
