subject_num,neg_llh,gamma_base,gamma_coef,beta,epsilon
359,80.63260742718758,9.99999900341034,0.0,0.185066734790802,0.45114128065109255
