subject_num,neg_llh,gamma_base,gamma_coef,beta,epsilon
374,46.80720941900842,2.552254731655121,0.0,0.18612027390301228,0.05539825591444969
