subject_num,neg_llh,gamma_base,gamma_coef,beta,epsilon
364,81.42240158628543,-3.269966735839844,0.0,0.9865266180038452,0.20408375263214112
