subject_num,neg_llh,gamma_base,gamma_coef,beta,epsilon
395,52.46725136680134,2.0115071392059325,0.0,0.24284645515680314,0.13060377359390257
