subject_num,neg_llh,gamma_base,gamma_coef,beta,epsilon
329,54.8592540791752,1.8422115898132325,0.0,0.23240595817565918,0.12029351997375487
