subject_num,neg_llh,gamma_base,gamma_coef,beta,epsilon
368,85.73287307887742,-0.8320500379055739,0.0,0.976768956195563,0.6647419114224613
