subject_num,neg_llh,gamma_base,gamma_coef,beta,epsilon
388,69.20080033634977,2.0988192665576935,0.0,0.4821520494222641,0.3418626988530159
