subject_num,neg_llh,gamma_base,gamma_coef,beta,epsilon
381,88.90088431802626,-3.5068137947330253,0.0,0.05160010365536438,5.018606083484478e-6
