subject_num,neg_llh,gamma_base,gamma_coef,beta,epsilon
335,52.26362621975371,-4.80604248046875,0.0,0.9859341430664063,2.5390625000010214e-5
