subject_num,neg_llh,gamma_base,gamma_coef,beta,epsilon
378,83.56734540431545,-7.012771301269532,0.0,0.3726231231689453,0.14942234802246096
