subject_num,neg_llh,gamma_base,gamma_coef,beta,epsilon
391,72.75676820954442,-3.8400055515766147,0.0,0.9999999799132346,0.11728076112270358
