subject_num,neg_llh,gamma_base,gamma_coef,beta,epsilon
326,45.31103201412809,1.9400425267219543,0.0,0.2743968832343817,0.09951882648468019
