subject_num,neg_llh,gamma_base,gamma_coef,beta,epsilon
30,79.79238553838314,-3.038360304310918,0.0,0.684979659628123,0.19260789119824767
