subject_num,neg_llh,gamma_base,gamma_coef,beta,epsilon
369,77.29341920552625,-3.922807418853045,0.0,0.6944091793261469,0.13455404149740935
