subject_num,neg_llh,gamma_base,gamma_coef,beta,epsilon
321,83.896172319758,-5.384524064064026,0.0,0.2365093824863434,0.16194189071655274
