subject_num,neg_llh,gamma_base,gamma_coef,beta,epsilon
347,34.11082166130474,9.999999895691872,0.0,0.9999999947845936,0.11071385903656483
