subject_num,neg_llh,gamma_base,gamma_coef,beta,epsilon
380,81.59285178940496,-1.2732357788085937,0.0,0.06173034667968752,0.0023096313476562713
