subject_num,neg_llh,gamma_base,gamma_coef,beta,epsilon
390,57.26348835799293,1.7182558393478393,0.0,0.22492709231376645,0.13844288325309756
