subject_num,neg_llh,gamma_base,gamma_coef,beta,epsilon
319,82.45573711243671,-2.84291841506958,0.0,0.999999950170517,0.24945591163635256
