subject_num,neg_llh,gamma_base,gamma_coef,beta,epsilon
320,82.49877746110796,0.36698230743408206,0.0,0.43802474212646486,0.39229995346069335
