subject_num,neg_llh,gamma_base,gamma_coef,beta,epsilon
377,66.31657440498859,1.0115379333496095,0.0,0.22022619628906248,0.24047599029541017
