subject_num,neg_llh,gamma_base,gamma_coef,beta,epsilon
341,86.41871377170523,-6.829727478027344,0.0,0.05973163604736326,6.446838378693087e-7
