subject_num,neg_llh,gamma_base,gamma_coef,beta,epsilon
327,62.982943033463535,-0.6547309442609549,0.0,0.278196682728827,0.082134860444814
