subject_num,neg_llh,gamma_base,gamma_coef,beta,epsilon
303,29.75471775823745,3.2900400960445406,0.0,0.9367995302677155,0.07104868066310882
