subject_num,neg_llh,gamma_base,gamma_coef,beta,epsilon
396,72.08099983103271,-0.07494272589683533,0.0,0.12354689741134645,0.07615247154235838
