subject_num,neg_llh,gamma_base,gamma_coef,beta,epsilon
312,27.686504776836202,1.4787175083160402,0.0,0.566227395772934,0.031094157695770286
