subject_num,neg_llh,gamma_base,gamma_coef,beta,epsilon
351,92.49191587723857,-9.206579885482789,0.0,0.999999950170517,0.4337687971591949
