subject_num,neg_llh,gamma_base,gamma_coef,beta,epsilon
37,83.82378931043502,-5.074943380132318,0.0,0.9999999985024333,0.12542601257562636
