subject_num,neg_llh,gamma_base,gamma_coef,beta,epsilon
301,70.47538496503358,-0.7512487030029297,0.0,0.09811830139160155,6.446838378693087e-7
