subject_num,neg_llh,gamma_base,gamma_coef,beta,epsilon
398,21.65423760138725,5.491715071424842,0.0,0.7894169634915889,0.03466774523258209
