subject_num,neg_llh,gamma_base,gamma_coef,beta,epsilon
38,53.509354062107235,1.2624332237243654,0.0,0.24551797580718993,0.10883757686614992
