subject_num,neg_llh,gamma_base,gamma_coef,beta,epsilon
330,82.483394811493,-3.3387262481451034,0.0,0.1957276030033827,0.09401757623255252
