subject_num,neg_llh,gamma_base,gamma_coef,beta,epsilon
348,81.97048093175755,-7.091739406585694,0.0,0.1006423873901367,0.05872181129455567
