subject_num,neg_llh,gamma_base,gamma_coef,beta,epsilon
357,49.57766898603664,0.9195355281233788,0.0,0.17382182741910218,1.4975666817740318e-9
