subject_num,neg_llh,gamma_base,gamma_coef,beta,epsilon
350,50.69643889965597,2.173455047607422,0.0,0.44044984436035156,0.16610111236572267
