subject_num,neg_llh,gamma_base,gamma_coef,beta,epsilon
305,62.94788285468984,-9.84406150341034,0.0,0.595915386915207,0.032586885213851946
