subject_num,neg_llh,gamma_base,gamma_coef,beta,epsilon
354,29.108096128712965,1.7740573418140413,0.0,0.2910319927036762,5.21540644005114e-9
