subject_num,neg_llh,gamma_base,gamma_coef,beta,epsilon
383,86.50529650120399,-9.99999900341034,0.0,0.999999950170517,0.9486636624336242
