subject_num,neg_llh,gamma_base,gamma_coef,beta,epsilon
39,76.82036785415444,-2.826176090538502,0.0,0.98884527105093,0.16040691366791726
