subject_num,neg_llh,gamma_base,gamma_coef,beta,epsilon
397,73.6655114671918,-9.999961118623615,0.0,0.9699288821183145,0.08295037788152693
