subject_num,neg_llh,gamma_base,gamma_coef,beta,epsilon
365,26.709131637173385,2.210992736816406,0.0,0.3231731185913086,6.446838378693087e-7
