subject_num,neg_llh,gamma_base,gamma_coef,beta,epsilon
356,83.34748300379748,-7.632980728149414,0.0,0.7330591773986816,0.15706884384155273
