subject_num,neg_llh,gamma_base,gamma_coef,beta,epsilon
310,82.24883050797986,-0.2210504830768332,0.0,0.1738419943759218,0.3278350090167951
