subject_num,neg_llh,gamma_base,gamma_coef,beta,epsilon
322,68.14490836383615,0.5028171506524086,0.0,0.15249958164989946,0.14602087415754794
