subject_num,neg_llh,gamma_base,gamma_coef,beta,epsilon
346,53.212858446254984,-2.169609909057617,0.0,0.423715877532959,6.446838378693087e-7
