subject_num,neg_llh,gamma_base,gamma_coef,beta,epsilon
339,66.99536426657106,-4.143929133415222,0.0,0.999999950170517,0.043825944423675545
