subject_num,neg_llh,gamma_base,gamma_coef,beta,epsilon
304,36.47498215895187,9.741751313209534,0.0,0.3116017737388611,0.06246368312835693
