subject_num,neg_llh,gamma_base,gamma_coef,beta,epsilon
318,56.89589244126699,0.9907063383236527,0.0,0.2522250385917723,0.11538019541744143
