subject_num,neg_llh,gamma_base,gamma_coef,beta,epsilon
345,59.203018924612095,0.7408628433942795,0.0,0.2570430261194706,0.13909409262239936
