subject_num,neg_llh,gamma_base,gamma_coef,beta,epsilon
314,76.47780370630605,-9.40619873046875,0.0,0.32942432403564453,0.06894664382934568
