subject_num,neg_llh,gamma_base,gamma_coef,beta,epsilon
337,40.67717852124431,8.751925377920271,0.0,0.20757259944826367,0.03531425246410069
