subject_num,neg_llh,gamma_base,gamma_coef,beta,epsilon
394,82.64599909411287,-5.321407158924267,0.0,0.06755593557585965,1.0337680711458574e-10
