subject_num,neg_llh,gamma_base,gamma_coef,beta,epsilon
375,79.07413064376252,-7.486426163315773,0.0,0.9999999985024333,0.13304807103425265
