subject_num,neg_llh,gamma_base,gamma_coef,beta,epsilon
379,81.21281706936924,-0.8629276471352205,0.0,0.15601597428903913,0.20175005674082785
