subject_num,neg_llh,gamma_base,gamma_coef,beta,epsilon
36,43.013104187298374,2.992203063964844,0.0,0.9999993553161621,0.16368172073364257
