subject_num,neg_llh,gamma_base,gamma_coef,beta,epsilon
336,91.99231045333909,-9.978941159248352,0.0,0.999999950170517,0.26296981287002563
