subject_num,neg_llh,gamma_base,gamma_coef,beta,epsilon
35,63.71398497505186,-0.6481030398607255,0.0,0.1880585473328829,0.04919135224819182
