subject_num,neg_llh,gamma_base,gamma_coef,beta,epsilon
376,71.90859131105155,-1.4295622206106782,0.0,0.24248425670526924,0.10337984439264986
