subject_num,neg_llh,gamma_base,gamma_coef,beta,epsilon
385,63.65076714708346,-9.997888460159302,0.0,0.9999999799132346,0.031871483623981456
