subject_num,neg_llh,gamma_base,gamma_coef,beta,epsilon
362,81.86649403975818,-8.157137832641602,0.0,0.9916723461151122,0.17324840641021727
