subject_num,neg_llh,gamma_base,gamma_coef,beta,epsilon
386,82.2778370575833,-3.6570860528945923,0.0,0.999999950170517,0.2129688541889191
