subject_num,neg_llh,gamma_base,gamma_coef,beta,epsilon
355,67.15556248465636,-5.4034856414794925,0.0,0.41350532150268554,0.023372234344482434
