subject_num,neg_llh,gamma_base,gamma_coef,beta,epsilon
382,75.17336255199025,-3.694302520751953,0.0,0.509053207397461,0.0783196449279785
