subject_num,neg_llh,gamma_base,gamma_coef,beta,epsilon
334,89.16445105302604,-9.472898559570313,0.0,0.4548253326416016,0.25857098388671873
