subject_num,neg_llh,gamma_base,gamma_coef,beta,epsilon
338,35.95889010180923,1.8953093305230142,0.0,0.23240639688074588,5.21540644005114e-9
