subject_num,neg_llh,gamma_base,gamma_coef,beta,epsilon
309,74.89496868478264,-4.311478190422059,0.0,0.999743330001831,0.11906169557571411
