subject_num,neg_llh,gamma_base,gamma_coef,beta,epsilon
3,53.407935288228614,1.2762124300003053,0.0,0.5737737181186676,0.20631969118118287
