subject_num,neg_llh,gamma_base,gamma_coef,beta,epsilon
307,84.98179342032896,5.4212646484375,0.0,0.20243957519531253,0.5928010864257812
