subject_num,neg_llh,gamma_base,gamma_coef,beta,epsilon
393,43.35599781271827,0.8292835561931133,0.0,0.23531406913325192,1.4975666817740318e-9
