subject_num,neg_llh,gamma_base,gamma_coef,beta,epsilon
363,84.23753851641558,-9.999999895691872,0.0,0.9999999947845936,0.16663698691129686
