subject_num,neg_llh,gamma_base,gamma_coef,beta,epsilon
384,86.13681823885875,-9.99999900341034,0.0,0.0468340039253235,0.0005881228446960596
