subject_num,neg_llh,gamma_base,gamma_coef,beta,epsilon
352,85.48670987526143,-1.8669684986025097,0.0,0.11373403869569304,0.17291851505637168
