subject_num,neg_llh,gamma_base,gamma_coef,beta,epsilon
371,83.98455706352928,-7.015774720907212,0.0,0.181222443908453,0.10890983679890631
