subject_num,neg_llh,gamma_base,gamma_coef,beta,epsilon
360,53.8647429755805,9.939106291234493,0.0,0.5585604053623975,0.20659364020079374
