subject_num,neg_llh,gamma_base,gamma_coef,beta,epsilon
315,59.384522392731576,2.1132167216949167,0.0,0.36511938635353003,0.207572449805215
