subject_num,neg_llh,gamma_base,gamma_coef,beta,epsilon
344,31.64609568326258,2.1520237836241725,0.0,0.41712483179569243,0.04443746957182887
