subject_num,neg_llh,gamma_base,gamma_coef,beta,epsilon
313,30.549967725740228,9.563582916259765,0.0,0.7088157691955567,0.06566304779052734
