subject_num,neg_llh,gamma_base,gamma_coef,beta,epsilon
353,74.26014832429637,-2.131101417541504,0.0,0.6615700569152831,0.15566593933105471
