subject_num,neg_llh,gamma_base,gamma_coef,beta,epsilon
306,74.66886801611673,-1.0290885162353516,0.0,0.1478067235946655,0.08109059548377989
