subject_num,neg_llh,gamma_base,gamma_coef,beta,epsilon
342,81.420518601656,-1.8581417894363403,0.0,0.06806727063655854,0.01394792705774306
