subject_num,neg_llh,gamma_base,gamma_coef,beta,epsilon
308,78.07665654523083,0.2287002705782652,0.0,0.12350596306659284,0.18694636162277312
