subject_num,neg_llh,gamma_base,gamma_coef,beta,epsilon
324,46.22155405439121,1.7369366455078126,0.0,0.25406341552734374,0.06118212890625002
