subject_num,neg_llh,gamma_base,gamma_coef,beta,epsilon
325,36.95381401015445,1.6478512573242188,0.0,0.3214961051940918,0.04976663589477537
