subject_num,neg_llh,gamma_base,gamma_coef,beta,epsilon
361,63.263651813344865,1.9889330112934114,0.0,0.23075514811277392,0.19545678812265393
