subject_num,neg_llh,gamma_base,gamma_coef,beta,epsilon
370,50.068154742081184,2.1943154001235965,0.0,0.2580962901115418,0.1013983283042908
