subject_num,neg_llh,gamma_base,gamma_coef,beta,epsilon
343,92.59364825880418,-2.6324089765548706,0.0,0.42335527682304386,0.3175680439472198
