subject_num,neg_llh,gamma_base,gamma_coef,beta,epsilon
33,87.86310123868259,-7.031659116744995,0.0,0.4549483485221863,0.211108030796051
