subject_num,neg_llh,gamma_base,gamma_coef,beta,epsilon
372,38.83522106078833,1.4746487045288086,0.0,0.27527211475372315,0.030754138946533227
