subject_num,neg_llh,gamma_base,gamma_coef,beta,epsilon
34,38.55843125847254,1.1916042131185531,0.0,0.2669679256528616,0.025536968827247597
