subject_num,neg_llh,gamma_base,gamma_coef,beta,epsilon
340,41.19150388453552,1.7109593930095435,0.0,0.19958447133749724,1.4975666817740318e-9
