subject_num,neg_llh,gamma_base,gamma_coef,beta,epsilon
392,24.88075497820574,1.7838397216796875,0.0,0.39563304138183597,2.54821777345704e-6
