subject_num,neg_llh,gamma_base,gamma_coef,beta,epsilon
323,26.52702740360363,1.4400424575805664,0.0,0.39373045921325683,1.6880035402788707e-7
