subject_num,neg_llh,gamma_base,gamma_coef,beta,epsilon
331,78.61012197442295,-9.922132568359375,0.0,0.6387295532226562,0.0940142822265625
