subject_num,neg_llh,gamma_base,gamma_coef,beta,epsilon
450,81.4646081398265,-9.409244384765625,0.0,0.37808245849609373,0.137810791015625
