subject_num,neg_llh,gamma_base,gamma_coef,beta,epsilon
40,55.43356159230803,1.32719144821167,0.0,0.26684945297241214,0.1451477246284485
