subject_num,neg_llh,gamma_base,gamma_coef,beta,epsilon
497,32.62695704748818,1.7415135664492847,0.0,0.3837387947142124,0.035451633147895345
