subject_num,neg_llh,gamma_base,gamma_coef,beta,epsilon
415,80.00144460762695,-1.933679964542389,0.0,0.17438445925712587,0.11904988771677016
