subject_num,neg_llh,gamma_base,gamma_coef,beta,epsilon
466,54.7872682883175,1.606665326356888,0.0,0.17973829716444018,0.07878859835863111
