subject_num,neg_llh,gamma_base,gamma_coef,beta,epsilon
467,87.60643280721354,-2.9808746576309204,0.0,0.1315385277271271,0.21592694592475892
