subject_num,neg_llh,gamma_base,gamma_coef,beta,epsilon
456,80.80061942736974,7.402158203125,0.0,0.14021685791015626,0.8432756958007812
