subject_num,neg_llh,gamma_base,gamma_coef,beta,epsilon
441,85.21353762713652,-6.347835035696626,0.0,0.07297125737369059,1.4975666817740318e-9
