subject_num,neg_llh,gamma_base,gamma_coef,beta,epsilon
47,70.97441400161874,-8.081339111328125,0.0,0.8002406005859375,0.05761871337890623
