subject_num,neg_llh,gamma_base,gamma_coef,beta,epsilon
417,69.09876532281446,3.6829864576458933,0.0,0.2997073486149311,0.3251815030425787
