subject_num,neg_llh,gamma_base,gamma_coef,beta,epsilon
462,45.57241854028389,1.5786924490332603,0.0,0.40561587972939017,0.1052883486151695
