subject_num,neg_llh,gamma_base,gamma_coef,beta,epsilon
463,88.61614406760182,-0.6999674987792969,0.0,0.09919950866699218,0.4614001388549805
