subject_num,neg_llh,gamma_base,gamma_coef,beta,epsilon
437,77.97675752548433,-3.524010144174099,0.0,0.17696024553477763,0.07564716507494451
