subject_num,neg_llh,gamma_base,gamma_coef,beta,epsilon
451,85.57390261558753,-2.0271875,0.0,0.081892578125,0.1330595703125
