subject_num,neg_llh,gamma_base,gamma_coef,beta,epsilon
428,63.310232472480514,-2.8113486300595105,0.0,0.7092637577280402,0.06253903444483877
