subject_num,neg_llh,gamma_base,gamma_coef,beta,epsilon
401,97.59425379894152,-9.99999900341034,0.0,0.999999950170517,0.3503204867839813
