subject_num,neg_llh,gamma_base,gamma_coef,beta,epsilon
493,48.98130775532983,2.7221296691894534,0.0,0.33699277496337887,0.11560035705566407
