subject_num,neg_llh,gamma_base,gamma_coef,beta,epsilon
485,82.18036639669243,-5.2345806511491535,0.0,0.2720004511214793,0.2251489302329719
