subject_num,neg_llh,gamma_base,gamma_coef,beta,epsilon
492,48.5010322646831,1.7684843000769617,0.0,0.20970189176499843,0.08014241251349447
