subject_num,neg_llh,gamma_base,gamma_coef,beta,epsilon
488,51.54469119583099,9.855598108768463,0.0,0.23441023069620132,0.13004880422353743
