subject_num,neg_llh,gamma_base,gamma_coef,beta,epsilon
418,68.60180856757543,1.6699322509765626,0.0,0.19540411376953126,0.22396092987060545
