subject_num,neg_llh,gamma_base,gamma_coef,beta,epsilon
445,70.8710764778181,1.3605223274230958,0.0,0.1524638383388519,0.2374189147949219
