subject_num,neg_llh,gamma_base,gamma_coef,beta,epsilon
416,93.23890458458861,-2.3882759904861453,0.0,0.8851027607917785,0.3988767821788788
