subject_num,neg_llh,gamma_base,gamma_coef,beta,epsilon
409,63.19516918528266,-1.530071582198143,0.0,0.3131833948045969,0.04959696856141088
