subject_num,neg_llh,gamma_base,gamma_coef,beta,epsilon
49,55.48298707221826,1.9519336652755739,0.0,0.34571429157257083,0.1573635346889496
