subject_num,neg_llh,gamma_base,gamma_coef,beta,epsilon
407,85.4064866476545,-4.006742632389069,0.0,0.30281238424777984,0.15450412929058077
