subject_num,neg_llh,gamma_base,gamma_coef,beta,epsilon
422,78.28200471301018,-5.3193066120147705,0.0,0.7285569627285003,0.06687476611137388
