subject_num,neg_llh,gamma_base,gamma_coef,beta,epsilon
457,92.43845215057605,-2.3307424208521845,0.0,0.20647062060236931,0.3542695538252592
