subject_num,neg_llh,gamma_base,gamma_coef,beta,epsilon
478,84.32041338567154,-3.4867863893508915,0.0,0.7530885183811188,0.21458293199539186
