subject_num,neg_llh,gamma_base,gamma_coef,beta,epsilon
431,74.44762182511968,-2.272776503637433,0.0,0.15187717066705225,0.04756800029054287
