subject_num,neg_llh,gamma_base,gamma_coef,beta,epsilon
438,42.59100258631479,4.138977565765381,0.0,0.5677106725424528,0.13179867984354499
