subject_num,neg_llh,gamma_base,gamma_coef,beta,epsilon
470,77.13645104334252,-2.736555036008358,0.0,0.3221433067321777,0.12651165151596072
