subject_num,neg_llh,gamma_base,gamma_coef,beta,epsilon
471,78.6142219624383,-2.6946982580423358,0.0,0.3539994732178747,0.10212766993418337
