subject_num,neg_llh,gamma_base,gamma_coef,beta,epsilon
427,80.56886068476338,-3.4808021545410157,0.0,0.18414471054077147,0.10301942539215087
