subject_num,neg_llh,gamma_base,gamma_coef,beta,epsilon
449,70.26671215746217,-3.041564078330994,0.0,0.2932122082710266,0.06900770562887193
