subject_num,neg_llh,gamma_base,gamma_coef,beta,epsilon
424,51.733167681898536,-3.4354980468750003,0.0,0.962817626953125,0.01854296875
