subject_num,neg_llh,gamma_base,gamma_coef,beta,epsilon
429,83.81381612563075,-0.9629026412963868,0.0,0.1513603835105896,0.22638264143466952
