subject_num,neg_llh,gamma_base,gamma_coef,beta,epsilon
489,48.2230413240249,3.285809491872788,0.0,0.6503030990362167,0.18827418947219848
