subject_num,neg_llh,gamma_base,gamma_coef,beta,epsilon
430,81.94828900376075,-8.997390335835517,0.0,0.09905923364497721,1.0337680711458574e-10
