subject_num,neg_llh,gamma_base,gamma_coef,beta,epsilon
442,87.14713636588914,-1.1944223356246948,0.0,0.075578556060791,0.14568107104301453
