subject_num,neg_llh,gamma_base,gamma_coef,beta,epsilon
454,46.654143819167615,1.68424742102623,0.0,0.45662432092428207,0.1362151239514351
