subject_num,neg_llh,gamma_base,gamma_coef,beta,epsilon
410,88.81180174470575,-3.3113224977254867,0.0,0.1662083571702242,0.19091156548261645
