subject_num,neg_llh,gamma_base,gamma_coef,beta,epsilon
46,64.08329047373556,0.8597763480991125,0.0,0.5867065079919994,0.31539818628132343
