subject_num,neg_llh,gamma_base,gamma_coef,beta,epsilon
4,75.89996507788146,-3.7127885121107105,0.0,0.9999999947845936,0.11932199640572072
