subject_num,neg_llh,gamma_base,gamma_coef,beta,epsilon
473,76.9703689816409,-1.313425105661154,0.0,0.14186932520009576,0.1256283625084907
