subject_num,neg_llh,gamma_base,gamma_coef,beta,epsilon
41,40.27208104512485,1.7968598937988283,0.0,0.2816532363891602,0.04932501602172851
