subject_num,neg_llh,gamma_base,gamma_coef,beta,epsilon
469,87.6589431647564,-2.7950730895996094,0.0,0.9999993553161621,0.7832325248718262
