subject_num,neg_llh,gamma_base,gamma_coef,beta,epsilon
487,64.23630570429874,-9.019005651474,0.0,0.5790992112159729,0.02817865753173826
