subject_num,neg_llh,gamma_base,gamma_coef,beta,epsilon
434,79.2807100351929,-8.643757247924805,0.0,0.873380084991455,0.1054868812561035
