subject_num,neg_llh,gamma_base,gamma_coef,beta,epsilon
460,83.83877151581027,-5.786286315917969,0.0,0.994698013305664,0.1592303066253662
