subject_num,neg_llh,gamma_base,gamma_coef,beta,epsilon
426,88.5756016955044,-5.361464683711529,0.0,0.04255641369521618,0.026630615994334195
