subject_num,neg_llh,gamma_base,gamma_coef,beta,epsilon
468,70.75656423339589,-7.900205960273743,0.0,0.8281716299057007,0.05452689838409425
