subject_num,neg_llh,gamma_base,gamma_coef,beta,epsilon
423,76.54240468775625,-7.302744358778,0.0,0.5893417481034994,0.06556734316051005
