subject_num,neg_llh,gamma_base,gamma_coef,beta,epsilon
491,54.75083284695204,2.9046038729138672,0.0,0.15754711789637804,0.0693638254124671
