subject_num,neg_llh,gamma_base,gamma_coef,beta,epsilon
476,65.21570914651446,-1.4130405312776566,0.0,0.5396562555581331,0.08882851298153399
