subject_num,neg_llh,gamma_base,gamma_coef,beta,epsilon
490,84.5647403305276,-3.9374742221832277,0.0,0.5733969373703003,0.20029012846946714
