subject_num,neg_llh,gamma_base,gamma_coef,beta,epsilon
406,61.36374151161111,-2.841241669356823,0.0,0.5699227448841557,0.030383171970024714
