subject_num,neg_llh,gamma_base,gamma_coef,beta,epsilon
483,80.37567015555238,-0.5219353234767914,0.0,0.06944296056032179,2.008676530662612e-8
