subject_num,neg_llh,gamma_base,gamma_coef,beta,epsilon
448,82.00979197576383,-0.40980289816856386,0.0,0.061676601588726065,2.008676530662612e-8
