subject_num,neg_llh,gamma_base,gamma_coef,beta,epsilon
44,92.92966864344149,-5.678032341003418,0.0,0.04175408157706262,0.15588964174687864
