subject_num,neg_llh,gamma_base,gamma_coef,beta,epsilon
461,92.00587783139875,-2.0271875,0.0,0.081892578125,0.3513720703125
