subject_num,neg_llh,gamma_base,gamma_coef,beta,epsilon
443,101.41866516437426,-9.912836184501648,0.0,0.999999950170517,0.4219610571861267
