subject_num,neg_llh,gamma_base,gamma_coef,beta,epsilon
414,85.89696764588697,-1.5402475883439184,0.0,0.8244325450574979,0.7585073297200724
