subject_num,neg_llh,gamma_base,gamma_coef,beta,epsilon
472,84.56063468427534,-2.5294468259811405,0.0,0.5957139097452164,0.20963728314638136
