subject_num,neg_llh,gamma_base,gamma_coef,beta,epsilon
446,69.67353892248278,-1.1863632488250733,0.0,0.25538494396209716,0.10245740699768069
