subject_num,neg_llh,gamma_base,gamma_coef,beta,epsilon
481,39.3015971229954,2.292861351966858,0.0,0.2595840208530426,0.03350355577468872
