subject_num,neg_llh,gamma_base,gamma_coef,beta,epsilon
480,72.50083290455893,-2.934527286961675,0.0,0.33084257578849796,0.05855025529861452
