subject_num,neg_llh,gamma_base,gamma_coef,beta,epsilon
498,66.05873087538447,0.11845691680908203,0.0,0.22940753531455993,0.14896454811096194
