subject_num,neg_llh,gamma_base,gamma_coef,beta,epsilon
413,40.37189658882799,2.715733795166016,0.0,0.3968532066345215,0.0832402801513672
