subject_num,neg_llh,gamma_base,gamma_coef,beta,epsilon
464,86.13855426459573,-9.476382026672363,0.0,0.997105507850647,0.23206617736816404
