subject_num,neg_llh,gamma_base,gamma_coef,beta,epsilon
465,76.9404013978301,-0.58819481164217,0.0,0.11070420752465726,0.12373907998204231
