subject_num,neg_llh,gamma_base,gamma_coef,beta,epsilon
458,85.92191324628202,-1.3471268022060394,0.0,0.046521913588047026,2.008676530662612e-8
