subject_num,neg_llh,gamma_base,gamma_coef,beta,epsilon
420,78.03519256252005,-4.012404456138611,0.0,0.6465578365325928,0.15147066950798033
