subject_num,neg_llh,gamma_base,gamma_coef,beta,epsilon
452,58.67451223994766,-3.7484390258789064,0.0,0.6442288627624512,0.014397071838378905
