subject_num,neg_llh,gamma_base,gamma_coef,beta,epsilon
496,67.82567758674683,1.2997514116764068,0.0,0.4097869761586189,0.2538216369748115
