subject_num,neg_llh,gamma_base,gamma_coef,beta,epsilon
439,53.450415133017,7.474799437522888,0.0,0.3289120354652405,0.22045664286613464
