subject_num,neg_llh,gamma_base,gamma_coef,beta,epsilon
494,82.84191698194545,-9.334518780708313,0.0,0.539647875547409,0.11391787099838258
