subject_num,neg_llh,gamma_base,gamma_coef,beta,epsilon
405,62.451898518618925,-9.999949035644532,0.0,0.623737319946289,2.54821777345704e-6
