subject_num,neg_llh,gamma_base,gamma_coef,beta,epsilon
484,32.44906977601436,6.03669884480536,0.0,0.9334301209114492,0.07673160129413009
