subject_num,neg_llh,gamma_base,gamma_coef,beta,epsilon
419,87.64595056089065,-9.97223477125168,0.0,0.1917957867383957,0.20048651963472364
