subject_num,neg_llh,gamma_base,gamma_coef,beta,epsilon
435,65.99665478867004,-3.3811587173258886,0.0,0.5221179640828632,0.03349260162468998
