subject_num,neg_llh,gamma_base,gamma_coef,beta,epsilon
436,30.165285096015445,6.885234527587891,0.0,0.8526981887817382,0.07421943283081056
