subject_num,neg_llh,gamma_base,gamma_coef,beta,epsilon
43,38.87010776187829,1.4293440020084383,0.0,0.43766452807188033,0.07534778231382372
