subject_num,neg_llh,gamma_base,gamma_coef,beta,epsilon
48,41.83032727054798,0.9042071723937989,0.0,0.23538546466827392,1.6880035402788707e-7
