subject_num,neg_llh,gamma_base,gamma_coef,beta,epsilon
482,71.81430755504137,-2.6638096649199725,0.0,0.40266086741047913,0.05758260966977102
