subject_num,neg_llh,gamma_base,gamma_coef,beta,epsilon
475,57.73801386477963,1.6983520126342775,0.0,0.19791344738006594,0.15717544174194337
