subject_num,neg_llh,gamma_base,gamma_coef,beta,epsilon
486,79.25350551384805,-8.7519921875,0.0,0.875224609375,0.16604400634765626
