subject_num,neg_llh,gamma_base,gamma_coef,beta,epsilon
474,85.19414045728993,-3.4506882476806644,0.0,0.22692473220825193,0.22494315338134768
