subject_num,neg_llh,gamma_base,gamma_coef,beta,epsilon
404,84.04123989010947,-2.205028132200241,0.0,0.25375129544734953,0.1874901416897774
