subject_num,neg_llh,gamma_base,gamma_coef,beta,epsilon
453,52.622368112985704,0.8808983993530274,0.0,0.15543799114227297,1.6880035402788707e-7
