subject_num,neg_llh,gamma_base,gamma_coef,beta,epsilon
421,87.9728512594578,-2.8207707977294922,0.0,0.9568786010742187,0.29435551834106444
