subject_num,neg_llh,gamma_base,gamma_coef,beta,epsilon
425,84.38293077310514,-1.5424716186523437,0.0,0.050172088623046895,2.54821777345704e-6
