subject_num,neg_llh,gamma_base,gamma_coef,beta,epsilon
402,53.97059892227085,1.0272991943359375,0.0,0.17226380348205567,0.02551133060455324
