subject_num,neg_llh,gamma_base,gamma_coef,beta,epsilon
499,76.80468619594966,0.13509618282318117,0.0,0.0712919166088104,0.010612608432769788
