subject_num,neg_llh,gamma_base,gamma_coef,beta,epsilon
42,72.08954209577053,-4.699306573867798,0.0,0.1919578845500946,0.026088458299636852
