subject_num,neg_llh,gamma_base,gamma_coef,beta,epsilon
433,34.08402342203109,1.6891365289688112,0.0,0.35308501291275024,0.039193099737167336
