subject_num,neg_llh,gamma_base,gamma_coef,beta,epsilon
477,79.91119802703714,-9.796038316488266,0.0,0.6869530573487281,0.12056432741880418
