subject_num,neg_llh,gamma_base,gamma_coef,beta,epsilon
447,32.71175381556366,9.556044921875001,0.0,0.83502197265625,0.082989013671875
