subject_num,neg_llh,gamma_base,gamma_coef,beta,epsilon
495,59.27334227338782,1.2483944471739232,0.0,0.19468629093654455,0.1237909782361239
