subject_num,neg_llh,gamma_base,gamma_coef,beta,epsilon
479,91.44239776909482,-8.293931134939195,0.0,0.6161984760351479,0.14905463322624563
