subject_num,neg_llh,gamma_base,gamma_coef,beta,epsilon
411,30.454578300687132,9.986927673816682,0.0,0.23175435471534728,2.008676530662612e-8
