subject_num,neg_llh,gamma_base,gamma_coef,beta,epsilon
412,77.47615469663165,-9.923423997163773,0.0,0.36670015835762027,0.07962243545055392
