subject_num,neg_llh,gamma_base,gamma_coef,beta,epsilon
455,85.28466006051744,-4.297875061035157,0.0,0.8933843231201172,0.15064060974121096
