subject_num,neg_llh,gamma_base,gamma_coef,beta,epsilon
45,43.3667250259472,6.217327782437206,0.0,0.2997341152019799,0.10373546459153293
