subject_num,neg_llh,gamma_base,gamma_coef,beta,epsilon
403,56.335756846994876,0.23478187561035158,0.0,0.6871364212036133,0.18735787582397462
