subject_num,neg_llh,gamma_base,gamma_coef,beta,epsilon
432,77.32450310426525,-9.227721009254456,0.0,0.5727075011730194,0.0529711163043976
