subject_num,neg_llh,gamma_base,gamma_coef,beta,epsilon
440,86.69519141618439,-2.0960216665267946,0.0,0.08044446468353272,0.12301283717155459
