subject_num,neg_llh,gamma_base,gamma_coef,beta,epsilon
459,43.861493219451006,3.0516647052764894,0.0,0.42024894738197327,0.11938815164566041
