subject_num,neg_llh,gamma_base,gamma_coef,beta,epsilon
400,56.87676980312709,1.71274986743927,0.0,0.3288749165534973,0.19256963276863098
