subject_num,neg_llh,gamma_base,gamma_coef,beta,epsilon
408,78.5939445215824,-3.2316661459207534,0.0,0.9999999947845936,0.12962770682573316
