subject_num,neg_llh,gamma_base,gamma_coef,beta,epsilon
444,83.59060743373196,7.042770996093751,0.0,0.4051583251953125,0.8103217163085937
