subject_num,neg_llh,gamma_base,gamma_coef,beta,epsilon
51,84.93980230551757,-8.506360168457032,0.0,0.9806665887832642,0.16601830863952638
