subject_num,neg_llh,gamma_base,gamma_coef,beta,epsilon
56,26.999081360068175,1.1390651893615724,0.0,0.3457483172416687,4.982948303977608e-8
