subject_num,neg_llh,gamma_base,gamma_coef,beta,epsilon
52,65.84734746346004,-5.658181753754616,0.0,0.2638513498455286,5.21540644005114e-9
