subject_num,neg_llh,gamma_base,gamma_coef,beta,epsilon
50,87.949423245044,-0.4877924680709839,0.0,0.05914436608552931,0.13184749507904053
