subject_num,neg_llh,gamma_base,gamma_coef,beta,epsilon
59,92.54901999090006,-9.546298828125,0.0,0.461868408203125,0.28409356689453125
