subject_num,neg_llh,gamma_base,gamma_coef,beta,epsilon
54,67.29418275917158,-8.893607379198075,0.0,0.5242827578186989,0.031336501359939595
