subject_num,neg_llh,gamma_base,gamma_coef,beta,epsilon
53,69.49831874162881,-3.3396887224912644,0.0,0.4793076659552753,0.04299679180979726
