subject_num,neg_llh,gamma_base,gamma_coef,beta,epsilon
57,84.19316403514654,-2.2787835288047793,0.0,0.35112936973571773,0.22448883336782455
