subject_num,neg_llh,gamma_base,gamma_coef,beta,epsilon
55,58.72975743156234,1.6223475832492114,0.0,0.3380678366497159,0.1954602364189923
