subject_num,neg_llh,gamma_base,gamma_coef,beta,epsilon
5,50.30828060598272,2.7427639770507812,0.0,0.37655201721191406,0.12565863037109376
