subject_num,neg_llh,gamma_base,gamma_coef,beta,epsilon
500,61.12699468763822,-3.8304051971435547,0.0,0.3550630226135254,6.446838378693087e-7
