subject_num,neg_llh,gamma_base,gamma_coef,beta,epsilon
58,67.85849898870156,-4.776766128540039,0.0,0.9999993553161621,0.05024251937866209
