subject_num,neg_llh,gamma_base,gamma_coef,beta,epsilon
69,79.17918419171008,-5.444002212584019,0.0,0.9289213014990092,0.1531244538426399
