subject_num,neg_llh,gamma_base,gamma_coef,beta,epsilon
6,67.6239896772733,0.3035375213623047,0.0,0.35601288604736325,0.23713338470458983
