subject_num,neg_llh,gamma_base,gamma_coef,beta,epsilon
67,80.93818517116355,1.242703094482422,0.0,0.9605695533752441,0.3814269676208496
