subject_num,neg_llh,gamma_base,gamma_coef,beta,epsilon
63,74.05896159819487,-1.6871401977539062,0.0,0.7495494918823242,0.21348578262329104
