subject_num,neg_llh,gamma_base,gamma_coef,beta,epsilon
66,73.59305590558161,-4.12411096572876,0.0,0.25172397232055665,0.06747663974761964
