subject_num,neg_llh,gamma_base,gamma_coef,beta,epsilon
61,31.994638502877674,9.998376240730286,0.0,0.7814662833213806,0.07918301653861998
