subject_num,neg_llh,gamma_base,gamma_coef,beta,epsilon
62,98.07002244877182,-9.932944641113282,0.0,0.9999974517822265,0.35455477905273436
