subject_num,neg_llh,gamma_base,gamma_coef,beta,epsilon
60,63.69825199651246,4.422185344696045,0.0,0.2160741128921509,0.22649167823791505
