subject_num,neg_llh,gamma_base,gamma_coef,beta,epsilon
68,83.38203469645357,-9.756629810333253,0.0,0.653017597913742,0.1209933066368103
