subject_num,neg_llh,gamma_base,gamma_coef,beta,epsilon
65,83.43947048447313,-9.289576344490051,0.0,0.6349075991213322,0.14193722131848335
