subject_num,neg_llh,gamma_base,gamma_coef,beta,epsilon
64,56.73277275663785,1.610526786223054,0.0,0.2561520681381225,0.1828913542740047
