subject_num,neg_llh,gamma_base,gamma_coef,beta,epsilon
70,63.49790501536961,-3.1587075567245484,0.0,0.44007556200027464,0.03152435636520384
