subject_num,neg_llh,gamma_base,gamma_coef,beta,epsilon
72,84.35441607826462,-6.7821835950016975,0.0,0.05160495148599148,5.21540644005114e-9
