subject_num,neg_llh,gamma_base,gamma_coef,beta,epsilon
75,93.32719281418349,-9.999949035644532,0.0,0.9959848022460938,0.267190185546875
