subject_num,neg_llh,gamma_base,gamma_coef,beta,epsilon
74,53.05172460796399,-1.0834915161132812,0.0,0.3547717819213867,0.016599460601806615
