subject_num,neg_llh,gamma_base,gamma_coef,beta,epsilon
76,86.66346267072785,-1.9234853506088259,0.0,0.16177973341941831,0.1641496331691742
