subject_num,neg_llh,gamma_base,gamma_coef,beta,epsilon
79,72.28836037472577,-3.9167066669464115,0.0,0.5632376577854157,0.07614176416397095
