subject_num,neg_llh,gamma_base,gamma_coef,beta,epsilon
73,56.42718486155737,1.948933219909668,0.0,0.2756166543960571,0.18221119594573976
