subject_num,neg_llh,gamma_base,gamma_coef,beta,epsilon
7,93.3361811362441,-4.006984143257141,0.0,0.999999950170517,0.2868570222854614
