subject_num,neg_llh,gamma_base,gamma_coef,beta,epsilon
78,24.36084430940157,7.8173534560203555,0.0,0.6407772203683852,0.039833579421043375
