subject_num,neg_llh,gamma_base,gamma_coef,beta,epsilon
71,73.893057401251,-3.513472745418549,0.0,0.9999999799132346,0.10481103748083115
