subject_num,neg_llh,gamma_base,gamma_coef,beta,epsilon
77,86.71615577613201,-3.152786971330643,0.0,0.9999999799132346,0.2604523892402649
