subject_num,neg_llh,gamma_base,gamma_coef,beta,epsilon
8,38.563426839680375,1.0642014303803444,0.0,0.5481387225091457,0.10143359573185445
