subject_num,neg_llh,gamma_base,gamma_coef,beta,epsilon
83,75.38519423549351,-2.0630738735198975,0.0,0.35607260942459107,0.10776410269737241
