subject_num,neg_llh,gamma_base,gamma_coef,beta,epsilon
81,79.27202118801826,-3.732493360042572,0.0,0.9999999799132346,0.13843086719512937
