subject_num,neg_llh,gamma_base,gamma_coef,beta,epsilon
84,77.80128825207122,-3.4592541503906253,0.0,0.34722998046875,0.10714105224609377
