subject_num,neg_llh,gamma_base,gamma_coef,beta,epsilon
86,87.49327218923716,-9.032496948242187,0.0,0.9970888519287109,0.20691668701171873
