subject_num,neg_llh,gamma_base,gamma_coef,beta,epsilon
88,55.14739613140782,1.5600126838684083,0.0,0.5424107360839844,0.19784492015838623
