subject_num,neg_llh,gamma_base,gamma_coef,beta,epsilon
82,84.39020052434779,-6.131363706588745,0.0,0.11736469507217406,0.03961473250389097
