subject_num,neg_llh,gamma_base,gamma_coef,beta,epsilon
80,10.139257415162817,3.825413179397583,0.0,0.999999950170517,4.982948303977608e-8
