subject_num,neg_llh,gamma_base,gamma_coef,beta,epsilon
89,56.26011006575406,3.04724969625473,0.0,0.38168123811483384,0.23467119330167768
