subject_num,neg_llh,gamma_base,gamma_coef,beta,epsilon
87,21.624668145794836,4.806953797340393,0.0,0.999999950170517,0.0396087839603424
