subject_num,neg_llh,gamma_base,gamma_coef,beta,epsilon
85,50.26915675754037,8.575185486525298,0.0,0.6531003217063844,0.18175657850503923
