subject_num,neg_llh,gamma_base,gamma_coef,beta,epsilon
91,51.564661007295506,2.9977457681298256,0.0,0.381491769567132,0.1717150057256222
