subject_num,neg_llh,gamma_base,gamma_coef,beta,epsilon
99,70.97753723907907,-4.82431640625,0.0,0.4420107421875,0.041446289062499975
