subject_num,neg_llh,gamma_base,gamma_coef,beta,epsilon
97,78.99956419749152,0.40679888367652894,0.0,0.14454094344377516,0.19077787196636198
