subject_num,neg_llh,gamma_base,gamma_coef,beta,epsilon
9,72.02485848853425,-4.2265906894207,0.0,0.11872756588459016,0.011698009431362177
