subject_num,neg_llh,gamma_base,gamma_coef,beta,epsilon
96,58.40861276727118,-3.4330615234375,0.0,0.616587646484375,0.01781201171875002
