subject_num,neg_llh,gamma_base,gamma_coef,beta,epsilon
90,64.54292242699495,-0.13559110164642335,0.0,0.21572374367713926,0.0766569080352783
