subject_num,neg_llh,gamma_base,gamma_coef,beta,epsilon
94,58.16632904631163,-2.8301044715195895,0.0,0.32082328774034974,1.4975666817740318e-9
