subject_num,neg_llh,gamma_base,gamma_coef,beta,epsilon
93,94.72579389980966,-9.99999662399292,0.0,0.999999831199646,0.278120753288269
