subject_num,neg_llh,gamma_base,gamma_coef,beta,epsilon
95,74.43616778375332,1.4351123046875,0.0,0.8834098052978516,0.4462213592529297
