subject_num,neg_llh,gamma_base,gamma_coef,beta,epsilon
98,79.20937818874862,-2.8948438465595245,0.0,0.23043431341648102,0.10977798211574552
