subject_num,neg_llh,gamma_base,gamma_coef,beta,epsilon
92,87.09815451420961,-2.463972396850586,0.0,0.04508203887939455,6.446838378693087e-7
