subject_num,neg_llh,gamma_base,gamma_coef,beta,epsilon
143,72.83846522614394,-0.6024286976979784,-0.1616388115532973,0.2559348805937698,0.11178475522659936
