subject_num,neg_llh,gamma_base,gamma_coef,beta,epsilon
176,67.05810149600708,-2.0912128639221192,-0.8015143718719483,0.74997873878479,0.029380739212036155
