subject_num,neg_llh,gamma_base,gamma_coef,beta,epsilon
160,58.54368274569227,9.017349130809308,-1.2560081423521043,0.3142796221524477,0.20661860549449923
