subject_num,neg_llh,gamma_base,gamma_coef,beta,epsilon
162,58.10986458362023,9.999999895691872,2.7595643147528173,0.10678165611624718,5.21540644005114e-9
