subject_num,neg_llh,gamma_base,gamma_coef,beta,epsilon
134,72.72818223629925,3.9684494781494144,-0.2202579116821289,0.16863852310180666,0.33377770614624025
