subject_num,neg_llh,gamma_base,gamma_coef,beta,epsilon
115,61.7077421834622,-0.4323906473163516,2.287204308894463,0.9216110984566621,0.24153226213599555
