subject_num,neg_llh,gamma_base,gamma_coef,beta,epsilon
192,39.969700434892204,2.0456186834303662,-0.25302006731706206,0.26796191107237244,6.962398183540941e-7
