subject_num,neg_llh,gamma_base,gamma_coef,beta,epsilon
13,48.93154664521981,9.932133334130048,2.9485191834121944,0.2265911397449672,0.1654664492420852
