subject_num,neg_llh,gamma_base,gamma_coef,beta,epsilon
1,73.07187368925477,-2.6901833134889603,-1.7445845243632794,0.3791211411207914,0.07861609059572222
