subject_num,neg_llh,gamma_base,gamma_coef,beta,epsilon
121,68.74172577887056,6.725241645202041,-1.7030075733214618,0.14706839408725503,0.10432008187472819
