subject_num,neg_llh,gamma_base,gamma_coef,beta,epsilon
165,78.6370726079368,0.7214872101694346,-2.306685016170144,0.18896938460320234,0.11509410439804196
