subject_num,neg_llh,gamma_base,gamma_coef,beta,epsilon
118,82.7061266969658,-9.999999997932465,-0.7851861970257015,0.8596312274411321,0.14628644084278491
