subject_num,neg_llh,gamma_base,gamma_coef,beta,epsilon
159,55.42704473751845,9.1146546626091,2.5619291863515974,0.44614542051777245,0.20892397284135222
