subject_num,neg_llh,gamma_base,gamma_coef,beta,epsilon
158,46.48918729977015,6.8072426038281995,-0.6204972473918461,0.2151025857224595,0.12207095640432092
