subject_num,neg_llh,gamma_base,gamma_coef,beta,epsilon
185,37.58111876376937,9.98761055732146,2.7652720229183325,0.18975535927223974,0.018278097533155235
