subject_num,neg_llh,gamma_base,gamma_coef,beta,epsilon
128,77.36391041452409,-9.661875014007093,-0.17225174874812366,0.8901035786643624,0.10873965640366079
