subject_num,neg_llh,gamma_base,gamma_coef,beta,epsilon
131,68.56895859817999,-8.89906873703003,-2.1609359807968143,0.6989142994880676,0.059032920122146615
