subject_num,neg_llh,gamma_base,gamma_coef,beta,epsilon
104,27.772358222861406,2.4989189004898074,-0.29741367423534393,0.26033267480134964,2.008676530662612e-8
