subject_num,neg_llh,gamma_base,gamma_coef,beta,epsilon
195,73.89282075493878,-2.4486238160729408,-0.1922173845469952,0.2622289292067289,0.08209926027059555
