subject_num,neg_llh,gamma_base,gamma_coef,beta,epsilon
12,41.79340927186892,8.224800649615936,-1.0574676589256853,0.25008448464807587,0.06169941718684274
