subject_num,neg_llh,gamma_base,gamma_coef,beta,epsilon
116,46.8425122444157,9.98412115097046,2.9993001523017884,0.22605767250061037,0.14171910309791563
