subject_num,neg_llh,gamma_base,gamma_coef,beta,epsilon
101,64.43993266615237,-3.191236572265625,-2.634780303955078,0.9558202362060546,0.042024963378906266
