subject_num,neg_llh,gamma_base,gamma_coef,beta,epsilon
181,78.09386061483194,2.864038124084473,2.7980100045204166,0.731961314201355,0.7619365010261536
