subject_num,neg_llh,gamma_base,gamma_coef,beta,epsilon
140,50.145968760839104,8.354800856923685,-0.6724485320420936,0.1636127309894655,0.08953913691500204
