subject_num,neg_llh,gamma_base,gamma_coef,beta,epsilon
170,80.21091433320801,-2.7811762880533935,-2.539258732929826,0.7463430187106133,0.1565342761166394
