subject_num,neg_llh,gamma_base,gamma_coef,beta,epsilon
171,82.53950438657327,-8.639870632225648,-0.13279697709856556,0.07328371020033958,0.054755703883478446
