subject_num,neg_llh,gamma_base,gamma_coef,beta,epsilon
129,74.35155381815524,-3.0952750348765403,-1.753738017466385,0.9999999998966231,0.08869455817085692
