subject_num,neg_llh,gamma_base,gamma_coef,beta,epsilon
169,33.14952119531718,8.638769394159317,-0.811249453380704,0.18029374799504877,1.4975666817740318e-9
