subject_num,neg_llh,gamma_base,gamma_coef,beta,epsilon
156,41.35809577198032,6.164544404318295,1.5023142611876465,0.21666960965812543,0.041386083066834556
