subject_num,neg_llh,gamma_base,gamma_coef,beta,epsilon
189,75.73972865440236,-0.36974243164062504,-2.997928894042969,0.7142256126403809,0.10648814010620117
