subject_num,neg_llh,gamma_base,gamma_coef,beta,epsilon
114,63.521829477749954,6.876862398684025,-0.6398170309960842,0.16614142861962317,0.25805904479324815
