subject_num,neg_llh,gamma_base,gamma_coef,beta,epsilon
100,46.31949025372229,9.797132486011833,2.537882560848724,0.2118139959278051,0.08563483696267943
