subject_num,neg_llh,gamma_base,gamma_coef,beta,epsilon
113,20.827686006019754,0.7096939228335396,2.8469483318799176,0.9999475751034915,0.03249406690546314
