subject_num,neg_llh,gamma_base,gamma_coef,beta,epsilon
136,51.12833336071796,9.990253801941872,-0.9177278847098351,0.10692387835681438,1.1577457189604345e-6
