subject_num,neg_llh,gamma_base,gamma_coef,beta,epsilon
122,23.83104278789012,0.7743360600993038,-0.18073949038423598,0.9999999998966231,0.027339613605290636
