subject_num,neg_llh,gamma_base,gamma_coef,beta,epsilon
142,25.85849737723052,8.424200200149789,-0.8718741718190722,0.22519973753346129,1.0337680711458574e-10
