subject_num,neg_llh,gamma_base,gamma_coef,beta,epsilon
120,46.01334165831861,0.7012388884276152,-0.315333888463676,0.23781430518999697,1.4975666817740318e-9
