subject_num,neg_llh,gamma_base,gamma_coef,beta,epsilon
117,42.021007888395324,8.434155399147421,2.6304547350034118,0.15558238680870273,0.023078101521590733
