subject_num,neg_llh,gamma_base,gamma_coef,beta,epsilon
141,33.03051472451014,0.9911458799242974,-0.20324625197052956,0.46123792950809,5.21540644005114e-9
