subject_num,neg_llh,gamma_base,gamma_coef,beta,epsilon
179,89.45679694801943,-7.16084289342165,-2.9987767957225446,0.11160904606059191,0.17522485833615065
