subject_num,neg_llh,gamma_base,gamma_coef,beta,epsilon
10,79.72119937363411,-0.4635398842394352,-2.3589399672299627,0.1468905437886715,0.051899629320949325
