subject_num,neg_llh,gamma_base,gamma_coef,beta,epsilon
178,34.57013389496625,9.999999999675202,1.2689293409306557,0.16726682509225793,1.623995382615817e-11
