subject_num,neg_llh,gamma_base,gamma_coef,beta,epsilon
168,79.72516677462028,-4.87071683049202,-0.7215406057834626,0.9959118433594704,0.13059624868631364
