subject_num,neg_llh,gamma_base,gamma_coef,beta,epsilon
193,78.52750749678431,-1.6540751626715064,-1.1720247112233193,0.5333388014631346,0.13329569914285094
