subject_num,neg_llh,gamma_base,gamma_coef,beta,epsilon
199,84.35613982261374,-1.1539317893981935,2.4820152812004093,0.27762999844551084,0.7634294664859771
