subject_num,neg_llh,gamma_base,gamma_coef,beta,epsilon
194,25.677956486522014,4.867465342646465,0.16976471752859654,0.5657411883128807,0.019257946273777637
