subject_num,neg_llh,gamma_base,gamma_coef,beta,epsilon
155,67.93868684753835,-3.7351642560958864,-1.8935813083648683,0.9986622416973114,0.053175270318985
