subject_num,neg_llh,gamma_base,gamma_coef,beta,epsilon
174,69.83455221101268,-3.701315667703748,-1.2566940280124546,0.5312638625688851,0.07662763748317958
