subject_num,neg_llh,gamma_base,gamma_coef,beta,epsilon
102,79.82899662158685,-9.99999900341034,0.5924777927398682,0.90418128657341,0.1314796371459961
