subject_num,neg_llh,gamma_base,gamma_coef,beta,epsilon
110,75.04520671096377,-9.243033601343631,-2.2863743462562565,0.4693764144927263,0.11302787965536115
