subject_num,neg_llh,gamma_base,gamma_coef,beta,epsilon
183,33.174276142117364,7.434612861871719,-0.9076144981384278,0.3439140764027834,0.07734443326294421
