subject_num,neg_llh,gamma_base,gamma_coef,beta,epsilon
198,80.43495757100281,-9.945736240446568,-0.26007045406848195,0.19336738450825214,0.10128518142923715
