subject_num,neg_llh,gamma_base,gamma_coef,beta,epsilon
187,65.65034397817033,3.685219838321209,1.890724044442177,0.14122881670296195,0.3035913460254669
