subject_num,neg_llh,gamma_base,gamma_coef,beta,epsilon
139,84.32204119964852,-9.999999970048666,-2.4850529421418908,0.5560520904399454,0.1732617627494037
