subject_num,neg_llh,gamma_base,gamma_coef,beta,epsilon
166,51.63525059314537,9.366098548118025,-0.9257183104455472,0.5832273758910597,0.21010458306781948
