subject_num,neg_llh,gamma_base,gamma_coef,beta,epsilon
177,63.76597316332686,6.839450337602758,-2.003597053198144,0.19107810622896065,0.1362570312083699
