subject_num,neg_llh,gamma_base,gamma_coef,beta,epsilon
105,39.91765243663315,0.5133489726483822,1.2271533637046814,0.18104995752312242,2.558116428552637e-5
