subject_num,neg_llh,gamma_base,gamma_coef,beta,epsilon
196,70.08273052910069,-1.592382278442383,1.602808885574341,0.31973866748809815,0.39655673122406004
