subject_num,neg_llh,gamma_base,gamma_coef,beta,epsilon
146,48.20728903260833,9.961015520691872,-1.433465628862381,0.2512098694443703,0.14973238611221312
