subject_num,neg_llh,gamma_base,gamma_coef,beta,epsilon
108,35.76843014856099,9.283180024325848,-0.9884413188323379,0.17375073674693703,1.4975666817740318e-9
