subject_num,neg_llh,gamma_base,gamma_coef,beta,epsilon
133,57.198862378463254,8.364401413223822,-0.9384144947917668,0.26849479207440163,0.18505250378625349
