subject_num,neg_llh,gamma_base,gamma_coef,beta,epsilon
188,84.16077888457542,7.935425309198909,-2.9572442043176856,0.678165050661657,0.20389223660039718
