subject_num,neg_llh,gamma_base,gamma_coef,beta,epsilon
125,22.05298158723442,0.006772082224488258,1.7664069868773222,0.48955323474109175,0.018077078819274894
