subject_num,neg_llh,gamma_base,gamma_coef,beta,epsilon
17,49.890792993406464,3.7768234843248503,-0.40407464615022765,0.999802768383408,0.18165853616711686
