subject_num,neg_llh,gamma_base,gamma_coef,beta,epsilon
151,86.12429236040308,-4.109540954031981,-2.002764242404257,0.07654701409570408,0.08196004939306295
