subject_num,neg_llh,gamma_base,gamma_coef,beta,epsilon
147,60.23282644133558,9.999999970048666,-2.8489215588122607,0.1994311922416091,0.03653623295202851
