subject_num,neg_llh,gamma_base,gamma_coef,beta,epsilon
16,31.60342462321251,9.99999662399292,2.999998987197876,0.1903102569580078,1.6880035402788707e-7
