subject_num,neg_llh,gamma_base,gamma_coef,beta,epsilon
138,88.58768759433373,-2.116406135559082,-2.091470792770386,0.4869251012802124,0.23304364204406736
