subject_num,neg_llh,gamma_base,gamma_coef,beta,epsilon
153,61.15378867228514,7.294472908973694,-2.6273233287334445,0.5139128700494766,0.02836050450801847
