subject_num,neg_llh,gamma_base,gamma_coef,beta,epsilon
154,52.454600557594205,9.999999970048666,2.9999999910146,0.15446251922845838,0.09846339313313363
