subject_num,neg_llh,gamma_base,gamma_coef,beta,epsilon
150,45.44819680215922,7.623643474195851,1.151522335493588,0.13868688678747276,1.623995382615817e-11
