subject_num,neg_llh,gamma_base,gamma_coef,beta,epsilon
109,49.28726234012094,2.445997775755823,0.09966720861755313,0.6681547697773204,0.17583682311885057
