subject_num,neg_llh,gamma_base,gamma_coef,beta,epsilon
186,92.68549734352739,-1.7322706823050977,-2.644866498943884,0.2777234182306565,0.3071855786100496
