subject_num,neg_llh,gamma_base,gamma_coef,beta,epsilon
137,51.28412453925523,7.721199562251568,-0.21247128304839136,0.7157000781297684,0.17025824458897115
