subject_num,neg_llh,gamma_base,gamma_coef,beta,epsilon
173,50.386040458596426,9.871264267414809,2.669630723744631,0.9999999985024333,0.26842593784257773
