subject_num,neg_llh,gamma_base,gamma_coef,beta,epsilon
190,76.5519643547428,-6.568965338468552,-1.4817857522070408,0.39369958627223967,0.09841470244526862
