subject_num,neg_llh,gamma_base,gamma_coef,beta,epsilon
11,71.71047619859672,-4.038570909500122,-1.6003162078857422,0.37869158935546876,0.06496397495269773
