subject_num,neg_llh,gamma_base,gamma_coef,beta,epsilon
135,75.15050829781272,0.043692499086027965,-1.1083981796025766,0.235231519411027,0.09861703887191836
