subject_num,neg_llh,gamma_base,gamma_coef,beta,epsilon
112,55.9505809521176,9.999999970048666,0.6047925828471781,0.23531291288509965,0.20588280411809684
