subject_num,neg_llh,gamma_base,gamma_coef,beta,epsilon
127,75.38833274535106,-3.402854224443436,0.2107329847812653,0.30742952477931973,0.11506956851482392
