subject_num,neg_llh,gamma_base,gamma_coef,beta,epsilon
103,56.23071826703568,1.7492289435472417,-0.4164829595857156,0.47102854189283905,0.08638482118681379
