subject_num,neg_llh,gamma_base,gamma_coef,beta,epsilon
167,82.65382337933352,-8.341847248077393,-1.8544665412902834,0.7803458156585693,0.11503357982635498
