subject_num,neg_llh,gamma_base,gamma_coef,beta,epsilon
197,50.052554285334885,9.999999999965658,-1.01071627578442,0.37435842933028474,0.15306695862775088
