subject_num,neg_llh,gamma_base,gamma_coef,beta,epsilon
175,69.20841913185845,4.979048078381457,-1.0870915997643025,0.14135776486154644,0.1643831254702527
