subject_num,neg_llh,gamma_base,gamma_coef,beta,epsilon
124,82.92325000106707,-2.432138171195984,-1.843491478443146,0.48824651074409486,0.1535155408382416
