subject_num,neg_llh,gamma_base,gamma_coef,beta,epsilon
19,53.65132950062891,2.5287901067733767,2.4248036170005802,0.4401840634346008,0.20128627157211304
