subject_num,neg_llh,gamma_base,gamma_coef,beta,epsilon
180,75.6376591686901,-7.390318222045899,-2.6914278677701953,0.22737325982749462,0.06562740114331245
