subject_num,neg_llh,gamma_base,gamma_coef,beta,epsilon
148,18.639615508069667,9.990477388756117,-1.3163277942657006,0.8681006970859017,0.02564733934740071
