subject_num,neg_llh,gamma_base,gamma_coef,beta,epsilon
111,93.23026072564629,-8.439862589836121,-2.7927910498380664,0.08255557304620742,0.2206436353325844
