subject_num,neg_llh,gamma_base,gamma_coef,beta,epsilon
149,67.75355717241894,-1.640947119756602,-0.38977385728550146,0.194914070050756,0.03160075233655518
