subject_num,neg_llh,gamma_base,gamma_coef,beta,epsilon
106,86.69044417775778,-5.420242802514695,-0.5127036934657954,0.12450982521777043,0.2421701521121431
