subject_num,neg_llh,gamma_base,gamma_coef,beta,epsilon
123,31.100890565305882,1.6650139951705933,1.797903030395508,0.561782525062561,0.0780054428577423
