subject_num,neg_llh,gamma_base,gamma_coef,beta,epsilon
119,79.21610242209829,-8.765588476061822,-1.0333431227803231,0.48593401443958284,0.09022352823615076
