subject_num,neg_llh,gamma_base,gamma_coef,beta,epsilon
144,71.4321952541091,-9.999999895691872,-0.5948976156413556,0.8976238352358341,0.07281885568797586
