subject_num,neg_llh,gamma_base,gamma_coef,beta,epsilon
132,57.80878227539024,8.847001416728745,-1.1018129940911041,0.15989061707432395,0.13719918567840705
