subject_num,neg_llh,gamma_base,gamma_coef,beta,epsilon
152,80.7750977815949,-3.7595430327020587,-0.07822413026914,0.7849105039779096,0.1670138122737408
