subject_num,neg_llh,gamma_base,gamma_coef,beta,epsilon
145,82.87453806369791,-2.8282187832146883,-2.6834205667600037,0.2701154654882848,0.11169498717878013
