subject_num,neg_llh,gamma_base,gamma_coef,beta,epsilon
14,73.33864668990452,-1.1818491741881008,-1.214063300279755,0.41171506942446284,0.1135861381447903
