subject_num,neg_llh,gamma_base,gamma_coef,beta,epsilon
191,40.18640551356159,9.999999895691872,2.3083873331844806,0.15158617535233498,5.21540644005114e-9
