subject_num,neg_llh,gamma_base,gamma_coef,beta,epsilon
161,66.68331101752966,-0.9185144238402734,-0.2069363434054733,0.1405402724841915,0.02162961085029591
