subject_num,neg_llh,gamma_base,gamma_coef,beta,epsilon
182,58.00829566554342,5.0518569141556515,-0.436023565765936,0.17746393079170958,0.20731413955887545
