subject_num,neg_llh,gamma_base,gamma_coef,beta,epsilon
130,28.42401980064161,7.386007719174959,-0.5818975770184771,0.9999999998966231,0.0615117816212587
