subject_num,neg_llh,gamma_base,gamma_coef,beta,epsilon
164,88.15507981584155,-7.759291209578515,-1.9266778595745564,0.5795863151401281,0.234859680339694
