subject_num,neg_llh,gamma_base,gamma_coef,beta,epsilon
184,82.23108649490545,-2.025468519628048,-0.37561420923471456,0.2737394948154688,0.16746516545116902
