subject_num,neg_llh,gamma_base,gamma_coef,beta,epsilon
18,44.48898132198478,7.444257681667805,-0.7980611308068037,0.13204004757478832,0.0029832425601780677
