subject_num,neg_llh,gamma_base,gamma_coef,beta,epsilon
126,60.92113757711093,-0.3999168649315834,-2.9713170434832574,0.14569750389456748,5.21540644005114e-9
