subject_num,neg_llh,gamma_base,gamma_coef,beta,epsilon
107,82.52268200424966,-2.6835260009765625,-2.0987946395874024,0.21066664886474612,0.16427752685546876
