subject_num,neg_llh,gamma_base,gamma_coef,beta,epsilon
172,68.6262929873071,9.999999997932465,1.6417951613198967,0.10925760166719556,0.27550803166721016
