subject_num,neg_llh,gamma_base,gamma_coef,beta,epsilon
163,33.17667552461614,9.477517446208513,2.0993252677383136,0.2025992619008175,0.030611912232940075
