subject_num,neg_llh,gamma_base,gamma_coef,beta,epsilon
157,51.08862304354966,9.734932051599026,2.8465709546506406,0.14005316886305808,0.047907046824693655
