subject_num,neg_llh,gamma_base,gamma_coef,beta,epsilon
15,43.90490318231811,9.999999999675202,2.9999999999025606,0.1672575311610126,0.05916039226931752
