subject_num,neg_llh,gamma_base,gamma_coef,beta,epsilon
230,36.20197603534215,8.802837512195111,0.8882754558920861,0.20049565064907077,0.026147980913519886
