subject_num,neg_llh,gamma_base,gamma_coef,beta,epsilon
262,35.56345935735844,3.0419929683208466,1.645883062720299,0.9993868635296821,0.125303651034832
