subject_num,neg_llh,gamma_base,gamma_coef,beta,epsilon
279,63.18874248583988,-3.184150667190552,-0.3954641718864441,0.4908445966243744,0.02739880347251894
