subject_num,neg_llh,gamma_base,gamma_coef,beta,epsilon
24,76.04341984279475,-8.534879419505597,-0.3459119304344058,0.9125221633166074,0.0972892547361553
