subject_num,neg_llh,gamma_base,gamma_coef,beta,epsilon
22,26.7209253741993,6.512582068443298,-0.6939751739501954,0.3213709478378296,4.982948303977608e-8
