subject_num,neg_llh,gamma_base,gamma_coef,beta,epsilon
204,32.9392833692084,8.628662223815919,-0.9532878913879396,0.6542002873420716,0.08026148748397827
