subject_num,neg_llh,gamma_base,gamma_coef,beta,epsilon
229,60.66123201880422,-2.4971712416317313,-1.277265844430549,0.9999999135730322,0.011816209279015333
