subject_num,neg_llh,gamma_base,gamma_coef,beta,epsilon
201,74.89386796949583,7.586972312927246,-2.7543074827194216,0.32585341334342954,0.09384117960929872
