subject_num,neg_llh,gamma_base,gamma_coef,beta,epsilon
286,56.24614042656259,-9.681221313476563,0.6333285827636719,0.4231809844970703,2.54821777345704e-6
