subject_num,neg_llh,gamma_base,gamma_coef,beta,epsilon
285,47.42271887821826,9.999999997932465,2.9999999993797393,0.13257714923983438,1.0337680711458574e-10
