subject_num,neg_llh,gamma_base,gamma_coef,beta,epsilon
219,40.79135773304325,9.727061784584075,0.7345915811341256,0.3658607482239604,0.0719480758169666
