subject_num,neg_llh,gamma_base,gamma_coef,beta,epsilon
236,67.21048914704937,-2.466294708251953,-2.4873182888031007,0.8676185636520386,0.029084263801574695
