subject_num,neg_llh,gamma_base,gamma_coef,beta,epsilon
26,46.11676540100212,9.980782828330995,2.088826784133911,0.1611750044822693,0.046690168142318744
