subject_num,neg_llh,gamma_base,gamma_coef,beta,epsilon
217,60.594768188304585,9.976685480829328,2.9999988903016788,0.28056905321544034,0.26281534987455235
