subject_num,neg_llh,gamma_base,gamma_coef,beta,epsilon
239,50.93518591527996,8.79095430193469,1.9348809829205276,0.12981471834611147,0.00019458486326040525
