subject_num,neg_llh,gamma_base,gamma_coef,beta,epsilon
283,64.16887567223407,8.552151039225864,-0.2101185327928397,0.09368680749757913,0.06503400365154083
