subject_num,neg_llh,gamma_base,gamma_coef,beta,epsilon
234,86.80266433789537,-3.040614858083427,-2.6756317429742777,0.9999999998966231,0.18817404179135339
