subject_num,neg_llh,gamma_base,gamma_coef,beta,epsilon
208,46.88263608510981,3.0773112559318543,0.651900173664093,0.9999277348518372,0.1574515433907509
