subject_num,neg_llh,gamma_base,gamma_coef,beta,epsilon
223,17.641853263870253,0.6891746100783348,0.816806426614523,0.8094739968031646,0.018204764306545274
