subject_num,neg_llh,gamma_base,gamma_coef,beta,epsilon
210,63.35864059042084,-9.094093029219657,-2.1974958307575436,0.7402517347475513,0.038852988506667296
