subject_num,neg_llh,gamma_base,gamma_coef,beta,epsilon
247,83.60976582840067,-9.99999662399292,-2.760679086685181,0.20247383880615233,0.18034953975677492
