subject_num,neg_llh,gamma_base,gamma_coef,beta,epsilon
209,57.23273887585803,8.722510987250134,1.6679868108878146,0.1567738047371386,0.15459549610206158
