subject_num,neg_llh,gamma_base,gamma_coef,beta,epsilon
253,41.20075394730964,9.999999598264695,2.9999998794794083,0.17924010664224627,0.05213127118349076
