subject_num,neg_llh,gamma_base,gamma_coef,beta,epsilon
224,81.95677718084036,-6.74307861328125,2.290408172607422,0.014269535064697247,0.30014226150512696
