subject_num,neg_llh,gamma_base,gamma_coef,beta,epsilon
250,53.671197009980446,9.999079248204362,2.523833564465196,0.1530393159375817,0.08090585715371706
