subject_num,neg_llh,gamma_base,gamma_coef,beta,epsilon
291,25.425841287474903,1.22230524122715,0.08154404774308205,0.5536449844092131,0.05032747201621535
