subject_num,neg_llh,gamma_base,gamma_coef,beta,epsilon
245,77.39237966200845,-2.3785417938232425,-0.5668457565307617,0.3137182655334473,0.1473608207702637
