subject_num,neg_llh,gamma_base,gamma_coef,beta,epsilon
23,43.086975698952415,7.392553498238558,-0.5512806284360122,0.14301374344778012,1.0958131897442769e-6
