subject_num,neg_llh,gamma_base,gamma_coef,beta,epsilon
293,26.06000159579388,6.167737711966038,1.9122759114280345,0.6714067785851657,0.05976969743147492
