subject_num,neg_llh,gamma_base,gamma_coef,beta,epsilon
249,29.462898547576014,9.993332417792407,0.3092970035247272,0.19296608222520445,1.623995382615817e-11
