subject_num,neg_llh,gamma_base,gamma_coef,beta,epsilon
280,87.12878095592441,-4.215572202205658,-0.8446228126287461,0.6465092964172363,0.20691689521074297
