subject_num,neg_llh,gamma_base,gamma_coef,beta,epsilon
226,75.31938688376954,-9.999987106323243,-1.5853772735595704,0.12039726257324218,0.038208377838134744
