subject_num,neg_llh,gamma_base,gamma_coef,beta,epsilon
273,87.78130140513784,-3.095862532556057,-2.9999999687075616,0.9999999947845936,0.171242066770792
