subject_num,neg_llh,gamma_base,gamma_coef,beta,epsilon
27,74.07089993098353,-6.1640005859546365,-2.5964400790762157,0.4460117353666574,0.08221595257055014
