subject_num,neg_llh,gamma_base,gamma_coef,beta,epsilon
206,79.24224400724077,-2.0336119340034204,-2.5106511845821515,0.9405635711150244,0.14289840418007227
