subject_num,neg_llh,gamma_base,gamma_coef,beta,epsilon
294,77.18089588387598,-3.4941030979156498,-2.987832014679909,0.9999999799132346,0.11803696972131728
