subject_num,neg_llh,gamma_base,gamma_coef,beta,epsilon
25,81.04860078393071,4.143594081699848,-0.4693826031982899,0.2224209263026714,0.4999295841157436
