subject_num,neg_llh,gamma_base,gamma_coef,beta,epsilon
298,68.91830077009756,-4.646635789871216,-2.292001430511475,0.13320578551292417,4.982948303977608e-8
