subject_num,neg_llh,gamma_base,gamma_coef,beta,epsilon
242,79.10717569111773,-2.287319205477834,-1.3778286073431374,0.625480970043689,0.10664549395442008
