subject_num,neg_llh,gamma_base,gamma_coef,beta,epsilon
278,65.11407328232636,-1.7389803506054886,-0.05343104403841426,0.482050211729118,0.07799164286300586
