subject_num,neg_llh,gamma_base,gamma_coef,beta,epsilon
203,79.72343393679724,-1.696386762559414,-1.1257001615837217,0.23610351893678305,0.09403432510048149
