subject_num,neg_llh,gamma_base,gamma_coef,beta,epsilon
290,56.284567067868565,5.2604596411436795,-0.3518673408329487,0.16845617421716452,0.19603782326728103
