subject_num,neg_llh,gamma_base,gamma_coef,beta,epsilon
255,77.13590218944108,-2.986689498368651,-2.579734789805487,0.4648535407166928,0.0763075393838808
