subject_num,neg_llh,gamma_base,gamma_coef,beta,epsilon
213,37.77988268837315,9.999999895691872,1.7303767701387407,0.17046152862906455,5.21540644005114e-9
