subject_num,neg_llh,gamma_base,gamma_coef,beta,epsilon
269,84.55784721272428,-9.888732950938866,-2.2784961123755205,0.2265308369656559,0.12863742117956278
