subject_num,neg_llh,gamma_base,gamma_coef,beta,epsilon
299,64.86726058721203,-2.78372802734375,-0.38302148437500005,0.6032476806640625,0.05207562255859377
