subject_num,neg_llh,gamma_base,gamma_coef,beta,epsilon
240,82.62914591940618,-8.451331827938557,-2.7736469711065292,0.9999999947845936,0.10941728474199774
