subject_num,neg_llh,gamma_base,gamma_coef,beta,epsilon
237,67.27315394347252,-1.9598716341517866,-0.32775715212151413,0.15208481340948493,5.272929556654482e-6
