subject_num,neg_llh,gamma_base,gamma_coef,beta,epsilon
21,72.22475470649253,-3.2462821960914883,-2.9896211555670016,0.5263325297264382,0.08396982359024696
