subject_num,neg_llh,gamma_base,gamma_coef,beta,epsilon
214,68.17152423344865,-2.311233867886476,-0.14591424722434024,0.15565873247303535,0.034077447235526026
