subject_num,neg_llh,gamma_base,gamma_coef,beta,epsilon
270,95.68997873028415,-9.999999970048666,-0.46294038630276924,0.08107057863473893,0.20192159833014012
