subject_num,neg_llh,gamma_base,gamma_coef,beta,epsilon
260,42.106427305148415,8.313858755826951,-0.7697407618761063,0.15448884153366088,0.008351686000823977
