subject_num,neg_llh,gamma_base,gamma_coef,beta,epsilon
258,56.176589674630215,1.3478771374529606,-0.3471334402489083,0.3360293749731572,0.042607953052505754
