subject_num,neg_llh,gamma_base,gamma_coef,beta,epsilon
241,52.57473471749475,7.286890105325729,2.139156823215075,0.19160179427685214,0.11856722788908519
