subject_num,neg_llh,gamma_base,gamma_coef,beta,epsilon
200,82.62134938591973,-1.8492720090970398,-0.2752714431155473,0.12657690053246917,0.12043820110056547
