subject_num,neg_llh,gamma_base,gamma_coef,beta,epsilon
292,86.67660005176288,-4.359375193864107,-1.264603523813188,0.08283617885783312,1.4975666817740318e-9
