subject_num,neg_llh,gamma_base,gamma_coef,beta,epsilon
288,64.42405709679929,-5.605473940074444,-2.3203900366723538,0.5143264499753714,0.0428405681848526
