subject_num,neg_llh,gamma_base,gamma_coef,beta,epsilon
243,59.06837766749014,-6.893843111097813,0.533640971571207,0.4075118813216686,5.21540644005114e-9
