subject_num,neg_llh,gamma_base,gamma_coef,beta,epsilon
246,74.85584933978389,-1.9698346173763277,-2.9259568298980594,0.8398208579234778,0.08123148487880827
