subject_num,neg_llh,gamma_base,gamma_coef,beta,epsilon
235,53.18900157692377,9.999999997932465,2.9999999993797393,0.18221923856250943,0.12178630697727205
