subject_num,neg_llh,gamma_base,gamma_coef,beta,epsilon
2,17.5061047719424,-1.1754572634398939,2.5564589651897554,0.7199373781308531,1.4975666817740318e-9
