subject_num,neg_llh,gamma_base,gamma_coef,beta,epsilon
264,54.02131669996043,7.3036883926391605,-0.8282285671234132,0.31260469818115233,0.14650946521759034
