subject_num,neg_llh,gamma_base,gamma_coef,beta,epsilon
222,69.38937578593476,8.566721229553224,-2.709771926879883,0.1850979051589966,0.1352562484741211
