subject_num,neg_llh,gamma_base,gamma_coef,beta,epsilon
296,63.890018923585906,4.7289000180223955,-0.45253902771743015,0.11253995978157039,0.19154605897981675
