subject_num,neg_llh,gamma_base,gamma_coef,beta,epsilon
282,84.06114622383969,-9.734100668281318,-2.710435912605375,0.5659662500638515,0.1599398251986131
