subject_num,neg_llh,gamma_base,gamma_coef,beta,epsilon
289,72.5801114265678,6.425624020594405,-2.5238466591759354,0.7050337704853155,0.09208945384121037
