subject_num,neg_llh,gamma_base,gamma_coef,beta,epsilon
216,41.376139291489395,9.72200616389513,1.924468615114689,0.1465810392089188,0.009054355848580609
