subject_num,neg_llh,gamma_base,gamma_coef,beta,epsilon
252,60.3859673260703,8.968655236307532,-0.7214283449160867,0.19734424600307832,0.235354674333008
