subject_num,neg_llh,gamma_base,gamma_coef,beta,epsilon
265,85.43678096212224,-0.7573660631966778,-0.5554933108775877,0.09798277018783846,0.1138620014524786
