subject_num,neg_llh,gamma_base,gamma_coef,beta,epsilon
231,81.79136730607367,9.760746202468873,-2.999999701023102,0.999999950170517,0.999999950170517
