subject_num,neg_llh,gamma_base,gamma_coef,beta,epsilon
284,37.397576205859636,1.8141897206567228,2.7617676729429514,0.2970386451575905,0.05270286487415432
