subject_num,neg_llh,gamma_base,gamma_coef,beta,epsilon
267,41.05678625312183,5.812094369530678,1.4411281411349774,0.35663544574379924,0.10869458131492138
