subject_num,neg_llh,gamma_base,gamma_coef,beta,epsilon
228,60.10774417003744,-0.9310148787498475,-0.32159477144479753,0.2455155071616173,5.21540644005114e-9
