subject_num,neg_llh,gamma_base,gamma_coef,beta,epsilon
202,61.54792027396768,-9.830665532052517,-1.7951341469585897,0.9626233698278666,0.014875550374388702
