subject_num,neg_llh,gamma_base,gamma_coef,beta,epsilon
225,39.80715860711766,2.9687638412229718,2.8748570850659165,0.2811673811944202,0.06586081966850904
