subject_num,neg_llh,gamma_base,gamma_coef,beta,epsilon
272,20.636859977035527,1.5038035271772507,-0.14404855907640884,0.461082830288743,0.027211146829265287
