subject_num,neg_llh,gamma_base,gamma_coef,beta,epsilon
263,71.5780805826754,-6.909569917004556,-1.8328810157720001,0.5491665890086442,0.08740410309191793
