subject_num,neg_llh,gamma_base,gamma_coef,beta,epsilon
251,80.37744656011084,7.561790194809437,-1.7604865427613259,0.9997110294103622,0.9915920928269625
