subject_num,neg_llh,gamma_base,gamma_coef,beta,epsilon
218,33.54634105273361,1.2584334602206946,-0.14446329114586115,0.27958456344902516,0.004400882728397837
