subject_num,neg_llh,gamma_base,gamma_coef,beta,epsilon
277,39.38421720658993,8.626498668817804,-1.035466975026182,0.13406426775769797,1.623995382615817e-11
