subject_num,neg_llh,gamma_base,gamma_coef,beta,epsilon
233,33.770624399780004,9.9499394255504,2.8731673966236415,0.18792247254028915,5.415137857012198e-7
