subject_num,neg_llh,gamma_base,gamma_coef,beta,epsilon
211,65.56752995896265,-8.565795338749886,-1.5961780738234521,0.35039242698252204,0.02396549002826215
