subject_num,neg_llh,gamma_base,gamma_coef,beta,epsilon
259,88.37560792626401,-7.682558418214321,-2.61073974108696,0.5263129659891128,0.17017609520256521
