subject_num,neg_llh,gamma_base,gamma_coef,beta,epsilon
295,44.18689661968003,-1.3849797071212198,-0.07553463036825815,0.7123974048224226,0.01342845787158603
