subject_num,neg_llh,gamma_base,gamma_coef,beta,epsilon
274,50.79343563503713,-6.893838500976563,-0.39677261352539067,0.9999974517822265,2.54821777345704e-6
