subject_num,neg_llh,gamma_base,gamma_coef,beta,epsilon
20,94.17180610955218,-9.226628856658936,-0.6297651672363281,0.026432641029357884,0.2171224842071533
