subject_num,neg_llh,gamma_base,gamma_coef,beta,epsilon
227,56.320165820990916,5.615426694229391,-0.5024774647587474,0.12022327333834254,0.07253601618263567
