subject_num,neg_llh,gamma_base,gamma_coef,beta,epsilon
261,71.89025734320144,3.1566355465585367,-0.6345081224846654,0.18591643073468006,0.16237017946201376
