subject_num,neg_llh,gamma_base,gamma_coef,beta,epsilon
248,23.529229008492827,3.7409819316864015,0.8868862627744676,0.9730301460027695,0.034496248722076406
