subject_num,neg_llh,gamma_base,gamma_coef,beta,epsilon
28,82.98963114211858,-9.438967918455601,-2.9997805566787723,0.9999999947845936,0.12207512363791467
