subject_num,neg_llh,gamma_base,gamma_coef,beta,epsilon
266,35.38195212380182,-6.877592879831791,2.6987562652230266,0.22494440257549286,1.4975666817740318e-9
