subject_num,neg_llh,gamma_base,gamma_coef,beta,epsilon
297,69.49712177136517,-4.127872824668884,0.15334607648849488,0.5605341637134552,0.08489968585968016
