subject_num,neg_llh,gamma_base,gamma_coef,beta,epsilon
276,85.03600407008352,-9.976237062886359,-0.7926135512888433,0.08362648376449944,0.18261338255181908
