subject_num,neg_llh,gamma_base,gamma_coef,beta,epsilon
244,63.8350346918623,-5.00939046740532,0.032141051530838016,0.7340410439968109,0.051275067567825294
