subject_num,neg_llh,gamma_base,gamma_coef,beta,epsilon
205,75.99240638553351,-0.11808591358363629,-1.3856644508801401,0.08832024757843465,1.0337680711458574e-10
