subject_num,neg_llh,gamma_base,gamma_coef,beta,epsilon
254,72.25475328059899,-1.5318582644313574,-1.9135568178165705,0.5779518291819841,0.11208604629058389
