subject_num,neg_llh,gamma_base,gamma_coef,beta,epsilon
271,64.5000356806166,-8.673605866008439,-2.524722131134942,0.9512983784459066,0.020333946249913415
