subject_num,neg_llh,gamma_base,gamma_coef,beta,epsilon
220,62.05179853313705,-2.38779296875,-2.63729296875,0.7027187500000001,0.04339550781250001
