subject_num,neg_llh,gamma_base,gamma_coef,beta,epsilon
207,58.35385052070018,-9.270671984627842,-1.1205396067276598,0.995732264265418,0.015086225479841231
