subject_num,neg_llh,gamma_base,gamma_coef,beta,epsilon
238,53.25728520185451,9.597232525870204,-0.8631550873741508,0.14887248138710857,0.11806119330599907
