subject_num,neg_llh,gamma_base,gamma_coef,beta,epsilon
221,46.85545527833184,7.607275831808802,1.024210080003133,0.18375426501774927,0.0875917227405007
