subject_num,neg_llh,gamma_base,gamma_coef,beta,epsilon
257,76.2227848130977,6.876380715370178,-0.40026464653015137,0.9996582658290862,0.5314573259353638
