subject_num,neg_llh,gamma_base,gamma_coef,beta,epsilon
212,70.88041857120905,8.89295857898891,2.9998765884786844,0.09613726351037621,0.27109861474111674
