subject_num,neg_llh,gamma_base,gamma_coef,beta,epsilon
29,50.745728068258586,9.994098791778088,2.601062278658152,0.18532857480645182,0.14875315174460413
