subject_num,neg_llh,gamma_base,gamma_coef,beta,epsilon
281,79.93276482378384,-3.0132072225213054,-1.3324371415972711,0.3360896447747946,0.1821394565105438
