subject_num,neg_llh,gamma_base,gamma_coef,beta,epsilon
275,31.49284084738476,-3.2666931965574624,2.9999999993797393,0.9634090195344761,0.05895012197270988
