subject_num,neg_llh,gamma_base,gamma_coef,beta,epsilon
215,48.651407974407704,9.999999997932465,2.9999999993797393,0.12418138045212251,4.170823376670185e-7
