subject_num,neg_llh,gamma_base,gamma_coef,beta,epsilon
256,77.59434642899834,-3.5234014594554903,-1.404294804096222,0.9999598569869995,0.057480707168579115
