subject_num,neg_llh,gamma_base,gamma_coef,beta,epsilon
232,67.1236570914127,0.17293471962213516,-0.08183100548386574,0.49949955646693706,0.2436396265178919
