subject_num,neg_llh,gamma_base,gamma_coef,beta,epsilon
268,64.67292183873118,-9.99999900341034,-1.9474965276718141,0.3710537784099579,0.03993904709815976
