subject_num,neg_llh,gamma_base,gamma_coef,beta,epsilon
287,83.20154521101536,-1.2167601204663516,-1.3849398489149753,0.4604543707377743,0.1623733409909182
