subject_num,neg_llh,gamma_base,gamma_coef,beta,epsilon
301,20.74302993598767,8.86866384414956,-0.9947295446656645,0.2569246793808415,1.0337680711458574e-10
