subject_num,neg_llh,gamma_base,gamma_coef,beta,epsilon
317,60.841929741910064,7.840465629696847,-0.8258310958743096,0.10047046704590323,0.11080650760233401
