subject_num,neg_llh,gamma_base,gamma_coef,beta,epsilon
321,71.97587681551713,5.258747170041024,-0.8404407150537009,0.11089288637996653,0.17276390224357602
