subject_num,neg_llh,gamma_base,gamma_coef,beta,epsilon
34,25.88644204479175,9.9994921875,-1.18780517578125,0.24635791015625003,2.5390625000010214e-5
