subject_num,neg_llh,gamma_base,gamma_coef,beta,epsilon
387,30.533816766572347,7.725041949826901,-1.1311328076614229,0.9999999999996444,0.08562919343992326
