subject_num,neg_llh,gamma_base,gamma_coef,beta,epsilon
338,54.91033417280359,9.62685222029686,-0.8417505583763123,0.16762822246551512,0.12082882940769196
