subject_num,neg_llh,gamma_base,gamma_coef,beta,epsilon
346,44.86915568051345,9.999999895691872,2.9999999687075616,0.19067222583293914,0.10182149282097819
