subject_num,neg_llh,gamma_base,gamma_coef,beta,epsilon
327,34.92563772152707,7.994928188323975,-0.5406845248751343,0.18763939157687126,1.0337680711458574e-10
