subject_num,neg_llh,gamma_base,gamma_coef,beta,epsilon
326,38.71010827233344,9.99973925653845,2.002386065432802,0.19667376300413164,0.05084451802726836
