subject_num,neg_llh,gamma_base,gamma_coef,beta,epsilon
309,53.83926177581673,0.34330279141664505,-0.1021009204387665,0.1452361794710159,0.005177848026156451
