subject_num,neg_llh,gamma_base,gamma_coef,beta,epsilon
381,81.60582444744668,2.895758732557297,-0.4607983641028405,0.9999999947845936,0.9561310624778271
