subject_num,neg_llh,gamma_base,gamma_coef,beta,epsilon
32,65.20007302483756,9.038628706932068,-2.6376391739845277,0.3347934794425964,0.04757364583015444
