subject_num,neg_llh,gamma_base,gamma_coef,beta,epsilon
358,62.02473464131628,-1.424895023549907,-0.34479589397180826,0.9249724711214657,0.04733338613132948
