subject_num,neg_llh,gamma_base,gamma_coef,beta,epsilon
306,96.7598988433002,-4.6196484375,-2.99984765625,0.9999746093749999,0.364163818359375
