subject_num,neg_llh,gamma_base,gamma_coef,beta,epsilon
380,69.77311828455021,-3.241470832824707,-1.6750501399040223,0.6661305673122406,0.07680383706092836
