subject_num,neg_llh,gamma_base,gamma_coef,beta,epsilon
352,82.47018773148567,-3.470951663851738,-1.4310760431513192,0.9992143724970519,0.15660534634068607
