subject_num,neg_llh,gamma_base,gamma_coef,beta,epsilon
3,87.39126987223959,0.8003628528118134,-0.430640943646431,0.08038230240345001,0.26323440408706666
