subject_num,neg_llh,gamma_base,gamma_coef,beta,epsilon
367,91.2409450887945,-0.8840744382888079,-2.872521836511791,0.9999999985024333,0.2251033495180309
