subject_num,neg_llh,gamma_base,gamma_coef,beta,epsilon
31,55.28028168305937,9.842557711601257,-2.5780617145299916,0.10307554990053175,0.0009746294617652973
