subject_num,neg_llh,gamma_base,gamma_coef,beta,epsilon
335,62.63589878041229,3.4963318905443885,-1.142172853797558,0.21226724430307514,0.10241791314154397
