subject_num,neg_llh,gamma_base,gamma_coef,beta,epsilon
331,61.37211386104842,9.996210747808218,2.9999999993797393,0.1358833769308403,0.17026215436216446
