subject_num,neg_llh,gamma_base,gamma_coef,beta,epsilon
312,82.32324572862942,-0.4435662364959717,-2.791034504413605,0.0848843386173248,4.982948303977608e-8
