subject_num,neg_llh,gamma_base,gamma_coef,beta,epsilon
337,73.80875830725276,-9.94273713350296,-2.9999999687075616,0.9531144965589047,0.07493093068897722
