subject_num,neg_llh,gamma_base,gamma_coef,beta,epsilon
35,50.16065392407503,2.8402931740880013,0.23592789226770403,0.9939377169422805,0.21250834211334585
