subject_num,neg_llh,gamma_base,gamma_coef,beta,epsilon
342,42.01020884978254,5.640425459166582,-0.5147807548253622,0.14294732891030437,1.7171264410364984e-12
