subject_num,neg_llh,gamma_base,gamma_coef,beta,epsilon
311,83.7065956555632,-5.24189726676792,-1.5163551925420762,0.09136592511180791,0.045215934088453646
