subject_num,neg_llh,gamma_base,gamma_coef,beta,epsilon
334,48.759574154814416,7.192008056640625,-0.6794245605468751,0.9999746093749999,0.18437884521484377
