subject_num,neg_llh,gamma_base,gamma_coef,beta,epsilon
394,81.54172886560866,-3.3874599885940553,-1.4207399096488953,0.24227625751495363,0.1493713095188141
