subject_num,neg_llh,gamma_base,gamma_coef,beta,epsilon
392,82.71137767414685,-9.999999970048666,-2.3327001534551384,0.8957289564311504,0.13056680897250772
