subject_num,neg_llh,gamma_base,gamma_coef,beta,epsilon
36,28.900865707558076,9.998623830266297,-1.1768554816134276,0.18467056086100636,8.818354457595934e-6
