subject_num,neg_llh,gamma_base,gamma_coef,beta,epsilon
388,88.5218045422802,-1.5235226818919183,-2.054746135622263,0.9090343983918429,0.9452939612269402
