subject_num,neg_llh,gamma_base,gamma_coef,beta,epsilon
359,82.30667812520852,-6.175054569244385,1.6795372452735902,0.1289817247390747,0.5795660529136658
