subject_num,neg_llh,gamma_base,gamma_coef,beta,epsilon
33,48.36030690479994,5.986862207204104,-0.7075467537492515,0.16722850822284818,0.10402478687837718
