subject_num,neg_llh,gamma_base,gamma_coef,beta,epsilon
356,78.44271167486654,-2.7493421553447845,-0.8686078421249986,0.4288703816048801,0.1613946223864332
