subject_num,neg_llh,gamma_base,gamma_coef,beta,epsilon
344,37.82543182836692,3.7294758126139644,-0.2458943646848202,0.6724013657718897,0.12117273701727388
