subject_num,neg_llh,gamma_base,gamma_coef,beta,epsilon
371,68.62381730823358,-3.171351622883231,-2.4611628960147502,0.5991365892384202,0.07049977927189321
