subject_num,neg_llh,gamma_base,gamma_coef,beta,epsilon
353,45.635391229738964,9.962407847599826,-1.3799333713866073,0.13137186254933475,1.623995382615817e-11
