subject_num,neg_llh,gamma_base,gamma_coef,beta,epsilon
373,49.900946490955405,7.298047686219216,-0.7361586756706239,0.188138651907444,0.10881737412512305
