subject_num,neg_llh,gamma_base,gamma_coef,beta,epsilon
361,76.449225134875,-9.140358319282532,-0.9338655992746354,0.5248301130533218,0.13118158537149427
