subject_num,neg_llh,gamma_base,gamma_coef,beta,epsilon
350,48.1181497559222,9.999999895691872,2.9999999687075616,0.150654142677784,0.058505336359143234
