subject_num,neg_llh,gamma_base,gamma_coef,beta,epsilon
305,68.00992773059957,-4.433259748220444,-2.528718010425568,0.6550709756612778,0.04772200250625608
