subject_num,neg_llh,gamma_base,gamma_coef,beta,epsilon
385,79.40331300562684,-2.667522713271901,-1.025724208917003,0.8317112489352003,0.12535250856075436
