subject_num,neg_llh,gamma_base,gamma_coef,beta,epsilon
384,80.18690484402589,-1.4099250396853313,-1.93318072163919,0.28561928199115205,0.07194766092929056
