subject_num,neg_llh,gamma_base,gamma_coef,beta,epsilon
396,30.726888940280233,9.672267565727234,2.4082247584462166,0.21208599366247655,0.009452620133757583
