subject_num,neg_llh,gamma_base,gamma_coef,beta,epsilon
377,90.62089362694114,-9.962663564682007,-2.7215229177474978,0.9997388091087341,0.9414047737121582
