subject_num,neg_llh,gamma_base,gamma_coef,beta,epsilon
323,76.97236799619766,-2.201903702107957,-1.86028017860977,0.7551972557786503,0.09393323979788692
