subject_num,neg_llh,gamma_base,gamma_coef,beta,epsilon
362,64.31400626349188,-4.771721092076041,-2.5699652202213183,0.43237779775238594,0.012054296169197176
