subject_num,neg_llh,gamma_base,gamma_coef,beta,epsilon
315,41.59130941706067,7.273417110349692,-2.3438298730901446,0.2661432413667644,0.023075032023742115
