subject_num,neg_llh,gamma_base,gamma_coef,beta,epsilon
374,42.929113224541325,9.906685790140182,2.8794001420643185,0.2679553202139214,0.13982192155625672
