subject_num,neg_llh,gamma_base,gamma_coef,beta,epsilon
399,86.4434479384898,-1.2494099286198617,-2.4810012478530408,0.09165958844125272,0.10418539197742938
