subject_num,neg_llh,gamma_base,gamma_coef,beta,epsilon
347,85.94576424438722,-2.942349510192871,-1.4966916275024416,0.3779139957427978,0.23430996799468995
