subject_num,neg_llh,gamma_base,gamma_coef,beta,epsilon
339,27.626965296099133,1.8298481369018555,1.0968488516807557,0.9642556576132775,0.06047954642772674
