subject_num,neg_llh,gamma_base,gamma_coef,beta,epsilon
391,81.74830177583007,-0.24979726475430652,-0.5623722211599816,0.06226786279672525,1.623995382615817e-11
