subject_num,neg_llh,gamma_base,gamma_coef,beta,epsilon
375,52.88148290284802,9.209794478416443,2.6537516369819643,0.1594651551246643,0.08398658442497253
