subject_num,neg_llh,gamma_base,gamma_coef,beta,epsilon
322,46.4424286594335,9.999999895691872,1.281055555701256,0.12061317239701747,5.21540644005114e-9
