subject_num,neg_llh,gamma_base,gamma_coef,beta,epsilon
348,87.90020275221359,-1.5272433471679687,-1.988157440185547,0.4401376647949219,0.8279332122802734
