subject_num,neg_llh,gamma_base,gamma_coef,beta,epsilon
363,60.74931905855906,-2.8139539155364037,-2.7773434704244138,0.4630519973486662,0.05202428662776948
