subject_num,neg_llh,gamma_base,gamma_coef,beta,epsilon
354,77.21382660588256,-9.999999997932465,-2.99989996904321,0.4015010899826884,0.051064720561727894
