subject_num,neg_llh,gamma_base,gamma_coef,beta,epsilon
316,55.68660123182225,7.214230774343014,-0.9482676701098681,0.8617700950540602,0.21798514571040867
