subject_num,neg_llh,gamma_base,gamma_coef,beta,epsilon
382,81.35996873024064,-9.417522886847147,-1.792799434121931,0.4640136388115934,0.13174192144349217
