subject_num,neg_llh,gamma_base,gamma_coef,beta,epsilon
372,82.77154538248604,-3.497339105606079,-2.9993972325325013,0.4458256621360779,0.09168637919425965
