subject_num,neg_llh,gamma_base,gamma_coef,beta,epsilon
390,52.21215548956078,9.985569993108511,2.9999999993797393,0.1957913481537253,0.17070413904823362
