subject_num,neg_llh,gamma_base,gamma_coef,beta,epsilon
379,65.25236032930567,0.7773633919890097,-0.3408068071500103,0.25330200722031043,0.10657897639750957
