subject_num,neg_llh,gamma_base,gamma_coef,beta,epsilon
332,37.49678250975828,1.1453714256612693,-0.3041040351314769,0.38720584921586304,0.01457858572626447
