subject_num,neg_llh,gamma_base,gamma_coef,beta,epsilon
345,43.07951417554729,9.396341398954393,2.7505684661865235,0.2273996044397354,0.0937929964065552
