subject_num,neg_llh,gamma_base,gamma_coef,beta,epsilon
37,43.660671608271514,9.999999970048666,2.999919373378158,0.19544845644384623,0.062049121692776654
