subject_num,neg_llh,gamma_base,gamma_coef,beta,epsilon
383,53.23715252636994,4.2959309282898905,-0.20257699620723726,0.2676354563385248,0.16579840585589412
