subject_num,neg_llh,gamma_base,gamma_coef,beta,epsilon
369,67.73665619786289,-5.054440565871774,-2.9999999999025606,0.24743315459764564,1.623995382615817e-11
