subject_num,neg_llh,gamma_base,gamma_coef,beta,epsilon
364,64.51884379265718,-1.1987316662142986,-0.061930924624524784,0.514468980651407,0.10914940931460299
