subject_num,neg_llh,gamma_base,gamma_coef,beta,epsilon
349,43.29847186738479,6.754497314323672,-2.263046977045946,0.21962869878252966,0.023130828970111927
