subject_num,neg_llh,gamma_base,gamma_coef,beta,epsilon
366,78.33096958378184,-3.3281220769882203,-0.5153211379051209,0.7970734770298005,0.12314739322662355
