subject_num,neg_llh,gamma_base,gamma_coef,beta,epsilon
307,47.79877001856432,7.596424341821112,-0.26097680227970704,0.38199101886036807,0.12226795659819617
