subject_num,neg_llh,gamma_base,gamma_coef,beta,epsilon
343,71.91187829052595,-2.953837567535229,-2.5704296478792097,0.9990291648260318,0.09393997446121649
