subject_num,neg_llh,gamma_base,gamma_coef,beta,epsilon
39,90.38364428806156,-9.423657538481057,-2.7536525787469,0.25326946434937414,0.1927964391158894
