subject_num,neg_llh,gamma_base,gamma_coef,beta,epsilon
376,48.00688060832929,-1.3834386296186132,-0.0579934626746981,0.49840857700233754,0.013755571563931868
