subject_num,neg_llh,gamma_base,gamma_coef,beta,epsilon
325,20.150568832277862,4.063359680175782,2.617100280761719,0.7101729888916015,0.019266311645507794
