subject_num,neg_llh,gamma_base,gamma_coef,beta,epsilon
360,61.43951295453328,-1.2927993488311769,-0.9151282224655152,0.3795845847129822,0.027922870159149182
