subject_num,neg_llh,gamma_base,gamma_coef,beta,epsilon
393,69.42455816521247,-9.197827040497215,-1.5782030846625568,0.8485204253364355,0.09106799137871713
