subject_num,neg_llh,gamma_base,gamma_coef,beta,epsilon
329,41.376304802698755,9.927020165929571,1.6360394428311849,0.2082458973166067,0.050893921262351816
