subject_num,neg_llh,gamma_base,gamma_coef,beta,epsilon
324,74.59700382191956,-1.8410122890770435,-2.8731807195022703,0.574465098746121,0.07631062658503651
