subject_num,neg_llh,gamma_base,gamma_coef,beta,epsilon
341,81.16723049365822,-9.39342616647482,-0.9072318933941425,0.44468515531718733,0.06313050277717414
