subject_num,neg_llh,gamma_base,gamma_coef,beta,epsilon
370,17.093235575853146,3.677697161436081,0.5227809684276581,0.5754547542184592,5.21540644005114e-9
