subject_num,neg_llh,gamma_base,gamma_coef,beta,epsilon
378,52.454149428194626,9.99999662399292,-2.535170276641846,0.1164593267440796,0.022583695411682148
