subject_num,neg_llh,gamma_base,gamma_coef,beta,epsilon
304,79.80167333368675,-2.4845318529801443,-2.989032490253449,0.5338425376079976,0.14308707873662935
