subject_num,neg_llh,gamma_base,gamma_coef,beta,epsilon
38,72.69494312713691,-0.37861275106668474,2.9999999687075616,0.11046623603999617,0.332404098212719
