subject_num,neg_llh,gamma_base,gamma_coef,beta,epsilon
395,79.49688406107359,-7.602269587516785,-2.3660495549440386,0.3398258803635836,0.09871712639927865
