subject_num,neg_llh,gamma_base,gamma_coef,beta,epsilon
340,67.28725315219009,-2.973456749469042,-2.569007142685354,0.5852938794717193,0.051055159207433476
