subject_num,neg_llh,gamma_base,gamma_coef,beta,epsilon
336,27.523521620202118,9.999964982853271,2.9999143305933105,0.22300592803373004,1.0337680711458574e-10
