subject_num,neg_llh,gamma_base,gamma_coef,beta,epsilon
386,67.12859278471967,6.438580996990204,2.0776912890672685,0.1883557068258524,0.2949946298599243
