subject_num,neg_llh,gamma_base,gamma_coef,beta,epsilon
398,63.72304808959271,8.326765310764314,-2.726773816108704,0.40338280391693115,0.03488623523712159
