subject_num,neg_llh,gamma_base,gamma_coef,beta,epsilon
368,57.76717875593887,-4.662511597499251,-0.16681170900911094,0.9999839067626745,0.0228333794856444
