subject_num,neg_llh,gamma_base,gamma_coef,beta,epsilon
308,45.35018006300535,5.033097198009491,-0.6425794453918934,0.30853434033691884,0.11987109158933162
