subject_num,neg_llh,gamma_base,gamma_coef,beta,epsilon
300,81.07904422805571,-9.68450163781643,1.9261589978635312,0.007733833089470843,0.5500137331783772
