subject_num,neg_llh,gamma_base,gamma_coef,beta,epsilon
30,40.45689212188371,9.999999997932465,2.750933886146173,0.16001254800241438,1.0337680711458574e-10
