subject_num,neg_llh,gamma_base,gamma_coef,beta,epsilon
355,49.98238487947238,9.918929091766477,2.8207196179479364,0.1480674463994801,0.07976085062325
