subject_num,neg_llh,gamma_base,gamma_coef,beta,epsilon
314,57.58893216564894,-8.266475111693143,0.5420037686973811,0.4703439636901021,0.014704133797436958
