subject_num,neg_llh,gamma_base,gamma_coef,beta,epsilon
302,11.41166694424226,9.999999970048666,2.9999999910146,0.9999999985024333,1.4975666817740318e-9
