subject_num,neg_llh,gamma_base,gamma_coef,beta,epsilon
389,70.31899600760491,0.3051425921787859,-0.3866122849083704,0.37670368664749365,0.17069907652348182
