subject_num,neg_llh,gamma_base,gamma_coef,beta,epsilon
351,18.01449543154672,4.580388312669929,-0.44613961657704754,0.43197345849169505,3.139867388313178e-8
