subject_num,neg_llh,gamma_base,gamma_coef,beta,epsilon
357,26.474176780179675,1.1473999911546708,1.1260177580416204,0.4353106596469879,0.017695933327078806
