subject_num,neg_llh,gamma_base,gamma_coef,beta,epsilon
328,82.83735951520443,-9.999949035644532,-0.48869046020507817,0.3886584930419922,0.13084385681152344
