subject_num,neg_llh,gamma_base,gamma_coef,beta,epsilon
318,42.193428596069516,6.511093343179673,-0.8290341495629401,0.3559966985732317,0.08847519877273591
