subject_num,neg_llh,gamma_base,gamma_coef,beta,epsilon
313,70.32969646949147,-2.69966796875,-2.63729296875,0.6559375000000001,0.04339550781250001
