subject_num,neg_llh,gamma_base,gamma_coef,beta,epsilon
303,84.75546317543979,2.9299775806069377,-0.36024144762754445,0.15153399175405502,0.5936160740703345
