subject_num,neg_llh,gamma_base,gamma_coef,beta,epsilon
319,82.73228548177075,-9.999999997932465,-0.6026082581374794,0.27659359950385987,0.16911822434235363
