subject_num,neg_llh,gamma_base,gamma_coef,beta,epsilon
397,66.57793570831377,-9.99999900341034,0.8926270236968995,0.5778943932056427,0.04546024727821352
