subject_num,neg_llh,gamma_base,gamma_coef,beta,epsilon
365,58.585473583545536,-2.7216859403718265,-0.31268711723992604,0.8722416339055635,0.011991417275508842
