subject_num,neg_llh,gamma_base,gamma_coef,beta,epsilon
333,42.263817657432824,7.019946494912729,-0.52816718895128,0.15502638248470613,0.035331513812998316
