subject_num,neg_llh,gamma_base,gamma_coef,beta,epsilon
310,47.71448056924602,6.3468433019518855,0.44628964331746107,0.9999999947845936,0.15093060867488384
