subject_num,neg_llh,gamma_base,gamma_coef,beta,epsilon
320,69.32205259461199,5.106010503917933,1.7388504583407194,0.07164843791909514,0.0011039010724052667
