subject_num,neg_llh,gamma_base,gamma_coef,beta,epsilon
330,72.62280914326091,-0.7191564592719079,-0.1614152488578111,0.9999999998966231,0.2746134065017104
