subject_num,neg_llh,gamma_base,gamma_coef,beta,epsilon
408,93.89137801292934,-6.390987294912339,0.51377463555336,0.1942823374271393,0.35959230315685276
