subject_num,neg_llh,gamma_base,gamma_coef,beta,epsilon
449,89.0208373701808,0.3459421508945525,-2.9999476977400485,0.10789963143225761,0.14574698415864257
