subject_num,neg_llh,gamma_base,gamma_coef,beta,epsilon
411,40.28931231523043,7.501719435273262,-1.1597569508444576,0.250381223197357,0.07849007111454559
