subject_num,neg_llh,gamma_base,gamma_coef,beta,epsilon
485,61.81669866476468,-2.4636180245678405,-0.07344709783929285,0.46129537116285063,0.02756759792682717
