subject_num,neg_llh,gamma_base,gamma_coef,beta,epsilon
472,57.99833613556262,-2.756421163827181,-0.7805377448480577,0.8154291130276397,0.012895520492456847
