subject_num,neg_llh,gamma_base,gamma_coef,beta,epsilon
424,68.29534242214127,-6.866123046875,0.52117236328125,0.1320849609375,0.003923828125000028
