subject_num,neg_llh,gamma_base,gamma_coef,beta,epsilon
463,47.38595743335652,9.094778199195861,-1.0085536680221558,0.13224854588508606,0.020128493547439563
