subject_num,neg_llh,gamma_base,gamma_coef,beta,epsilon
414,72.47864605501026,9.986169438995422,2.9999999993797393,0.06005093155801294,0.1503279115371406
