subject_num,neg_llh,gamma_base,gamma_coef,beta,epsilon
422,24.806231016092124,-0.3190366839431226,1.7941499436981978,0.6569843772081658,0.030595623738132405
