subject_num,neg_llh,gamma_base,gamma_coef,beta,epsilon
417,73.15179537541985,0.796987054347992,-2.996268893480301,0.4884011431336403,0.11435377283394338
