subject_num,neg_llh,gamma_base,gamma_coef,beta,epsilon
491,39.990169806996526,3.408772430419922,2.249965690612793,0.8157905693054199,0.1382010154724121
