subject_num,neg_llh,gamma_base,gamma_coef,beta,epsilon
406,81.84185405228868,0.37160501357167963,-2.261627127086744,0.05771725146751849,0.012723476065322759
