subject_num,neg_llh,gamma_base,gamma_coef,beta,epsilon
435,86.41083075461377,-8.705296418070793,1.3463495506346226,0.01852188859879972,0.2476726944297552
