subject_num,neg_llh,gamma_base,gamma_coef,beta,epsilon
455,33.321396558532925,6.338808455467224,-0.11173006582260132,0.4045769145488739,0.06313872385025027
