subject_num,neg_llh,gamma_base,gamma_coef,beta,epsilon
448,50.12959502950879,9.993466312885285,0.7474086950719357,0.11470146520435809,5.21540644005114e-9
