subject_num,neg_llh,gamma_base,gamma_coef,beta,epsilon
41,51.80435525552919,5.280350381061435,-0.47653203093423513,0.27644841643964174,0.17732864031806822
