subject_num,neg_llh,gamma_base,gamma_coef,beta,epsilon
497,76.73882525650616,9.061059474945068,-2.9981458969116215,0.12714195919036864,0.178988037109375
