subject_num,neg_llh,gamma_base,gamma_coef,beta,epsilon
401,84.2717013025965,-1.7833828735351562,-2.69956137084961,0.1948121147155762,0.15862403106689454
