subject_num,neg_llh,gamma_base,gamma_coef,beta,epsilon
450,51.146689139857436,9.848998794555664,-1.3183873658180238,0.11119022583961485,0.03298472380638123
