subject_num,neg_llh,gamma_base,gamma_coef,beta,epsilon
400,69.56614748760259,-8.991730835735797,-2.048749512970448,0.18391459856927395,0.02113231770694257
