subject_num,neg_llh,gamma_base,gamma_coef,beta,epsilon
498,69.11079521421723,-9.999999895691872,-1.0703402827084065,0.22176493579149248,5.21540644005114e-9
