subject_num,neg_llh,gamma_base,gamma_coef,beta,epsilon
407,48.73036881077524,9.999999999675202,0.6665055808215402,0.1123578738469514,1.623995382615817e-11
