subject_num,neg_llh,gamma_base,gamma_coef,beta,epsilon
486,77.34504606106022,9.783674640506506,-2.2612259154841308,0.11073595415800808,0.20195273151993753
