subject_num,neg_llh,gamma_base,gamma_coef,beta,epsilon
443,61.71258098746907,4.4857987166818205,-1.5283697248053723,0.1281769761158721,0.12838241874859158
