subject_num,neg_llh,gamma_base,gamma_coef,beta,epsilon
475,63.41046371875521,-4.9526032912731175,-2.734844859480858,0.803026006102562,0.027695189654827146
