subject_num,neg_llh,gamma_base,gamma_coef,beta,epsilon
467,70.68928818081191,-3.5353859901428226,-2.6590189533233644,0.9016385221481323,0.06272732257843017
