subject_num,neg_llh,gamma_base,gamma_coef,beta,epsilon
429,35.337073475004736,-1.7072163835167886,1.7061652907431126,0.4920387741774321,0.07124150270223617
