subject_num,neg_llh,gamma_base,gamma_coef,beta,epsilon
426,47.81497741491334,0.8738342813621717,-0.11555742419113575,0.1708662361467831,0.04422903463522243
