subject_num,neg_llh,gamma_base,gamma_coef,beta,epsilon
403,77.92090420220624,-4.039972788351588,-2.6844817962236704,0.9999859502965118,0.11677932748245073
