subject_num,neg_llh,gamma_base,gamma_coef,beta,epsilon
43,71.33444318648766,-1.9243187415599823,-2.841180146545172,0.22124548666179178,5.21540644005114e-9
