subject_num,neg_llh,gamma_base,gamma_coef,beta,epsilon
418,71.39011902580057,-3.1278108215332034,-0.7514009857177735,0.8430453681945801,0.11070827484130857
