subject_num,neg_llh,gamma_base,gamma_coef,beta,epsilon
444,60.89878881066614,-0.4032843354344368,-0.12490134581923486,0.24808673536777498,0.06264057794213296
