subject_num,neg_llh,gamma_base,gamma_coef,beta,epsilon
459,30.584299796506652,8.403652689903975,1.970834943048656,0.624959996599704,0.04619573263823984
