subject_num,neg_llh,gamma_base,gamma_coef,beta,epsilon
494,91.32557919438989,3.926362342834473,-1.5405947341918946,0.2252972106933594,0.2878725576400757
