subject_num,neg_llh,gamma_base,gamma_coef,beta,epsilon
447,21.756454586362004,4.299869012832642,-0.588680956363678,0.46038198614120485,0.0024365286529064445
