subject_num,neg_llh,gamma_base,gamma_coef,beta,epsilon
460,71.8738590085123,-2.64163773290813,-2.6992063989490274,0.6728190446160733,0.06827573548629878
