subject_num,neg_llh,gamma_base,gamma_coef,beta,epsilon
496,76.2188624846465,-7.427284851074219,-2.2825046997070313,0.14794520568847658,0.04680664062500001
