subject_num,neg_llh,gamma_base,gamma_coef,beta,epsilon
468,42.3451746000401,6.498548320271075,-0.6562629814278335,0.15526564557012168,0.034347297191619885
