subject_num,neg_llh,gamma_base,gamma_coef,beta,epsilon
42,65.4030076300002,-2.015515107517131,-2.43222314916132,0.44285092435381374,0.012697008996736259
