subject_num,neg_llh,gamma_base,gamma_coef,beta,epsilon
456,49.933290457271085,9.452058404218405,2.1521562539711594,0.11978704378101973,1.0337680711458574e-10
