subject_num,neg_llh,gamma_base,gamma_coef,beta,epsilon
410,47.21241755335793,9.999999970048666,2.9999999910146,0.4989843140728772,0.15962333805114032
