subject_num,neg_llh,gamma_base,gamma_coef,beta,epsilon
44,50.79778918983045,0.8044450408220292,-0.18230663511157036,0.16653714060783387,5.21540644005114e-9
