subject_num,neg_llh,gamma_base,gamma_coef,beta,epsilon
477,66.3431886196287,-6.971407620385289,-2.320788036061451,0.6158202230222524,0.04776927902083844
