subject_num,neg_llh,gamma_base,gamma_coef,beta,epsilon
492,51.99277246567277,2.4320132517814637,2.869291877746582,0.9999999799132346,0.19911136507987975
