subject_num,neg_llh,gamma_base,gamma_coef,beta,epsilon
464,50.110628863412956,1.7843601733481047,-0.18484187898610255,0.5974019501388539,0.12963343296694801
