subject_num,neg_llh,gamma_base,gamma_coef,beta,epsilon
433,78.66301541329165,-2.795653091184795,-0.8542989784609527,0.9999999998966231,0.1393786862818524
