subject_num,neg_llh,gamma_base,gamma_coef,beta,epsilon
482,42.61136724212835,9.993517249613069,1.990204554999713,0.23311381452600471,0.09210356879397297
