subject_num,neg_llh,gamma_base,gamma_coef,beta,epsilon
454,85.16814018536004,-8.271416938602925,-2.153991532087326,0.2977122814655304,0.1909477921128273
