subject_num,neg_llh,gamma_base,gamma_coef,beta,epsilon
432,55.35288255364409,0.12507291482761504,-0.17263236816599967,0.9999999998966231,0.13913926809281113
