subject_num,neg_llh,gamma_base,gamma_coef,beta,epsilon
405,51.364041785042836,-1.9693420779705049,-0.5623790397942067,0.6595047151595355,5.21540644005114e-9
