subject_num,neg_llh,gamma_base,gamma_coef,beta,epsilon
458,50.0405612935585,5.854523824937642,1.0055513079687954,0.12356872810143976,1.0337680711458574e-10
