subject_num,neg_llh,gamma_base,gamma_coef,beta,epsilon
476,91.31507454852276,-9.962291185855866,-2.983630260944367,0.9999999799132346,0.2820110115408897
