subject_num,neg_llh,gamma_base,gamma_coef,beta,epsilon
493,61.05427902149062,2.5309207263588904,0.9635651900768281,0.2732543390393257,0.2829415942579508
