subject_num,neg_llh,gamma_base,gamma_coef,beta,epsilon
430,62.58536153644494,-9.846773221343756,-1.1966818936094643,0.4057320083118975,0.024058534543961285
