subject_num,neg_llh,gamma_base,gamma_coef,beta,epsilon
484,23.199503727415703,8.756709828674794,-1.085696447879076,0.47966842095553874,0.015619043961167312
