subject_num,neg_llh,gamma_base,gamma_coef,beta,epsilon
416,52.93194925101235,3.134938570894301,-0.3816098977793008,0.4215693702241406,0.17192331628501417
