subject_num,neg_llh,gamma_base,gamma_coef,beta,epsilon
473,43.35320551513777,-1.0999123218655587,-2.1032645908445122,0.07958720334246755,0.003925937999039897
