subject_num,neg_llh,gamma_base,gamma_coef,beta,epsilon
404,44.14988421204516,9.978770436048508,2.544234072446823,0.13402347230911255,2.008676530662612e-8
