subject_num,neg_llh,gamma_base,gamma_coef,beta,epsilon
488,70.38802966335064,-1.7731118208169938,-0.1292003136277199,0.9996922840625048,0.14960067792236803
