subject_num,neg_llh,gamma_base,gamma_coef,beta,epsilon
480,65.49887013269921,6.603809316287516,-0.8447959037439433,0.06858855356165439,1.623995382615817e-11
