subject_num,neg_llh,gamma_base,gamma_coef,beta,epsilon
466,67.4198274715601,9.786740148067475,-2.9999998794794083,0.3343609608411789,0.1666840101480484
