subject_num,neg_llh,gamma_base,gamma_coef,beta,epsilon
461,18.358743178967092,7.470072092786432,-0.8627088796868921,0.613770992524922,2.135537564729173e-6
