subject_num,neg_llh,gamma_base,gamma_coef,beta,epsilon
49,66.29769956964716,7.211040523964912,0.03865316474251449,0.1667874367311597,0.32888120620884
