subject_num,neg_llh,gamma_base,gamma_coef,beta,epsilon
4,42.07793718998185,7.690778264403344,2.314636426895857,0.6925316758453846,0.13662154331803322
