subject_num,neg_llh,gamma_base,gamma_coef,beta,epsilon
465,82.23467482152871,-4.050810632705689,1.786266251564026,0.018014976024627705,0.0411988296508789
