subject_num,neg_llh,gamma_base,gamma_coef,beta,epsilon
431,26.005085976206892,9.999083959404379,2.993902373246849,0.9999910394381732,0.06400047215912491
