subject_num,neg_llh,gamma_base,gamma_coef,beta,epsilon
457,54.04424392342775,7.659551682472229,-0.7726729774475098,0.1196632122993469,0.05457984042167663
