subject_num,neg_llh,gamma_base,gamma_coef,beta,epsilon
487,75.43730070320412,-1.1028683018684389,-0.2641119428873062,0.1707132858633995,0.09458394449949264
