subject_num,neg_llh,gamma_base,gamma_coef,beta,epsilon
412,73.65325624052407,-9.94973202586174,-0.8722950505614281,0.9958748805969954,0.09494035148620605
