subject_num,neg_llh,gamma_base,gamma_coef,beta,epsilon
47,92.58490151284605,-8.207436337471009,-0.3439880933761597,0.3229155466556549,0.31138762617111204
