subject_num,neg_llh,gamma_base,gamma_coef,beta,epsilon
478,34.0440760187027,3.1540614096075297,-0.0669092252701521,0.9698051970265806,0.10470835260674355
