subject_num,neg_llh,gamma_base,gamma_coef,beta,epsilon
474,46.68253506973543,9.96360164999962,0.6269650093317032,0.7866249420791864,0.160755186021328
