subject_num,neg_llh,gamma_base,gamma_coef,beta,epsilon
427,83.46088841419676,-9.909355654492975,-0.9406828532516956,0.7921343604251743,0.16056760427728295
