subject_num,neg_llh,gamma_base,gamma_coef,beta,epsilon
423,87.90217629892902,7.640937500000001,-0.55552734375,0.020004882812500013,0.20907910156249998
