subject_num,neg_llh,gamma_base,gamma_coef,beta,epsilon
470,74.99792448625313,-9.29457103908062,-0.3749067638218403,0.5469275321215391,0.06964538949728011
