subject_num,neg_llh,gamma_base,gamma_coef,beta,epsilon
451,48.39380278348301,9.946834490299226,2.4338682158589364,0.17973442317545413,0.06688931773602963
