subject_num,neg_llh,gamma_base,gamma_coef,beta,epsilon
421,47.125671643805724,8.179681083895266,2.2621904578786345,0.14918358882050964,0.040246275895275185
