subject_num,neg_llh,gamma_base,gamma_coef,beta,epsilon
428,13.167205080375918,0.008356513977050782,1.5835869998931886,0.7389296760559082,1.6880035402788707e-7
