subject_num,neg_llh,gamma_base,gamma_coef,beta,epsilon
420,49.36139296535767,2.677586975097656,2.7750783691406253,0.6272721824645996,0.1822887649536133
