subject_num,neg_llh,gamma_base,gamma_coef,beta,epsilon
489,78.32583178641862,-9.99999900341034,-0.2854993958473206,0.06516206145286563,0.11348362731933592
