subject_num,neg_llh,gamma_base,gamma_coef,beta,epsilon
469,85.85592896788636,-1.0122260729502888,-2.636871069286368,0.2691789461944718,0.15547591763851232
