subject_num,neg_llh,gamma_base,gamma_coef,beta,epsilon
499,51.11497745980076,4.15597921891138,1.7538222676645965,0.9999999998966231,0.21140639068651945
