subject_num,neg_llh,gamma_base,gamma_coef,beta,epsilon
439,30.522885700141345,9.999999997932465,2.528589615992736,0.18440683938609437,1.0337680711458574e-10
