subject_num,neg_llh,gamma_base,gamma_coef,beta,epsilon
446,81.81405180691657,4.621535315513611,-0.7727764821052552,0.8342892310619354,0.8996806185245514
