subject_num,neg_llh,gamma_base,gamma_coef,beta,epsilon
490,78.17299398260289,-0.4751875580259366,-2.441029099718595,0.9999999999982829,0.16802875389951805
