subject_num,neg_llh,gamma_base,gamma_coef,beta,epsilon
462,52.22676849196655,9.96567828655243,2.999999701023102,0.12723606514930724,0.046288879394531246
