subject_num,neg_llh,gamma_base,gamma_coef,beta,epsilon
409,81.62184466113803,8.907756584882737,0.975478933095932,0.13840915501117707,0.5740973188877105
