subject_num,neg_llh,gamma_base,gamma_coef,beta,epsilon
436,77.58018234774066,1.6514373368024826,-0.2828950045108795,0.9999999947845936,0.9859387829303741
