subject_num,neg_llh,gamma_base,gamma_coef,beta,epsilon
48,82.74518585148857,-7.609069962501526,0.5918524818420411,0.8517046630382538,0.9571468803882599
