subject_num,neg_llh,gamma_base,gamma_coef,beta,epsilon
479,61.393287323299226,-2.705925241708756,-1.1392843337059022,0.9215108215808868,0.024540439069271114
