subject_num,neg_llh,gamma_base,gamma_coef,beta,epsilon
442,74.97271387592727,-3.200121229192009,0.11340307661681437,0.8012672372937668,0.1677911205131677
