subject_num,neg_llh,gamma_base,gamma_coef,beta,epsilon
440,67.85958091227765,0.24797411864623428,-1.552350690815365,0.9999999999837601,0.08395799868152243
