subject_num,neg_llh,gamma_base,gamma_coef,beta,epsilon
445,81.26831609480064,9.843238224983216,2.0153577504158022,0.031925407171249365,0.41255260276794437
