subject_num,neg_llh,gamma_base,gamma_coef,beta,epsilon
495,89.97346135907584,-4.176234992598183,-2.4505114504345693,0.13893572113174013,0.17594639993831518
