subject_num,neg_llh,gamma_base,gamma_coef,beta,epsilon
46,49.74410061012303,2.654185733573977,-0.38916394900550955,0.7513597937781851,0.13053325995115667
