subject_num,neg_llh,gamma_base,gamma_coef,beta,epsilon
481,46.660441168106814,9.140042786225678,-1.5510440710340627,0.157623989460757,0.05640098273032346
