subject_num,neg_llh,gamma_base,gamma_coef,beta,epsilon
40,57.9257825942629,-3.3244839477539063,-2.7602764892578127,0.6871097717285156,2.54821777345704e-6
