subject_num,neg_llh,gamma_base,gamma_coef,beta,epsilon
438,87.7781387521797,-0.969316611904651,-2.7595684331897647,0.9999999998966231,0.2018537333486602
