subject_num,neg_llh,gamma_base,gamma_coef,beta,epsilon
419,27.667325621611838,9.999999997932465,2.9999999993797393,0.2277845569998026,8.933246142817097e-9
