subject_num,neg_llh,gamma_base,gamma_coef,beta,epsilon
425,24.938976240453474,9.999999598264695,2.9999998794794083,0.9999910570979118,0.05629754185676572
