subject_num,neg_llh,gamma_base,gamma_coef,beta,epsilon
415,35.468050973707534,5.540654296875,-0.44149804687500005,0.17058203125,2.5390625000010214e-5
