subject_num,neg_llh,gamma_base,gamma_coef,beta,epsilon
402,79.61200883724504,-0.454828215490561,-1.4044083267054521,0.06668718489015008,1.623995382615817e-11
