subject_num,neg_llh,gamma_base,gamma_coef,beta,epsilon
483,57.199572655945,9.999071216508746,2.6992525968253616,0.13521167343482376,0.1371101622618735
