subject_num,neg_llh,gamma_base,gamma_coef,beta,epsilon
441,36.140777666672236,9.99491879850626,1.7351729172170163,0.1802229473143816,5.21540644005114e-9
