subject_num,neg_llh,gamma_base,gamma_coef,beta,epsilon
453,58.40575171574798,5.979042921066284,2.999999701023102,0.999999950170517,0.31683982324600224
