subject_num,neg_llh,gamma_base,gamma_coef,beta,epsilon
437,90.53399205458344,1.5872781108994969,-2.170120795421535,0.05513665709365162,0.013303765347402075
