subject_num,neg_llh,gamma_base,gamma_coef,beta,epsilon
471,62.93563409789765,-2.6443607902526858,-1.453605136871338,0.5418696565628052,0.023815757751464828
