subject_num,neg_llh,gamma_base,gamma_coef,beta,epsilon
45,67.39908898753608,-6.61377631187439,-0.2403114037513733,0.18908140683174135,4.982948303977608e-8
