subject_num,neg_llh,gamma_base,gamma_coef,beta,epsilon
452,91.82493590246396,-7.495738905668259,-2.8133899043798447,0.06648912203311919,0.34189743834733965
