subject_num,neg_llh,gamma_base,gamma_coef,beta,epsilon
434,86.45762715992609,-4.058539468450472,-2.9332970249857757,0.1196186004301999,0.30034930509445257
