subject_num,neg_llh,gamma_base,gamma_coef,beta,epsilon
413,87.40287302096054,-8.501872252598405,-2.206737349525094,0.3049527199426666,0.16115746696759015
