subject_num,neg_llh,gamma_base,gamma_coef,beta,epsilon
51,52.36877611129631,9.234703112244606,-0.7657331239879132,0.25150000965595243,0.1795771882981062
