subject_num,neg_llh,gamma_base,gamma_coef,beta,epsilon
55,73.61487023976143,-1.1388050521165134,-0.7375432512313128,0.8671087362915277,0.12632149516791108
