subject_num,neg_llh,gamma_base,gamma_coef,beta,epsilon
54,43.54958792144465,9.948849856853485,-0.9074012874662877,0.2379656603038311,0.08152659398317336
