subject_num,neg_llh,gamma_base,gamma_coef,beta,epsilon
58,83.51394680567347,-8.004805150032043,-2.19791426897049,0.520010037958622,0.16167030996084214
