subject_num,neg_llh,gamma_base,gamma_coef,beta,epsilon
5,82.72053770677746,9.931766611067578,-1.2518017829102466,0.04041596146929077,1.0337680711458574e-10
