subject_num,neg_llh,gamma_base,gamma_coef,beta,epsilon
500,87.65492482491476,-0.6548111752420664,-0.41507282815128566,0.08239502185583114,0.37524640670791265
