subject_num,neg_llh,gamma_base,gamma_coef,beta,epsilon
56,34.81042231078416,1.7464810836315157,0.9113450826108457,0.5366369681805372,0.0551500454992056
