subject_num,neg_llh,gamma_base,gamma_coef,beta,epsilon
59,79.22934121345754,-2.25084150955081,-0.26429943354427815,0.3528587953783572,0.11525588247552515
