subject_num,neg_llh,gamma_base,gamma_coef,beta,epsilon
53,52.78227887841148,8.442500361099373,-0.8603775691963965,0.11656345925200728,0.06737280611915047
