subject_num,neg_llh,gamma_base,gamma_coef,beta,epsilon
57,82.52512364970458,-1.4078418016433716,0.29750522232055665,0.999999950170517,0.694590184211731
