subject_num,neg_llh,gamma_base,gamma_coef,beta,epsilon
50,69.60491549973209,-2.967345290184021,-1.83604770898819,0.4402308189868927,0.04343774247169496
