subject_num,neg_llh,gamma_base,gamma_coef,beta,epsilon
52,33.62156003149947,9.99999900341034,2.999999701023102,0.17658779978752137,4.982948303977608e-8
