subject_num,neg_llh,gamma_base,gamma_coef,beta,epsilon
65,56.16884793156571,1.8878940701601097,1.6466776145036566,0.10504179655975893,1.623995382615817e-11
