subject_num,neg_llh,gamma_base,gamma_coef,beta,epsilon
62,35.43648520718179,9.999999999675202,2.9999999999025606,0.16402448557224125,1.623995382615817e-11
