subject_num,neg_llh,gamma_base,gamma_coef,beta,epsilon
63,74.62540725743375,-3.025827057659626,-2.3340341366529467,0.5528673090040683,0.05772817401587965
