subject_num,neg_llh,gamma_base,gamma_coef,beta,epsilon
66,99.05536618140616,-9.840822372734547,-2.987710530549288,0.9999999947845936,0.29726529303193094
