subject_num,neg_llh,gamma_base,gamma_coef,beta,epsilon
61,91.71550191370059,-9.999999997932465,-0.735788594934158,0.23947151934797878,0.22556598343444056
