subject_num,neg_llh,gamma_base,gamma_coef,beta,epsilon
68,77.73766627962954,-9.996271497309209,-2.5172443852722646,0.5128580743074417,0.06948841486871243
