subject_num,neg_llh,gamma_base,gamma_coef,beta,epsilon
69,54.35093476067636,3.878934605121613,-0.2658775449693203,0.21867992444336415,0.14893683533370494
