subject_num,neg_llh,gamma_base,gamma_coef,beta,epsilon
64,53.665247917956854,-2.814973495900631,-0.45630360741913323,0.9999999985024333,1.4975666817740318e-9
