subject_num,neg_llh,gamma_base,gamma_coef,beta,epsilon
60,49.68923696108571,9.999999999675202,2.933160613089684,0.15597045669023646,0.054699072732299125
