subject_num,neg_llh,gamma_base,gamma_coef,beta,epsilon
6,84.10454485355439,-3.5597440862655643,-1.9662929735183716,0.63367697930336,0.20869744300842286
