subject_num,neg_llh,gamma_base,gamma_coef,beta,epsilon
67,48.790752532163395,8.397262406582014,-0.9744974659332075,0.10644742151233366,1.0337680711458574e-10
