subject_num,neg_llh,gamma_base,gamma_coef,beta,epsilon
70,54.663226087700274,-0.4294803995104121,-0.3191305783900207,0.21972469289665425,0.028648673643246192
