subject_num,neg_llh,gamma_base,gamma_coef,beta,epsilon
77,78.15672201252576,-8.933871137201786,-1.8852279917299748,0.4819032144099474,0.13837634135782717
