subject_num,neg_llh,gamma_base,gamma_coef,beta,epsilon
74,72.28589873663701,-2.0310048291087153,-1.6660743230581285,0.9999999947845936,0.11036243395507334
