subject_num,neg_llh,gamma_base,gamma_coef,beta,epsilon
73,71.29045684040852,-5.8088425052538515,-2.3141027170624584,0.9999999998966231,0.0578794849803671
