subject_num,neg_llh,gamma_base,gamma_coef,beta,epsilon
76,13.919141486402284,8.122325398078537,-0.9275444265556871,0.7271623415939393,1.7171264410364984e-12
