subject_num,neg_llh,gamma_base,gamma_coef,beta,epsilon
72,28.160219872399484,9.95876561421901,1.5792971291737632,0.21364540551556277,1.0337680711458574e-10
