subject_num,neg_llh,gamma_base,gamma_coef,beta,epsilon
7,63.65065546933048,-0.9946013702824712,-0.5462190237678588,0.9926016187584028,0.06825147890578953
