subject_num,neg_llh,gamma_base,gamma_coef,beta,epsilon
79,63.82714510338926,9.478629711735994,2.59974573677592,0.07453498447686435,1.0337680711458574e-10
