subject_num,neg_llh,gamma_base,gamma_coef,beta,epsilon
71,68.73189045823962,2.288837757110596,2.1666565761566163,0.20890837836265563,0.44168654656410217
