subject_num,neg_llh,gamma_base,gamma_coef,beta,epsilon
78,49.27903709367518,-1.6128550833463668,-0.49123292720317846,0.9999999947845936,5.21540644005114e-9
