subject_num,neg_llh,gamma_base,gamma_coef,beta,epsilon
75,56.95969550311736,9.77918051585555,2.9999999910146,0.17954315705224871,0.1827159075587988
