subject_num,neg_llh,gamma_base,gamma_coef,beta,epsilon
87,85.38557380165929,-3.6698814839264378,0.08488753608847037,0.8886463360674679,0.26127912061102687
