subject_num,neg_llh,gamma_base,gamma_coef,beta,epsilon
88,53.61139029118861,9.054396660029889,-1.0611570550203324,0.29831091314554214,0.2478167086690664
