subject_num,neg_llh,gamma_base,gamma_coef,beta,epsilon
80,65.49340460299112,-9.94530333518982,-2.0067654361724854,0.3386470649242401,0.04879178857803346
