subject_num,neg_llh,gamma_base,gamma_coef,beta,epsilon
85,69.04405098165063,6.62685568479099,-1.5832741350462112,0.1922588391019317,0.0993537542096874
