subject_num,neg_llh,gamma_base,gamma_coef,beta,epsilon
82,68.74081908143373,-0.33765223272144795,-0.1467939193546772,0.3038924501463771,0.12423489666357634
