subject_num,neg_llh,gamma_base,gamma_coef,beta,epsilon
81,75.60395822933347,-2.3382681852870157,-0.16188602461083793,0.9997032897103927,0.14766849111893682
