subject_num,neg_llh,gamma_base,gamma_coef,beta,epsilon
83,49.28023559977705,6.307379009611905,-0.5522011559070088,0.12424499129550531,6.7200986668680684e-6
