subject_num,neg_llh,gamma_base,gamma_coef,beta,epsilon
89,74.78396675462305,2.130655313953757,-2.481806208483875,0.12279480446130037,0.00013006082549693598
