subject_num,neg_llh,gamma_base,gamma_coef,beta,epsilon
84,47.87581943331311,9.127273123308552,-1.1419330904303353,0.2428953714129748,0.06884075606538681
