subject_num,neg_llh,gamma_base,gamma_coef,beta,epsilon
8,68.06327812286757,-2.6854635903239252,-0.3373400159776211,0.25788217228651045,0.036516507953405386
