subject_num,neg_llh,gamma_base,gamma_coef,beta,epsilon
86,53.33288315718493,-2.328547854423523,-0.6688078379631043,0.5045895690321922,2.008676530662612e-8
