subject_num,neg_llh,gamma_base,gamma_coef,beta,epsilon
9,61.663100584436926,7.188527198997327,-1.1856886219452136,0.9537124377663713,0.23401073871064
