subject_num,neg_llh,gamma_base,gamma_coef,beta,epsilon
93,35.87562259053668,0.6730938890669496,2.9643263787729666,0.23199742603045886,1.0337680711458574e-10
