subject_num,neg_llh,gamma_base,gamma_coef,beta,epsilon
97,82.09947902520273,-1.9671214866638185,2.2975514216423036,0.999999950170517,0.8623524370193482
