subject_num,neg_llh,gamma_base,gamma_coef,beta,epsilon
94,64.89485682493307,9.988870468139648,2.999996131896973,0.27167300796508786,0.3269497299194336
