subject_num,neg_llh,gamma_base,gamma_coef,beta,epsilon
98,72.55242174073642,-1.679398532557534,-0.20204582188243514,0.48540009832417125,0.12839315454993627
