subject_num,neg_llh,gamma_base,gamma_coef,beta,epsilon
90,50.30863519410776,9.562935835551471,2.995920705707744,0.1270357818705961,0.027781390092335656
