subject_num,neg_llh,gamma_base,gamma_coef,beta,epsilon
92,44.412585771133706,6.923898485219106,-1.9282360166567378,0.16943739739665764,0.019233270739205166
