subject_num,neg_llh,gamma_base,gamma_coef,beta,epsilon
95,72.32532516357783,-9.878382554873825,-2.0354418812021615,0.46223759712278845,0.07260201826319096
