subject_num,neg_llh,gamma_base,gamma_coef,beta,epsilon
96,42.07125020972551,-1.994316322375089,2.8140880142971874,0.9356135082608088,0.16517050315905363
