subject_num,neg_llh,gamma_base,gamma_coef,beta,epsilon
99,77.3911695304538,-9.879565980434418,-0.8889549282789231,0.30202619498968125,0.08193704348802566
