subject_num,neg_llh,gamma_base,gamma_coef,beta,epsilon
91,33.4641232337723,1.8806988152861597,0.45763692140579226,0.9999957192689181,0.07336166772246361
