subject_num,neg_llh,gamma_base,gamma_coef,beta,epsilon
195,70.02106500643725,-2.3041891634464267,0.0,0.48064340955018997,0.07785191094875338
