subject_num,neg_llh,gamma_base,gamma_coef,beta,epsilon
127,75.82323119996335,-1.9459943791478873,0.0,0.5113433743566275,0.15306066314876082
