subject_num,neg_llh,gamma_base,gamma_coef,beta,epsilon
122,22.098335754195716,0.06239628091454506,0.0,0.998784824449569,0.013481920015066873
