subject_num,neg_llh,gamma_base,gamma_coef,beta,epsilon
187,57.81661754314946,9.755894570350648,0.0,0.2539948883056641,0.2578406217098236
