subject_num,neg_llh,gamma_base,gamma_coef,beta,epsilon
171,81.1809909004342,-8.224412418269786,0.0,0.0847893106341362,0.07474449833831748
