subject_num,neg_llh,gamma_base,gamma_coef,beta,epsilon
135,76.2539013811549,-2.315068454742432,0.0,0.12044556474685669,0.04270345425605776
