subject_num,neg_llh,gamma_base,gamma_coef,beta,epsilon
16,17.820854084235545,5.093247680664063,0.0,0.9011412239074708,0.017320899963378933
