subject_num,neg_llh,gamma_base,gamma_coef,beta,epsilon
145,82.53586437936485,-6.429262008666992,0.0,0.2336989336013794,0.09401142692565917
