subject_num,neg_llh,gamma_base,gamma_coef,beta,epsilon
186,92.47695469087598,-5.297725296020508,0.0,0.2267553176879883,0.30895181655883786
