subject_num,neg_llh,gamma_base,gamma_coef,beta,epsilon
182,54.70940515060383,6.454807434082031,0.0,0.7433173217773438,0.23358900451660158
