subject_num,neg_llh,gamma_base,gamma_coef,beta,epsilon
177,61.27468055012643,-0.34394954681396483,0.0,0.4765162208080292,0.15124212646484375
