subject_num,neg_llh,gamma_base,gamma_coef,beta,epsilon
169,25.918443517437325,2.1820685386657717,0.0,0.40066027450561525,0.02099138927459715
