subject_num,neg_llh,gamma_base,gamma_coef,beta,epsilon
160,58.612137343705854,2.7383995306491853,0.0,0.2772538850493729,0.2070532581359148
