subject_num,neg_llh,gamma_base,gamma_coef,beta,epsilon
113,22.40226991471622,4.944686374664307,0.0,0.999999831199646,0.03879656982421875
