subject_num,neg_llh,gamma_base,gamma_coef,beta,epsilon
109,49.33793146116773,2.6322923851013185,0.0,0.6108677649497986,0.1780701768398285
