subject_num,neg_llh,gamma_base,gamma_coef,beta,epsilon
17,46.86548332368286,0.7259602546691895,0.0,0.7180796740055084,0.1648283619880676
