subject_num,neg_llh,gamma_base,gamma_coef,beta,epsilon
199,83.70233074613486,0.6136612701416015,0.0,0.08640395355224612,0.5689041213989258
