subject_num,neg_llh,gamma_base,gamma_coef,beta,epsilon
123,31.00728646180302,6.746842851638794,0.0,0.5708715426921844,0.0776631636619568
