subject_num,neg_llh,gamma_base,gamma_coef,beta,epsilon
118,81.16698080369548,-4.518684402704239,0.0,0.8652657362222671,0.13710689985752106
