subject_num,neg_llh,gamma_base,gamma_coef,beta,epsilon
121,63.65110909733656,-0.488292145729065,0.0,0.2763519389927387,0.10859486141800878
