subject_num,neg_llh,gamma_base,gamma_coef,beta,epsilon
162,48.745715057171836,9.941773023307324,0.0,0.5638756911307573,0.16448968166112898
