subject_num,neg_llh,gamma_base,gamma_coef,beta,epsilon
104,24.853698663190137,1.00384765625,0.0,0.36379833984375,2.5390625000010214e-5
