subject_num,neg_llh,gamma_base,gamma_coef,beta,epsilon
163,15.473806041795324,9.158532309532166,0.0,0.9997956771850586,0.02877731895446778
