subject_num,neg_llh,gamma_base,gamma_coef,beta,epsilon
157,36.91989871221933,6.836066246032715,0.0,0.999999950170517,0.12245367407798768
