subject_num,neg_llh,gamma_base,gamma_coef,beta,epsilon
185,35.551885077537534,4.143879165649414,0.0,0.9999993553161621,0.10319692993164065
