subject_num,neg_llh,gamma_base,gamma_coef,beta,epsilon
101,61.62955409612591,-3.6373926559090615,0.0,0.9999999985024333,0.0396176788918674
