subject_num,neg_llh,gamma_base,gamma_coef,beta,epsilon
148,15.029878279677078,1.20607976147905,0.0,0.9999999998966231,0.01578357370477168
