subject_num,neg_llh,gamma_base,gamma_coef,beta,epsilon
196,68.95127012995403,8.377114321865374,0.0,0.11141246075439265,0.1810140357267228
