subject_num,neg_llh,gamma_base,gamma_coef,beta,epsilon
183,26.535187585817063,1.4043476643413306,0.0,0.9999999985024333,0.06094108276814225
