subject_num,neg_llh,gamma_base,gamma_coef,beta,epsilon
114,60.31306530932581,2.7913421630859374,0.0,0.289181713104248,0.24744482803344725
