subject_num,neg_llh,gamma_base,gamma_coef,beta,epsilon
180,79.46195850882603,-3.5773583185672764,0.0,0.2960838974118233,0.10295125508308411
