subject_num,neg_llh,gamma_base,gamma_coef,beta,epsilon
174,69.10073797331077,-5.963919343948365,0.0,0.5669186165332795,0.0798581762313843
