subject_num,neg_llh,gamma_base,gamma_coef,beta,epsilon
126,59.1908741071508,-1.748600549697876,0.0,0.21615453720092775,4.982948303977608e-8
