subject_num,neg_llh,gamma_base,gamma_coef,beta,epsilon
178,16.411462731150536,8.099935745596886,0.0,0.904059237331152,0.03070849874615672
