subject_num,neg_llh,gamma_base,gamma_coef,beta,epsilon
161,63.727721743221096,-1.3565257612615824,0.0,0.22335301009751857,0.02829954587854444
