subject_num,neg_llh,gamma_base,gamma_coef,beta,epsilon
156,41.103905009622395,3.5467334318161012,0.0,0.1709122943878174,4.982948303977608e-8
