subject_num,neg_llh,gamma_base,gamma_coef,beta,epsilon
184,81.17345240843723,-2.9938087245821956,0.0,0.30891284616291526,0.16496302957832815
