subject_num,neg_llh,gamma_base,gamma_coef,beta,epsilon
173,40.49748679345738,9.999387493133545,0.0,0.28445856952667237,0.10329972076416016
