subject_num,neg_llh,gamma_base,gamma_coef,beta,epsilon
142,12.14616988186705,2.5850734412670135,0.0,0.7451247867345809,2.008676530662612e-8
