subject_num,neg_llh,gamma_base,gamma_coef,beta,epsilon
111,92.97145639465951,-7.531161032542586,0.0,0.08751495187729597,0.22847268637642265
