subject_num,neg_llh,gamma_base,gamma_coef,beta,epsilon
128,77.04556647169117,-7.670959948003293,0.0,0.8772074150890112,0.10440546578168869
