subject_num,neg_llh,gamma_base,gamma_coef,beta,epsilon
166,52.770177191583755,3.7556010723114017,0.0,0.4410823232531548,0.20795423197746277
