subject_num,neg_llh,gamma_base,gamma_coef,beta,epsilon
124,81.02999216396138,-7.272679824829102,0.0,0.4480487518310547,0.13962866592407225
