subject_num,neg_llh,gamma_base,gamma_coef,beta,epsilon
105,39.68884977879293,6.994006769359112,0.0,0.18259995557367803,5.21540644005114e-9
