subject_num,neg_llh,gamma_base,gamma_coef,beta,epsilon
179,87.82428053969585,-3.2325147056579593,0.0,0.12165181040763856,0.13976072359085084
