subject_num,neg_llh,gamma_base,gamma_coef,beta,epsilon
192,34.748794025995004,0.3143115234375,0.0,0.35514868164062496,0.007822265624999991
