subject_num,neg_llh,gamma_base,gamma_coef,beta,epsilon
130,26.125733596073946,3.693312683105469,0.0,0.957662857055664,0.05889788818359376
