subject_num,neg_llh,gamma_base,gamma_coef,beta,epsilon
153,57.889490323853195,-2.8378478765487674,0.0,0.3152590572834015,4.982948303977608e-8
