subject_num,neg_llh,gamma_base,gamma_coef,beta,epsilon
190,74.11863827753643,-3.008935127258301,0.0,0.5789167098999024,0.09524824810028076
