subject_num,neg_llh,gamma_base,gamma_coef,beta,epsilon
172,63.084623374320145,6.394515376091004,0.0,0.13453623676300047,0.252134064912796
