subject_num,neg_llh,gamma_base,gamma_coef,beta,epsilon
158,44.031351237675686,2.2988289308547976,0.0,0.21472304993867875,0.07262674003839492
