subject_num,neg_llh,gamma_base,gamma_coef,beta,epsilon
194,20.014644246171056,6.227782459259034,0.0,0.7872831261157989,0.023781494140625026
