subject_num,neg_llh,gamma_base,gamma_coef,beta,epsilon
13,37.69325691250315,7.640023803710938,0.0,0.23161123275756834,0.03676359558105469
