subject_num,neg_llh,gamma_base,gamma_coef,beta,epsilon
150,42.48472910959122,9.999999598264695,0.0,0.38010424947738647,0.10191823101043701
