subject_num,neg_llh,gamma_base,gamma_coef,beta,epsilon
107,82.62172223565655,-2.5896912956237794,0.0,0.21853300285339355,0.15136300086975096
