subject_num,neg_llh,gamma_base,gamma_coef,beta,epsilon
129,75.39233592741223,-9.768677990436554,0.0,0.9999999799132346,0.09196352183818818
