subject_num,neg_llh,gamma_base,gamma_coef,beta,epsilon
116,39.62087818900813,3.72502555847168,0.0,0.8574208564758301,0.13633174514770507
