subject_num,neg_llh,gamma_base,gamma_coef,beta,epsilon
181,77.96109394629543,8.985213165283204,0.0,0.5591618347167969,0.7700105781555175
