subject_num,neg_llh,gamma_base,gamma_coef,beta,epsilon
10,79.17984522017134,-9.820819800198079,0.0,0.11158140206336975,5.21540644005114e-9
