subject_num,neg_llh,gamma_base,gamma_coef,beta,epsilon
164,87.30986270773604,-4.2108835601806645,0.0,0.5506073532104492,0.22671153640747072
