subject_num,neg_llh,gamma_base,gamma_coef,beta,epsilon
155,67.47466490464893,-6.34292425274849,0.0,0.9999999799132346,0.05179053860902788
