subject_num,neg_llh,gamma_base,gamma_coef,beta,epsilon
139,84.94187287862705,-8.613947906494142,0.0,0.5028553009033203,0.17374380111694337
