subject_num,neg_llh,gamma_base,gamma_coef,beta,epsilon
117,31.937098944696743,5.578843946456909,0.0,0.5085513882637024,0.06662980508804323
