subject_num,neg_llh,gamma_base,gamma_coef,beta,epsilon
15,29.144085125193858,3.3602751445770265,0.0,0.999999950170517,0.0787485349178314
