subject_num,neg_llh,gamma_base,gamma_coef,beta,epsilon
193,79.78365399222007,-6.033744091689587,0.0,0.35640992902219293,0.11235083130002022
