subject_num,neg_llh,gamma_base,gamma_coef,beta,epsilon
149,66.92643688283178,-2.396456427574158,0.0,0.2236480662226677,0.027925547003746054
