subject_num,neg_llh,gamma_base,gamma_coef,beta,epsilon
133,57.512351882220116,0.11366952896118164,0.0,0.3862426705360413,0.16109243869781492
