subject_num,neg_llh,gamma_base,gamma_coef,beta,epsilon
137,47.144243834427456,5.362496309876442,0.0,0.9011896971017122,0.1742724258750677
