subject_num,neg_llh,gamma_base,gamma_coef,beta,epsilon
197,43.96181560974481,1.4585358846187593,0.0,0.6764931681156159,0.14008060652017595
