subject_num,neg_llh,gamma_base,gamma_coef,beta,epsilon
152,78.90103699730537,-3.4030023431777954,0.0,0.9513598992824555,0.15982456612586976
