subject_num,neg_llh,gamma_base,gamma_coef,beta,epsilon
103,55.925931165188935,-0.12797975428402425,0.0,0.34880147971585396,0.06537967776507142
