subject_num,neg_llh,gamma_base,gamma_coef,beta,epsilon
198,79.13674824534816,-9.888623530268669,0.0,0.19348900991678236,0.09466239835321905
