subject_num,neg_llh,gamma_base,gamma_coef,beta,epsilon
138,88.56140890973549,-9.999987106323243,0.0,0.47066273498535155,0.21429668807983399
