subject_num,neg_llh,gamma_base,gamma_coef,beta,epsilon
191,24.827178913551673,9.99999900341034,0.0,0.6917684330940247,0.045908767461776745
