subject_num,neg_llh,gamma_base,gamma_coef,beta,epsilon
154,48.502064708257045,9.22845624923706,0.0,0.3281394386291504,0.13278117847442628
