subject_num,neg_llh,gamma_base,gamma_coef,beta,epsilon
119,76.9785808876927,-8.153187999725342,0.0,0.6561047730445861,0.09592650103569028
