subject_num,neg_llh,gamma_base,gamma_coef,beta,epsilon
14,74.6257145875378,-2.1903542649745944,0.0,0.39575412398576737,0.10556465846300123
