subject_num,neg_llh,gamma_base,gamma_coef,beta,epsilon
132,60.22594800035236,1.9998432350158692,0.0,0.27456733131408695,0.1862571573257446
