subject_num,neg_llh,gamma_base,gamma_coef,beta,epsilon
147,58.489627543630746,-1.244882640838623,0.0,0.2751750345230103,0.03382501506805419
