subject_num,neg_llh,gamma_base,gamma_coef,beta,epsilon
159,52.5564675249916,9.994134780466556,0.0,0.4299053965806961,0.2154949998706579
