subject_num,neg_llh,gamma_base,gamma_coef,beta,epsilon
146,45.71221569530549,0.603171273842454,0.0,0.37401887083798646,0.09847502625361088
