subject_num,neg_llh,gamma_base,gamma_coef,beta,epsilon
151,85.45187556859801,-9.99999900341034,0.0,0.09862725877761841,0.11192118287086489
