subject_num,neg_llh,gamma_base,gamma_coef,beta,epsilon
11,73.2727641812076,-8.356684551537038,0.0,0.3589092058762908,0.05975064907968042
