subject_num,neg_llh,gamma_base,gamma_coef,beta,epsilon
102,78.94147061509304,-8.987740106582642,0.0,0.7705791994333266,0.12016592371463775
