subject_num,neg_llh,gamma_base,gamma_coef,beta,epsilon
144,70.77808217475314,-4.926250648498535,0.0,0.8952317028045654,0.06901279163360596
