subject_num,neg_llh,gamma_base,gamma_coef,beta,epsilon
1,70.4971188263114,-2.8287013959884644,0.0,0.6684421713352203,0.09715118718147275
