subject_num,neg_llh,gamma_base,gamma_coef,beta,epsilon
136,44.28619068235003,9.99999900341034,0.0,0.2391768283843994,0.0883549568653107
