subject_num,neg_llh,gamma_base,gamma_coef,beta,epsilon
168,79.6598020831163,-5.056395263671876,0.0,0.9999974517822265,0.13069918823242188
