subject_num,neg_llh,gamma_base,gamma_coef,beta,epsilon
108,24.162019210749456,2.126317003965378,0.0,0.8692812503539026,0.048917436689138394
