subject_num,neg_llh,gamma_base,gamma_coef,beta,epsilon
175,69.27571433182558,-0.3507261276245117,0.0,0.18557738007605074,0.13337082785367965
