subject_num,neg_llh,gamma_base,gamma_coef,beta,epsilon
170,80.61325834048213,-3.7294584131240844,0.0,0.9184663867354392,0.16231929606199264
