subject_num,neg_llh,gamma_base,gamma_coef,beta,epsilon
106,86.69186265264946,-2.150497833490372,0.0,0.14941036170721056,0.24962642663717272
