subject_num,neg_llh,gamma_base,gamma_coef,beta,epsilon
19,53.15755738588861,9.92980143070221,0.0,0.4858291416168213,0.20565738034248354
