subject_num,neg_llh,gamma_base,gamma_coef,beta,epsilon
167,82.97758749120409,-9.812358145713807,0.0,0.7958082589954139,0.11421208596229554
