subject_num,neg_llh,gamma_base,gamma_coef,beta,epsilon
112,51.02607237404212,3.9649957537651064,0.0,0.8889332064390183,0.2103306453824043
