subject_num,neg_llh,gamma_base,gamma_coef,beta,epsilon
134,70.19157368497685,2.4665665566921233,0.0,0.10516479736566542,0.14215260320901874
