subject_num,neg_llh,gamma_base,gamma_coef,beta,epsilon
189,76.43972002434856,-9.198247760534286,0.0,0.7201562362015248,0.11402438710629942
