subject_num,neg_llh,gamma_base,gamma_coef,beta,epsilon
12,36.75771952204041,0.7633402702957393,0.0,0.9999999985024333,0.10144594453647732
