subject_num,neg_llh,gamma_base,gamma_coef,beta,epsilon
143,75.02513762178594,-1.2307483065128326,0.0,0.2386860437989235,0.11935662436485289
