subject_num,neg_llh,gamma_base,gamma_coef,beta,epsilon
188,83.32758201809982,-2.66971586227417,0.0,0.474761043548584,0.2077723255157471
