subject_num,neg_llh,gamma_base,gamma_coef,beta,epsilon
100,45.20628178919491,2.2300400662049653,0.0,0.5714209641162307,0.1385249387640506
