subject_num,neg_llh,gamma_base,gamma_coef,beta,epsilon
141,28.89209822370212,-0.1650274693965912,0.0,0.6628073837161064,2.008676530662612e-8
