subject_num,neg_llh,gamma_base,gamma_coef,beta,epsilon
131,69.1915782463326,-9.833063836097718,0.0,0.5360673282146454,0.04795280599594115
