subject_num,neg_llh,gamma_base,gamma_coef,beta,epsilon
120,45.06656590637278,-0.2700126057723537,0.0,0.28337815937935373,1.0337680711458574e-10
