subject_num,neg_llh,gamma_base,gamma_coef,beta,epsilon
140,41.31914467038128,5.298677062988282,0.0,0.6293717803955078,0.11712318420410156
