subject_num,neg_llh,gamma_base,gamma_coef,beta,epsilon
176,68.47507407951983,-9.9994921875,0.0,0.812849609375,0.0443701171875
