subject_num,neg_llh,gamma_base,gamma_coef,beta,epsilon
110,74.88994583533176,-4.018588562011719,0.0,0.4709444580078125,0.10556682968139647
