subject_num,neg_llh,gamma_base,gamma_coef,beta,epsilon
115,54.289098075800126,4.055362458229065,0.0,0.999999950170517,0.23712779307365417
