subject_num,neg_llh,gamma_base,gamma_coef,beta,epsilon
18,40.99436233633082,1.6268975126743317,0.0,0.2671153528690338,0.052368290901184056
