subject_num,neg_llh,gamma_base,gamma_coef,beta,epsilon
165,81.50150770671095,-3.0280085372924805,0.0,0.13856982517242433,0.09151494216918943
