subject_num,neg_llh,gamma_base,gamma_coef,beta,epsilon
297,67.82046598895965,-2.8722298634052277,0.0,0.6713695983290673,0.0703321191072464
