subject_num,neg_llh,gamma_base,gamma_coef,beta,epsilon
259,86.21732990979372,-8.415770988464356,0.0,0.5647131345272064,0.18046482253074647
