subject_num,neg_llh,gamma_base,gamma_coef,beta,epsilon
235,40.63495517429531,4.741664962768555,0.0,0.9999993553161621,0.12327159881591798
