subject_num,neg_llh,gamma_base,gamma_coef,beta,epsilon
204,33.16812105137508,9.999987106323243,0.0,0.5588477516174316,0.08279104614257815
