subject_num,neg_llh,gamma_base,gamma_coef,beta,epsilon
206,78.389512865842,-7.7438425445556645,0.0,0.6359928662776947,0.13272454833984376
