subject_num,neg_llh,gamma_base,gamma_coef,beta,epsilon
261,73.28914393262258,-0.3118940353393555,0.0,0.23040677165985107,0.18178194904327394
