subject_num,neg_llh,gamma_base,gamma_coef,beta,epsilon
238,44.62773215781211,3.1765484285354617,0.0,0.17559189462661745,0.04386139774322512
