subject_num,neg_llh,gamma_base,gamma_coef,beta,epsilon
283,61.50002935745168,7.588257384225726,0.0,0.2052075867988169,0.21163214395567775
