subject_num,neg_llh,gamma_base,gamma_coef,beta,epsilon
27,73.25953591301894,-4.256561236381531,0.0,0.440007153749466,0.07665024566650391
