subject_num,neg_llh,gamma_base,gamma_coef,beta,epsilon
29,42.05430189357878,7.708170318603516,0.0,0.2681933479309082,0.08812094116210939
