subject_num,neg_llh,gamma_base,gamma_coef,beta,epsilon
210,62.74029881539374,-3.662073311805725,0.0,0.999999950170517,0.038143538713455216
