subject_num,neg_llh,gamma_base,gamma_coef,beta,epsilon
203,79.93841239779572,-6.002271240055562,0.0,0.25477836354076866,0.1058535197377205
