subject_num,neg_llh,gamma_base,gamma_coef,beta,epsilon
214,66.74757826985741,-2.028558044433594,0.0,0.19777210998535155,0.029004791259765628
