subject_num,neg_llh,gamma_base,gamma_coef,beta,epsilon
28,82.72397399423791,-9.684538221359253,0.0,0.999999950170517,0.117881742477417
