subject_num,neg_llh,gamma_base,gamma_coef,beta,epsilon
296,61.63417818454392,2.4229329022951425,0.0,0.09958782680146394,0.01649492703191935
