subject_num,neg_llh,gamma_base,gamma_coef,beta,epsilon
294,75.24086236543094,-9.489615007936955,0.0,0.994100177243352,0.10998313251137731
