subject_num,neg_llh,gamma_base,gamma_coef,beta,epsilon
260,42.41383496621803,1.0366395974159242,0.0,0.20255423337221146,2.008676530662612e-8
