subject_num,neg_llh,gamma_base,gamma_coef,beta,epsilon
20,94.43301164017814,-8.6520947265625,0.0,0.04997412109374999,0.485380859375
