subject_num,neg_llh,gamma_base,gamma_coef,beta,epsilon
254,72.4902227323196,-2.907045461907983,0.0,0.9546407501613721,0.11289558358211071
