subject_num,neg_llh,gamma_base,gamma_coef,beta,epsilon
258,50.898792900358444,-0.49153618395328524,0.0,0.42480939085781577,0.043081223949790026
