subject_num,neg_llh,gamma_base,gamma_coef,beta,epsilon
236,64.57126556322766,-9.224277992248535,0.0,0.7265928726196289,0.023458964109420777
