subject_num,neg_llh,gamma_base,gamma_coef,beta,epsilon
212,66.83699970735627,9.470005187988281,0.0,0.08557781982421875,0.10507000732421873
