subject_num,neg_llh,gamma_base,gamma_coef,beta,epsilon
2,20.100513022801692,3.008221302032471,0.0,0.6003665630817413,0.02211132156848905
