subject_num,neg_llh,gamma_base,gamma_coef,beta,epsilon
289,72.27673041800267,-3.0308711849956307,0.0,0.9885267584069515,0.12459175516449611
