subject_num,neg_llh,gamma_base,gamma_coef,beta,epsilon
200,82.15516466473403,-2.7997938537597657,0.0,0.1463557548522949,0.13997701263427736
