subject_num,neg_llh,gamma_base,gamma_coef,beta,epsilon
247,84.46534773661709,-5.911650681495667,0.0,0.2280310423374176,0.18419241786003115
