subject_num,neg_llh,gamma_base,gamma_coef,beta,epsilon
218,28.230763670649534,0.2403021240234375,0.0,0.6294022369384765,0.021916030883789073
