subject_num,neg_llh,gamma_base,gamma_coef,beta,epsilon
245,78.09273490550581,-9.169991583824158,0.0,0.2663434401154518,0.13656718850135802
