subject_num,neg_llh,gamma_base,gamma_coef,beta,epsilon
215,39.69078523162074,8.953195724487305,0.0,0.9859455642700194,0.1312207565307617
