subject_num,neg_llh,gamma_base,gamma_coef,beta,epsilon
284,37.312246592361674,4.37070426940918,0.0,0.32594085693359376,0.06777977752685549
