subject_num,neg_llh,gamma_base,gamma_coef,beta,epsilon
224,82.33986301868784,6.767136902809144,0.0,0.006225319623947123,0.07141445660591128
