subject_num,neg_llh,gamma_base,gamma_coef,beta,epsilon
277,23.15943871417008,4.198700942993164,0.0,0.326443984746933,4.982948303977608e-8
