subject_num,neg_llh,gamma_base,gamma_coef,beta,epsilon
232,62.495116164289584,-0.3127577638626099,0.0,0.999999950170517,0.2209986741542816
