subject_num,neg_llh,gamma_base,gamma_coef,beta,epsilon
268,64.47912593727335,-2.5103337094187737,0.0,0.7821207718253136,0.05105451044440268
