subject_num,neg_llh,gamma_base,gamma_coef,beta,epsilon
273,88.1555182073274,-9.225286865234375,0.0,0.9676297607421875,0.1493233642578125
