subject_num,neg_llh,gamma_base,gamma_coef,beta,epsilon
262,34.658523276894606,3.630128740668297,0.0,0.9999999947845936,0.11873429517447948
