subject_num,neg_llh,gamma_base,gamma_coef,beta,epsilon
25,78.7285474102469,0.4678125,0.0,0.081892578125,0.1954345703125
