subject_num,neg_llh,gamma_base,gamma_coef,beta,epsilon
221,38.57779415638346,2.3985211670398714,0.0,0.6301334319114685,0.12143614596128466
