subject_num,neg_llh,gamma_base,gamma_coef,beta,epsilon
26,28.881182380805523,5.582504010945558,0.0,0.7123563125729561,0.055830724325031056
