subject_num,neg_llh,gamma_base,gamma_coef,beta,epsilon
233,27.089366430808838,3.2819970703125003,0.0,0.4486502685546875,0.02359875488281249
