subject_num,neg_llh,gamma_base,gamma_coef,beta,epsilon
288,62.92307912749113,-3.491473544239998,0.0,0.6593327130228281,0.04329454615712164
