subject_num,neg_llh,gamma_base,gamma_coef,beta,epsilon
265,84.85171265327939,-3.423472428249661,0.0,0.15291787716170074,0.22239600463549142
