subject_num,neg_llh,gamma_base,gamma_coef,beta,epsilon
240,81.12023564372842,-9.9933764898777,0.0,0.984681677222252,0.1016734484434128
