subject_num,neg_llh,gamma_base,gamma_coef,beta,epsilon
272,18.513968982504935,0.1985185131430626,0.0,0.9999443833380938,0.017634440258145312
