subject_num,neg_llh,gamma_base,gamma_coef,beta,epsilon
252,49.76469593975042,3.178468915820122,0.0,0.9119284763634206,0.21041953149437903
