subject_num,neg_llh,gamma_base,gamma_coef,beta,epsilon
290,46.392127943645,6.040636520385743,0.0,0.17251935291290282,0.06557691287994383
