subject_num,neg_llh,gamma_base,gamma_coef,beta,epsilon
274,49.70903526798921,-9.999999598264695,0.0,0.9999999799132346,2.008676530662612e-8
