subject_num,neg_llh,gamma_base,gamma_coef,beta,epsilon
255,77.6311778584603,-6.192116181850434,0.0,0.42671917819976807,0.07990674608945847
