subject_num,neg_llh,gamma_base,gamma_coef,beta,epsilon
282,82.09412845771871,-8.605627790167928,0.0,0.2974160495735705,0.1026922592148185
