subject_num,neg_llh,gamma_base,gamma_coef,beta,epsilon
216,33.69353216197292,9.99999662399292,0.0,0.4026171073913574,0.059279546737670885
