subject_num,neg_llh,gamma_base,gamma_coef,beta,epsilon
280,87.33875664894113,-4.378851394653321,0.0,0.8422420768737793,0.2057993125915527
