subject_num,neg_llh,gamma_base,gamma_coef,beta,epsilon
213,28.632771273251265,9.99823585510254,0.0,0.4345412750244141,0.02209115600585937
