subject_num,neg_llh,gamma_base,gamma_coef,beta,epsilon
251,80.40507294495369,9.478647232055664,0.0,6.446838378693087e-7,0.9999993553161621
