subject_num,neg_llh,gamma_base,gamma_coef,beta,epsilon
293,26.227533470460756,5.499128704071045,0.0,0.7525381591320037,0.061215797662734994
