subject_num,neg_llh,gamma_base,gamma_coef,beta,epsilon
207,58.1863454470337,-5.030964050292969,0.0,0.9999974517822265,0.015999847412109358
