subject_num,neg_llh,gamma_base,gamma_coef,beta,epsilon
223,17.582616990572507,2.7333985900878908,0.0,0.9355552139282226,0.015978908538818337
