subject_num,neg_llh,gamma_base,gamma_coef,beta,epsilon
208,43.71244295499473,4.667160644531251,0.0,0.9999993553161621,0.15584296798706054
