subject_num,neg_llh,gamma_base,gamma_coef,beta,epsilon
269,84.16655930411959,-7.092529373168945,0.0,0.18270373535156248,0.08916788482666016
