subject_num,neg_llh,gamma_base,gamma_coef,beta,epsilon
231,81.79136730607361,9.99999900341034,0.0,4.982948303977608e-8,0.999999950170517
