subject_num,neg_llh,gamma_base,gamma_coef,beta,epsilon
226,78.21717346016736,-9.005622320771218,0.0,0.12104575791954997,0.05221396337449552
