subject_num,neg_llh,gamma_base,gamma_coef,beta,epsilon
248,18.270985463365925,4.785658011436462,0.0,0.9999999947845936,0.03260411368310451
