subject_num,neg_llh,gamma_base,gamma_coef,beta,epsilon
21,72.36814741690279,-3.152732839584351,0.0,0.8012994710803032,0.09518195158243181
