subject_num,neg_llh,gamma_base,gamma_coef,beta,epsilon
281,79.98771345428739,-2.8106054803729057,0.0,0.3393894115574658,0.16499644180387257
