subject_num,neg_llh,gamma_base,gamma_coef,beta,epsilon
244,62.03655350769235,-4.079591917097568,0.0,0.7907302922308446,0.04251523490250109
