subject_num,neg_llh,gamma_base,gamma_coef,beta,epsilon
250,50.678802282236425,3.07812858581543,0.0,0.4080245714187622,0.16454925632476808
