subject_num,neg_llh,gamma_base,gamma_coef,beta,epsilon
209,49.937939574105435,9.999999970048666,0.0,0.4572170561105013,0.17402516908571125
