subject_num,neg_llh,gamma_base,gamma_coef,beta,epsilon
23,37.973011542335655,6.189645156860352,0.0,0.2662974281311035,0.04970381927490236
