subject_num,neg_llh,gamma_base,gamma_coef,beta,epsilon
228,58.97179526813683,-2.3082252502441407,0.0,0.2612321243286133,6.446838378693087e-7
