subject_num,neg_llh,gamma_base,gamma_coef,beta,epsilon
229,60.04029431203127,-7.888853759765626,0.0,0.9590105590820313,0.013517639160156247
