subject_num,neg_llh,gamma_base,gamma_coef,beta,epsilon
222,61.946960390444104,-1.0498981295339764,0.0,0.502979199770838,0.1332953505953774
