subject_num,neg_llh,gamma_base,gamma_coef,beta,epsilon
227,49.546745247120626,4.043154262304307,0.0,0.7427669030427932,0.19288999158144
