subject_num,neg_llh,gamma_base,gamma_coef,beta,epsilon
234,86.78426879365313,-9.28945499420166,0.0,0.999999831199646,0.19610175895690918
