subject_num,neg_llh,gamma_base,gamma_coef,beta,epsilon
225,37.97692502152417,9.995913543701173,0.0,0.3699543685913086,0.07316868209838867
