subject_num,neg_llh,gamma_base,gamma_coef,beta,epsilon
275,37.09719163105456,3.746487903594971,0.0,0.6790797138214111,0.09845570278167726
