subject_num,neg_llh,gamma_base,gamma_coef,beta,epsilon
291,24.667207899905286,1.4976113466918468,0.0,0.9999999985024333,0.045782842371612786
