subject_num,neg_llh,gamma_base,gamma_coef,beta,epsilon
298,69.99823663612116,-3.520686246752739,0.0,0.1449159768074751,5.21540644005114e-9
