subject_num,neg_llh,gamma_base,gamma_coef,beta,epsilon
239,38.68942033525542,3.9685732078552247,0.0,0.999999831199646,0.13120219707489011
