subject_num,neg_llh,gamma_base,gamma_coef,beta,epsilon
285,36.87782199571657,4.478215866088868,0.0,0.5004671986103058,0.0929270074367523
