subject_num,neg_llh,gamma_base,gamma_coef,beta,epsilon
249,19.507504953826434,9.889772491455078,0.0,0.39063055419921877,6.446838378693087e-7
