subject_num,neg_llh,gamma_base,gamma_coef,beta,epsilon
286,54.382604353847235,-3.6605219316482547,0.0,0.5290550661087036,4.982948303977608e-8
