subject_num,neg_llh,gamma_base,gamma_coef,beta,epsilon
237,64.55212666696872,-2.667932191491127,0.0,0.1939165763556957,5.21540644005114e-9
