subject_num,neg_llh,gamma_base,gamma_coef,beta,epsilon
230,24.84215658772514,8.66800053715706,0.0,0.7668069528490304,0.036121309027075776
