subject_num,neg_llh,gamma_base,gamma_coef,beta,epsilon
266,35.741181686179836,1.3745065353810788,0.0,0.2449486481398344,1.4975666817740318e-9
