subject_num,neg_llh,gamma_base,gamma_coef,beta,epsilon
279,61.63329068957626,-3.5419357989961284,0.0,0.5884852314922028,0.020550388538045805
