subject_num,neg_llh,gamma_base,gamma_coef,beta,epsilon
292,85.99393917130736,-9.99999900341034,0.0,0.0938013243675232,4.982948303977608e-8
