subject_num,neg_llh,gamma_base,gamma_coef,beta,epsilon
241,51.89695748878874,1.794756488800049,0.0,0.18122944831848142,0.06901088809967043
