subject_num,neg_llh,gamma_base,gamma_coef,beta,epsilon
219,36.506394631618356,3.539000325202942,0.0,0.40727826714515686,0.07987923407554626
