subject_num,neg_llh,gamma_base,gamma_coef,beta,epsilon
24,76.51070681291702,-9.439835959672928,0.0,0.7953423318862916,0.09040089893341063
