subject_num,neg_llh,gamma_base,gamma_coef,beta,epsilon
276,87.28952406849584,-2.112541961669922,0.0,0.11400138854980468,0.1949967575073242
