subject_num,neg_llh,gamma_base,gamma_coef,beta,epsilon
257,77.84903498719206,5.4048181152343755,0.0,0.18595556616783143,0.4471534960269928
