subject_num,neg_llh,gamma_base,gamma_coef,beta,epsilon
205,73.88640612737254,-3.72607488155365,0.0,0.09138752436637876,4.982948303977608e-8
