subject_num,neg_llh,gamma_base,gamma_coef,beta,epsilon
299,63.79655249422633,-3.003733125925064,0.0,0.9928594969511032,0.06188649594783785
