subject_num,neg_llh,gamma_base,gamma_coef,beta,epsilon
256,78.16955460349982,-9.619699096679687,0.0,0.9999974517822265,0.059293823242187516
