subject_num,neg_llh,gamma_base,gamma_coef,beta,epsilon
295,43.93541105167318,-1.6715663158893586,0.0,0.9999999799132346,0.03252201634645463
