subject_num,neg_llh,gamma_base,gamma_coef,beta,epsilon
270,92.9071264082948,-7.104217071533204,0.0,0.08772786140441896,0.16487047767639162
