subject_num,neg_llh,gamma_base,gamma_coef,beta,epsilon
246,77.0192108547239,-9.89804334640503,0.0,0.6471648333519697,0.08250750137865542
