subject_num,neg_llh,gamma_base,gamma_coef,beta,epsilon
202,60.351655613327836,-9.487634291648865,0.0,0.9999999799132346,0.013613291740417477
