subject_num,neg_llh,gamma_base,gamma_coef,beta,epsilon
217,51.652167366327824,2.768411717414856,0.0,0.12721512627601622,4.982948303977608e-8
