subject_num,neg_llh,gamma_base,gamma_coef,beta,epsilon
220,62.14243280216223,-3.7509052920341492,0.0,0.6859408234357833,0.04381209918856621
