subject_num,neg_llh,gamma_base,gamma_coef,beta,epsilon
287,84.10050617197652,-3.1237384486198425,0.0,0.4439242696762085,0.16451552808284758
