subject_num,neg_llh,gamma_base,gamma_coef,beta,epsilon
22,25.11303997734893,2.8363518178462983,0.0,0.3077074407339096,2.008676530662612e-8
