subject_num,neg_llh,gamma_base,gamma_coef,beta,epsilon
201,77.06367296315156,-6.413147404193879,0.0,0.20287560343742372,0.07324205738306044
