subject_num,neg_llh,gamma_base,gamma_coef,beta,epsilon
264,51.39209946131295,0.7096686438471079,0.0,0.5680525260455906,0.15954173146933315
