subject_num,neg_llh,gamma_base,gamma_coef,beta,epsilon
242,80.21192817979403,-7.877599598690868,0.0,0.7428082640096545,0.13334621947258712
