subject_num,neg_llh,gamma_base,gamma_coef,beta,epsilon
278,63.631711247083096,-1.7777121269702911,0.0,0.5886086124181747,0.07701367193460462
