subject_num,neg_llh,gamma_base,gamma_coef,beta,epsilon
211,64.96769457052271,-8.68045738220215,0.0,0.3545681037902832,0.019643211364746116
