subject_num,neg_llh,gamma_base,gamma_coef,beta,epsilon
243,59.91467702423194,-3.8985207796096804,0.0,0.44607657170295717,4.982948303977608e-8
