subject_num,neg_llh,gamma_base,gamma_coef,beta,epsilon
271,65.70489670902171,-9.270670683383942,0.0,0.9239918401241303,0.018291613042354604
