subject_num,neg_llh,gamma_base,gamma_coef,beta,epsilon
263,71.9118240475816,-3.6389091255515815,0.0,0.7139912995100022,0.087876608453691
