subject_num,neg_llh,gamma_base,gamma_coef,beta,epsilon
267,40.322952826222796,9.999987106323243,0.0,0.41663282775878907,0.11224823379516602
