subject_num,neg_llh,gamma_base,gamma_coef,beta,epsilon
253,32.24676071206775,6.902118873596192,0.0,0.4742812340259552,0.05643090820312502
