subject_num,neg_llh,gamma_base,gamma_coef,beta,epsilon
302,9.113399433662336,9.999999895691872,0.0,0.9999999947845936,5.21540644005114e-9
