subject_num,neg_llh,gamma_base,gamma_coef,beta,epsilon
388,88.60243410221699,-9.99999900341034,0.0,0.999999950170517,0.9595972044467926
