subject_num,neg_llh,gamma_base,gamma_coef,beta,epsilon
368,56.73814482962014,-5.220936737060547,0.0,0.9999993553161621,0.024659023284912096
