subject_num,neg_llh,gamma_base,gamma_coef,beta,epsilon
336,16.183506405492675,3.1956914365291595,0.0,0.5786177658438683,2.008676530662612e-8
