subject_num,neg_llh,gamma_base,gamma_coef,beta,epsilon
375,45.64547926439903,6.53110107421875,0.0,0.49186810302734374,0.13345550537109374
