subject_num,neg_llh,gamma_base,gamma_coef,beta,epsilon
36,14.894813777483138,3.599221000671387,0.0,0.7835642156600953,0.017571690559387232
