subject_num,neg_llh,gamma_base,gamma_coef,beta,epsilon
389,67.38183113616415,-1.3515032944083214,0.0,0.6231909833997488,0.1706668203026056
