subject_num,neg_llh,gamma_base,gamma_coef,beta,epsilon
342,37.883279507770176,3.4641843032836914,0.0,0.6405107851028442,0.10838929462432861
