subject_num,neg_llh,gamma_base,gamma_coef,beta,epsilon
378,45.89595312806575,-0.2937343215942383,0.0,0.33062735748291017,0.02586586380004885
