subject_num,neg_llh,gamma_base,gamma_coef,beta,epsilon
361,76.59399871929486,-4.738847732543945,0.0,0.4129475860595703,0.11057312393188479
