subject_num,neg_llh,gamma_base,gamma_coef,beta,epsilon
320,68.8555657919733,9.99999900341034,0.0,0.999999950170517,0.4178088548183441
