subject_num,neg_llh,gamma_base,gamma_coef,beta,epsilon
366,77.08954309075314,-5.215861439704895,0.0,0.7909495704174041,0.11485583734512328
