subject_num,neg_llh,gamma_base,gamma_coef,beta,epsilon
313,71.29771838546569,-7.51903384834528,0.0,0.5756599789708853,0.04200702108442783
