subject_num,neg_llh,gamma_base,gamma_coef,beta,epsilon
354,78.59493970513961,-8.54711311981082,0.0,0.4992394972965121,0.0702332654669881
