subject_num,neg_llh,gamma_base,gamma_coef,beta,epsilon
333,35.66038003784798,7.792915649414063,0.0,0.28668951129913334,0.048072728633880624
