subject_num,neg_llh,gamma_base,gamma_coef,beta,epsilon
346,36.0210324839433,6.1873609161376955,0.0,0.4206150207519531,0.06824043273925784
