subject_num,neg_llh,gamma_base,gamma_coef,beta,epsilon
309,49.83476378184861,-0.00935586929321289,0.0,0.2518538885116577,0.02944307994842532
