subject_num,neg_llh,gamma_base,gamma_coef,beta,epsilon
335,56.49371245796527,-0.9977141129970551,0.0,0.6321321425437927,0.0976506268978119
