subject_num,neg_llh,gamma_base,gamma_coef,beta,epsilon
322,35.74151086674305,9.999999598264695,0.0,0.24516127139329913,0.0355843563079834
