subject_num,neg_llh,gamma_base,gamma_coef,beta,epsilon
310,41.82883399291209,5.30280297279358,0.0,0.9928180356025695,0.14675823330879212
