subject_num,neg_llh,gamma_base,gamma_coef,beta,epsilon
347,85.14412807378953,-3.1291004657745365,0.0,0.36468205547332766,0.23649689054489137
