subject_num,neg_llh,gamma_base,gamma_coef,beta,epsilon
357,23.576017078387782,5.893923947364092,0.0,0.5190985259003937,0.017909547384828306
