subject_num,neg_llh,gamma_base,gamma_coef,beta,epsilon
31,50.64389074205369,-0.309010181427002,0.0,0.4836025720238686,0.0615846668481827
