subject_num,neg_llh,gamma_base,gamma_coef,beta,epsilon
394,79.76526550396053,-4.881099576409906,0.0,0.2290911592375487,0.14006311501376328
