subject_num,neg_llh,gamma_base,gamma_coef,beta,epsilon
301,20.154143269680958,1.9371671494841576,0.0,0.9999999947845936,0.03971399138867854
