subject_num,neg_llh,gamma_base,gamma_coef,beta,epsilon
383,53.10387791258549,2.9272164154052738,0.0,0.26730630111694337,0.151476261138916
