subject_num,neg_llh,gamma_base,gamma_coef,beta,epsilon
331,51.80751079721257,3.497299138829112,0.0,0.9999999985024333,0.23908020358905197
