subject_num,neg_llh,gamma_base,gamma_coef,beta,epsilon
316,48.48805990680172,1.551183260679245,0.0,0.9999999799132346,0.18550847363471984
