subject_num,neg_llh,gamma_base,gamma_coef,beta,epsilon
308,41.16803698128411,1.4670704087615014,0.0,0.9999999947845936,0.11766362425684929
