subject_num,neg_llh,gamma_base,gamma_coef,beta,epsilon
32,55.87121614278343,-2.5444673022117787,0.0,0.23645568928901778,0.04725313147622001
