subject_num,neg_llh,gamma_base,gamma_coef,beta,epsilon
326,34.32782829806332,1.9911079986486584,0.0,0.8591582373660058,0.10529772454220804
