subject_num,neg_llh,gamma_base,gamma_coef,beta,epsilon
306,96.89945232821312,-9.815839233398439,0.0,0.999999950170517,0.37103866910934447
