subject_num,neg_llh,gamma_base,gamma_coef,beta,epsilon
399,84.18642339977232,-8.261121682748199,0.0,0.08141379472613336,0.03212626717984679
