subject_num,neg_llh,gamma_base,gamma_coef,beta,epsilon
340,65.90177558392207,-6.173541259765625,0.0,0.5618343963623047,0.04016330718994143
