subject_num,neg_llh,gamma_base,gamma_coef,beta,epsilon
362,61.8093058365514,-3.114242639839649,0.0,0.586282605484128,0.011692038580775277
