subject_num,neg_llh,gamma_base,gamma_coef,beta,epsilon
30,24.85487496810818,3.6090075445175174,0.0,0.999999950170517,0.05091827392578124
