subject_num,neg_llh,gamma_base,gamma_coef,beta,epsilon
332,32.61547300971804,-0.6071937030978733,0.0,0.5869970706503809,0.028559157361523813
