subject_num,neg_llh,gamma_base,gamma_coef,beta,epsilon
353,40.158312950660466,-0.3041353499889374,0.0,0.36597711288928986,2.008676530662612e-8
