subject_num,neg_llh,gamma_base,gamma_coef,beta,epsilon
329,32.7958958865881,2.5620115699619057,0.0,0.9989485915713012,0.08133643949404357
