subject_num,neg_llh,gamma_base,gamma_coef,beta,epsilon
349,41.72483169734914,-1.1535665488243103,0.0,0.9999999799132346,0.04936573380231857
