subject_num,neg_llh,gamma_base,gamma_coef,beta,epsilon
304,78.52969261504249,-8.283265991210937,0.0,0.3012253723144531,0.10283906555175781
