subject_num,neg_llh,gamma_base,gamma_coef,beta,epsilon
305,67.55882597040218,-9.639736059233547,0.0,0.7946831923648715,0.05822033977881075
