subject_num,neg_llh,gamma_base,gamma_coef,beta,epsilon
328,81.1368772169815,-6.8961227416992195,0.0,0.423127685546875,0.13138446044921875
