subject_num,neg_llh,gamma_base,gamma_coef,beta,epsilon
367,91.55401262017679,-9.99999900341034,0.0,0.999999950170517,0.24014156317710877
