subject_num,neg_llh,gamma_base,gamma_coef,beta,epsilon
348,87.95006969394561,-9.819646301269533,0.0,0.3816991729736328,0.8239890899658203
