subject_num,neg_llh,gamma_base,gamma_coef,beta,epsilon
381,81.6311686954607,4.889874114990235,0.0,0.000625003814697267,0.5087296066284179
