subject_num,neg_llh,gamma_base,gamma_coef,beta,epsilon
351,13.950086999610471,1.304191999435425,0.0,0.6140591585636139,4.982948303977608e-8
