subject_num,neg_llh,gamma_base,gamma_coef,beta,epsilon
377,90.54462299937671,-9.99999900341034,0.0,0.019384211778640748,0.8151660912036895
