subject_num,neg_llh,gamma_base,gamma_coef,beta,epsilon
33,42.97726711936423,2.4861676025390627,0.0,0.9490360412597656,0.16478005981445315
