subject_num,neg_llh,gamma_base,gamma_coef,beta,epsilon
334,44.44847458518379,1.2762665617465974,0.0,0.7811956245899201,0.14626057815551757
