subject_num,neg_llh,gamma_base,gamma_coef,beta,epsilon
397,66.31883376042956,-8.874884338378907,0.0,0.5161952667236328,0.033489517211914066
