subject_num,neg_llh,gamma_base,gamma_coef,beta,epsilon
380,67.90545821922129,-3.5758163073658946,0.0,0.9999999947845936,0.08681694605946538
