subject_num,neg_llh,gamma_base,gamma_coef,beta,epsilon
341,79.25865890171768,-9.9142138671875,0.0,0.43835595703125,0.057527343750000015
