subject_num,neg_llh,gamma_base,gamma_coef,beta,epsilon
374,34.63269266541403,8.981706982180476,0.0,0.3098301506154239,0.05551221885532143
