subject_num,neg_llh,gamma_base,gamma_coef,beta,epsilon
343,71.84555692858736,-3.9851586395502094,0.0,0.9999999947845936,0.09156112517416476
