subject_num,neg_llh,gamma_base,gamma_coef,beta,epsilon
325,20.316763474152552,8.7519921875,0.0,0.6798154296875,0.024877929687500022
