subject_num,neg_llh,gamma_base,gamma_coef,beta,epsilon
386,59.152294046295864,9.999999895691872,0.0,0.791890302836895,0.27342241513729093
