subject_num,neg_llh,gamma_base,gamma_coef,beta,epsilon
372,81.87422229502577,-8.285429030358792,0.0,0.4406135482788086,0.08464859040081502
