subject_num,neg_llh,gamma_base,gamma_coef,beta,epsilon
379,64.54371171724299,-0.8138951945304871,0.0,0.5278762209266424,0.13651061041653156
