subject_num,neg_llh,gamma_base,gamma_coef,beta,epsilon
317,57.832011457688935,9.999999598264695,0.0,0.10249003475904467,2.008676530662612e-8
