subject_num,neg_llh,gamma_base,gamma_coef,beta,epsilon
339,27.851277050782038,3.837600555419922,0.0,0.9989314727783203,0.06873725509643552
