subject_num,neg_llh,gamma_base,gamma_coef,beta,epsilon
393,70.55065257116132,-8.447084121704101,0.0,0.816483455657959,0.09125986862182617
