subject_num,neg_llh,gamma_base,gamma_coef,beta,epsilon
360,63.32107603498289,-3.1804078435897827,0.0,0.4375934727191925,0.02483022236824034
