subject_num,neg_llh,gamma_base,gamma_coef,beta,epsilon
34,10.685057905325923,2.2030216884613036,0.0,0.992203075170517,4.982948303977608e-8
