subject_num,neg_llh,gamma_base,gamma_coef,beta,epsilon
314,61.431607832695235,-9.550562744140626,0.0,0.3552705078125,0.007822265624999991
