subject_num,neg_llh,gamma_base,gamma_coef,beta,epsilon
358,63.413881067414046,-3.4038018274307253,0.0,0.7638140993118285,0.04176275157928466
