subject_num,neg_llh,gamma_base,gamma_coef,beta,epsilon
356,77.65395653174382,-3.3587655529379847,0.0,0.558645010381937,0.15958051225543024
