subject_num,neg_llh,gamma_base,gamma_coef,beta,epsilon
311,82.07923254449709,-9.5867156124115,0.0,0.11909604841470717,0.06357040965557098
