subject_num,neg_llh,gamma_base,gamma_coef,beta,epsilon
315,41.026115463665874,-1.310227208151482,0.0,0.7173809004537761,0.013303012920543533
