subject_num,neg_llh,gamma_base,gamma_coef,beta,epsilon
364,64.10859094743009,-1.3708588954480365,0.0,0.5708321291762404,0.11466545397648586
