subject_num,neg_llh,gamma_base,gamma_coef,beta,epsilon
3,85.61632384557318,-3.817440771707334,0.0,0.042705369292059925,1.0337680711458574e-10
