subject_num,neg_llh,gamma_base,gamma_coef,beta,epsilon
344,37.88280565746951,5.064447212219238,0.0,0.494761474609375,0.11205550098419187
