subject_num,neg_llh,gamma_base,gamma_coef,beta,epsilon
373,47.088510727287684,2.5395070028305056,0.0,0.6796763527393341,0.16761263728141784
