subject_num,neg_llh,gamma_base,gamma_coef,beta,epsilon
371,66.97075549873071,-9.680631961524487,0.0,0.5650708650648594,0.06954818286001685
