subject_num,neg_llh,gamma_base,gamma_coef,beta,epsilon
303,84.45344911435919,1.7908447265625,0.0,0.26061157226562504,0.637785400390625
