subject_num,neg_llh,gamma_base,gamma_coef,beta,epsilon
338,57.64765455126906,1.8484956312179566,0.0,0.2662289306521416,0.17003339707851411
