subject_num,neg_llh,gamma_base,gamma_coef,beta,epsilon
376,46.804194905292356,-1.5804566383361818,0.0,0.5736789875626565,0.01718473780155183
