subject_num,neg_llh,gamma_base,gamma_coef,beta,epsilon
321,70.2015385982001,0.28674002408981325,0.0,0.14609864392876626,0.13730658502876758
