subject_num,neg_llh,gamma_base,gamma_coef,beta,epsilon
370,14.947714700436523,4.606340355873108,0.0,0.5996347435116768,2.008676530662612e-8
