subject_num,neg_llh,gamma_base,gamma_coef,beta,epsilon
392,81.54677826571739,-5.229064826965332,0.0,0.8853280916213989,0.12244594097137451
