subject_num,neg_llh,gamma_base,gamma_coef,beta,epsilon
365,56.85624036818897,-4.283755003213883,0.0,0.8282128830552101,0.009833825111389138
