subject_num,neg_llh,gamma_base,gamma_coef,beta,epsilon
345,35.15385268180403,3.976061829328537,0.0,0.5080421334505081,0.082628859102726
