subject_num,neg_llh,gamma_base,gamma_coef,beta,epsilon
395,79.7845928025103,-8.644036978185177,0.0,0.3734002260267735,0.09962311932444573
