subject_num,neg_llh,gamma_base,gamma_coef,beta,epsilon
398,64.98933152223276,-3.0497903192043307,0.0,0.263220484495163,0.021933281660079962
