subject_num,neg_llh,gamma_base,gamma_coef,beta,epsilon
387,23.89889220983275,1.4890624716877938,0.0,0.9999999947845936,0.060076012104749665
