subject_num,neg_llh,gamma_base,gamma_coef,beta,epsilon
390,44.16540394679706,6.774770668745041,0.0,0.2723630092740059,0.10796290302276612
