subject_num,neg_llh,gamma_base,gamma_coef,beta,epsilon
37,35.67182805627037,3.4829579067230227,0.0,0.8516049654483795,0.09191016340255737
