subject_num,neg_llh,gamma_base,gamma_coef,beta,epsilon
350,40.53279285217074,8.857525596022606,0.0,0.39341920910775663,0.10476853513717649
