subject_num,neg_llh,gamma_base,gamma_coef,beta,epsilon
330,65.96687099827437,-0.995369345843792,0.0,0.9999999947845936,0.2286626215130091
