subject_num,neg_llh,gamma_base,gamma_coef,beta,epsilon
39,90.77494773885107,-9.977411193847656,0.0,0.27702003479003906,0.20850804138183593
