subject_num,neg_llh,gamma_base,gamma_coef,beta,epsilon
319,80.65034945149196,-2.7121147012710574,0.0,0.999999950170517,0.21505500841140746
