subject_num,neg_llh,gamma_base,gamma_coef,beta,epsilon
312,81.69206401434411,-8.77228385925293,0.0,0.0856552698612213,4.982948303977608e-8
