subject_num,neg_llh,gamma_base,gamma_coef,beta,epsilon
300,81.09822012551372,9.999999895691872,0.0,5.21540644005114e-9,0.9999999947845936
