subject_num,neg_llh,gamma_base,gamma_coef,beta,epsilon
359,83.06982748691456,2.5144921875,0.0,0.09151684570312502,0.476609375
