subject_num,neg_llh,gamma_base,gamma_coef,beta,epsilon
384,79.27235682331617,-4.586034407615662,0.0,0.3131342375278473,0.06982916975021364
