subject_num,neg_llh,gamma_base,gamma_coef,beta,epsilon
35,48.73882772772705,3.2242486095428466,0.0,0.999999950170517,0.20526489543914794
