subject_num,neg_llh,gamma_base,gamma_coef,beta,epsilon
385,79.33035026571584,-3.4173383331298828,0.0,0.9009318351745605,0.12547589111328122
