subject_num,neg_llh,gamma_base,gamma_coef,beta,epsilon
363,52.759689288584326,-2.3285841405391694,0.0,0.9999999799132346,0.04873331439495088
