subject_num,neg_llh,gamma_base,gamma_coef,beta,epsilon
337,73.8246197722207,-9.332900776863099,0.0,0.8482519796490668,0.06293100070953367
