subject_num,neg_llh,gamma_base,gamma_coef,beta,epsilon
324,74.57224982152421,-8.781884362399579,0.0,0.4742692625820637,0.068572569668293
