subject_num,neg_llh,gamma_base,gamma_coef,beta,epsilon
396,12.583707796687163,4.884268207550049,0.0,0.999999950170517,0.015953210830688458
