subject_num,neg_llh,gamma_base,gamma_coef,beta,epsilon
327,23.91710121743907,2.5309868946112695,0.0,0.8830405011251569,0.05284527068305761
