subject_num,neg_llh,gamma_base,gamma_coef,beta,epsilon
391,80.22411431703881,-1.842696990966797,0.0,0.0730316276550293,6.446838378693087e-7
