subject_num,neg_llh,gamma_base,gamma_coef,beta,epsilon
323,78.39873824837971,-9.999999970048666,0.0,0.5516691440679133,0.08915690976381302
