subject_num,neg_llh,gamma_base,gamma_coef,beta,epsilon
382,79.86477136039203,-8.798361679315567,0.0,0.538306865632534,0.1345437914133072
