subject_num,neg_llh,gamma_base,gamma_coef,beta,epsilon
369,65.7757127546628,-6.3487044525146485,0.0,0.27702146244049075,1.6880035402788707e-7
