subject_num,neg_llh,gamma_base,gamma_coef,beta,epsilon
307,42.25923939051502,9.9994921875,0.0,0.376224609375,0.12477539062499998
