subject_num,neg_llh,gamma_base,gamma_coef,beta,epsilon
318,37.60626354003183,1.3308367156982421,0.0,0.48282346153259276,0.08370331478118898
