subject_num,neg_llh,gamma_base,gamma_coef,beta,epsilon
355,41.53352245886867,5.110160579681397,0.0,0.40224020767211915,0.11052268028259277
