subject_num,neg_llh,gamma_base,gamma_coef,beta,epsilon
352,81.11826373722643,-5.308293924629688,0.0,0.9999999947845936,0.14990748892724515
