subject_num,neg_llh,gamma_base,gamma_coef,beta,epsilon
38,69.28348868256883,9.257986009120941,0.0,0.1076574750542641,0.22981135219335558
