subject_num,neg_llh,gamma_base,gamma_coef,beta,epsilon
451,42.55094543933452,2.5665130931138993,0.0,0.35436533838883044,0.07973074727505447
