subject_num,neg_llh,gamma_base,gamma_coef,beta,epsilon
407,40.462389950108786,9.999999895691872,0.0,0.5180898555368185,0.12345306657254695
