subject_num,neg_llh,gamma_base,gamma_coef,beta,epsilon
470,74.36390739488031,-8.894626364707948,0.0,0.6685254509449006,0.06503059864044192
