subject_num,neg_llh,gamma_base,gamma_coef,beta,epsilon
482,32.66428889509376,8.781778329610825,0.0,0.860997448027134,0.07638250172138217
