subject_num,neg_llh,gamma_base,gamma_coef,beta,epsilon
441,24.903613769239904,3.0600164604187015,0.0,0.4817035887241364,0.02105896472930907
