subject_num,neg_llh,gamma_base,gamma_coef,beta,epsilon
457,50.018454929979235,3.868875617980957,0.0,0.2091828441619873,0.11201790618896484
