subject_num,neg_llh,gamma_base,gamma_coef,beta,epsilon
476,91.32008346109806,-9.736652221679687,0.0,0.9999746093749999,0.2823118591308594
