subject_num,neg_llh,gamma_base,gamma_coef,beta,epsilon
492,49.11614241266684,4.127394561767578,0.0,0.9999993553161621,0.20291165161132813
