subject_num,neg_llh,gamma_base,gamma_coef,beta,epsilon
418,69.87006953154368,-5.788418273925782,0.0,0.6827949361801148,0.09389245605468749
