subject_num,neg_llh,gamma_base,gamma_coef,beta,epsilon
487,74.19635716207644,-1.7824733412265779,0.0,0.22559222871065138,0.11145532268285752
