subject_num,neg_llh,gamma_base,gamma_coef,beta,epsilon
416,50.81621777921117,0.8459800025820733,0.0,0.5065994406193495,0.16735394255816938
