subject_num,neg_llh,gamma_base,gamma_coef,beta,epsilon
468,30.442071664899377,2.338272533416748,0.0,0.43456649684906007,0.04210491180419923
