subject_num,neg_llh,gamma_base,gamma_coef,beta,epsilon
453,43.81496731804579,6.840777492523194,0.0,0.26427635097503666,0.12285758018493653
