subject_num,neg_llh,gamma_base,gamma_coef,beta,epsilon
40,59.053136685385084,-9.965323753356934,0.0,0.6421468725204468,1.6880035402788707e-7
