subject_num,neg_llh,gamma_base,gamma_coef,beta,epsilon
48,82.73958841564706,-1.4034375000000001,0.0,0.333341796875,0.9517314453125
