subject_num,neg_llh,gamma_base,gamma_coef,beta,epsilon
444,45.24427127563568,-0.6300697326660156,0.0,0.8980517883300781,0.06938255310058594
