subject_num,neg_llh,gamma_base,gamma_coef,beta,epsilon
401,84.931539509148,-3.550169310569763,0.0,0.22284367442131042,0.17889797616004943
