subject_num,neg_llh,gamma_base,gamma_coef,beta,epsilon
47,93.75594154395047,-9.99999900341034,0.0,0.44111810374259947,0.33771778345108033
