subject_num,neg_llh,gamma_base,gamma_coef,beta,epsilon
438,89.54865913806488,-9.780357360839844,0.0,0.9999974517822265,0.21577954101562502
