subject_num,neg_llh,gamma_base,gamma_coef,beta,epsilon
447,15.550737989671969,0.7991796875,0.0,0.586740234375,2.5390625000010214e-5
