subject_num,neg_llh,gamma_base,gamma_coef,beta,epsilon
466,70.35330001188444,-1.5640963590145112,0.0,0.6496503950953484,0.17831868468225004
