subject_num,neg_llh,gamma_base,gamma_coef,beta,epsilon
424,68.8323862685551,-2.8650856626033785,0.0,0.19074762362241743,0.0555173011422157
