subject_num,neg_llh,gamma_base,gamma_coef,beta,epsilon
420,47.53501057098029,3.7188652467727663,0.0,0.6662641716003418,0.17628692245483396
