subject_num,neg_llh,gamma_base,gamma_coef,beta,epsilon
450,46.76840930717306,3.2013514757156374,0.0,0.29582373785972593,0.10855335545539857
