subject_num,neg_llh,gamma_base,gamma_coef,beta,epsilon
417,74.7596463048941,-3.259645826891065,0.0,0.42667740827053785,0.0989789868630469
