subject_num,neg_llh,gamma_base,gamma_coef,beta,epsilon
426,43.34495551571462,0.21118999270576752,0.0,0.5807680904591398,0.08426170258173077
