subject_num,neg_llh,gamma_base,gamma_coef,beta,epsilon
462,39.957700488420585,9.99999900341034,0.0,0.16927002048492434,4.982948303977608e-8
