subject_num,neg_llh,gamma_base,gamma_coef,beta,epsilon
443,57.946754823766284,-0.5064570644497871,0.0,0.726379357084632,0.150214381724596
