subject_num,neg_llh,gamma_base,gamma_coef,beta,epsilon
496,74.7492845702856,-9.999999598264695,0.0,0.1573872991204262,0.039828939557075504
