subject_num,neg_llh,gamma_base,gamma_coef,beta,epsilon
448,46.0682700628231,8.943465096950531,0.0,0.3687867587208748,0.14390296214818954
