subject_num,neg_llh,gamma_base,gamma_coef,beta,epsilon
478,35.04169346694082,2.872119815349579,0.0,0.7974957715719938,0.09788438235223296
