subject_num,neg_llh,gamma_base,gamma_coef,beta,epsilon
475,62.70770739676886,-4.518471258953213,0.0,0.8975495881177484,0.024839046660810715
