subject_num,neg_llh,gamma_base,gamma_coef,beta,epsilon
413,84.8699548734469,-9.99999662399292,0.0,0.2124002923965454,0.12248734283447266
