subject_num,neg_llh,gamma_base,gamma_coef,beta,epsilon
467,70.34219574212652,-9.999895796179771,0.0,0.9490699925720691,0.05882685513794422
