subject_num,neg_llh,gamma_base,gamma_coef,beta,epsilon
425,24.113900051331303,9.355116802453995,0.0,0.9952929866313934,0.04863706696033476
