subject_num,neg_llh,gamma_base,gamma_coef,beta,epsilon
437,90.92691717823784,-3.1502116981148722,0.0,0.09204021994210781,0.16506038678809998
