subject_num,neg_llh,gamma_base,gamma_coef,beta,epsilon
469,84.96911991656157,-9.879743247032167,0.0,0.2479816246032715,0.18082566118240356
