subject_num,neg_llh,gamma_base,gamma_coef,beta,epsilon
408,93.97720973881358,-2.5317382049560546,0.0,0.09507645416259763,0.29211505889892575
