subject_num,neg_llh,gamma_base,gamma_coef,beta,epsilon
421,33.4900879164728,9.786905517578125,0.0,0.9999993553161621,0.11267462539672851
