subject_num,neg_llh,gamma_base,gamma_coef,beta,epsilon
493,54.256241243822274,7.906756496429444,0.0,0.11561142134666441,4.982948303977608e-8
