subject_num,neg_llh,gamma_base,gamma_coef,beta,epsilon
458,43.01565245404846,2.979339189827442,0.0,0.9999604220986367,0.1457589820921421
