subject_num,neg_llh,gamma_base,gamma_coef,beta,epsilon
463,36.56400019461847,2.860582763850689,0.0,0.6679750545173884,0.09363911502063277
