subject_num,neg_llh,gamma_base,gamma_coef,beta,epsilon
46,49.810373471377545,0.2729673612117767,0.0,0.9999999799132346,0.14487495416402818
