subject_num,neg_llh,gamma_base,gamma_coef,beta,epsilon
415,27.967465430702575,3.5163125801086426,0.0,0.4576028265953064,0.029753237009048472
