subject_num,neg_llh,gamma_base,gamma_coef,beta,epsilon
483,53.9844896278571,6.488892179653049,0.0,0.2563775328099728,0.18975922477990387
