subject_num,neg_llh,gamma_base,gamma_coef,beta,epsilon
410,46.80195159112956,1.509228777885437,0.0,0.5343986427783967,0.13279390835762023
