subject_num,neg_llh,gamma_base,gamma_coef,beta,epsilon
439,19.49524943348088,4.664964442253113,0.0,0.42170836305618287,4.982948303977608e-8
