subject_num,neg_llh,gamma_base,gamma_coef,beta,epsilon
411,36.70211926436386,0.2682578992843628,0.0,0.7160350406169891,0.06593299269676206
