subject_num,neg_llh,gamma_base,gamma_coef,beta,epsilon
442,74.16780680077258,-2.549040226221405,0.0,0.8068716284798283,0.1641677407042007
