subject_num,neg_llh,gamma_base,gamma_coef,beta,epsilon
445,81.11355960743421,9.560803756713868,0.0,0.11298490142822265,0.7554999389648438
