subject_num,neg_llh,gamma_base,gamma_coef,beta,epsilon
436,77.63248422271386,9.99999900341034,0.0,4.982948303977608e-8,0.999999950170517
