subject_num,neg_llh,gamma_base,gamma_coef,beta,epsilon
409,81.81426589071219,2.3306869506835937,0.0,0.06211105346679685,0.23567527770996094
