subject_num,neg_llh,gamma_base,gamma_coef,beta,epsilon
434,87.41043374500858,-1.8249322605133058,0.0,0.3339200250506401,0.32555542105436325
