subject_num,neg_llh,gamma_base,gamma_coef,beta,epsilon
412,74.1274488259748,-8.6910791015625,0.0,0.744748779296875,0.08323266601562501
