subject_num,neg_llh,gamma_base,gamma_coef,beta,epsilon
465,82.43767248812782,7.903929748535156,0.0,0.9999993553161621,0.8507318382263184
