subject_num,neg_llh,gamma_base,gamma_coef,beta,epsilon
427,85.51068635723001,-8.138749694824218,0.0,0.6426889038085938,0.1613232421875
