subject_num,neg_llh,gamma_base,gamma_coef,beta,epsilon
494,93.9449602410726,-7.553374938964844,0.0,0.13895243549346925,0.3033268737792969
