subject_num,neg_llh,gamma_base,gamma_coef,beta,epsilon
44,46.895266113559295,0.05888998627662659,0.0,0.7697856934666634,0.09816202318668366
