subject_num,neg_llh,gamma_base,gamma_coef,beta,epsilon
400,70.45884564382916,-6.899913153648376,0.0,0.18763043808937074,0.02357710218429565
