subject_num,neg_llh,gamma_base,gamma_coef,beta,epsilon
480,64.15952485494272,1.4447061157226564,0.0,0.11393666839599609,0.08975322151184084
