subject_num,neg_llh,gamma_base,gamma_coef,beta,epsilon
498,69.50470469808971,-9.99999900341034,0.0,0.21999313235282897,4.982948303977608e-8
