subject_num,neg_llh,gamma_base,gamma_coef,beta,epsilon
459,26.38222930556105,5.464018169343472,0.0,0.8253127673119307,0.05396771298348901
