subject_num,neg_llh,gamma_base,gamma_coef,beta,epsilon
477,68.09228554363409,-4.718334477543831,0.0,0.5582609352320432,0.03165749964118003
