subject_num,neg_llh,gamma_base,gamma_coef,beta,epsilon
404,34.9667885071097,3.8771179199218753,0.0,0.3387364120483398,0.07539581680297852
