subject_num,neg_llh,gamma_base,gamma_coef,beta,epsilon
4,40.80421089721024,9.991592521667481,0.0,0.7592941579818726,0.12188630199432371
