subject_num,neg_llh,gamma_base,gamma_coef,beta,epsilon
452,92.75220655490865,-2.603653717041016,0.0,0.0906493101119995,0.3821236610412598
