subject_num,neg_llh,gamma_base,gamma_coef,beta,epsilon
490,80.98319579065868,-5.081436252593995,0.0,0.9975771083831787,0.18905249691009524
