subject_num,neg_llh,gamma_base,gamma_coef,beta,epsilon
431,25.674234873856307,9.999999895691872,0.0,0.9999999947845936,0.06006712646782397
