subject_num,neg_llh,gamma_base,gamma_coef,beta,epsilon
473,37.181662355097764,-0.23143586633726956,0.0,0.9586478320001625,0.04650026727956719
