subject_num,neg_llh,gamma_base,gamma_coef,beta,epsilon
435,86.79147345046778,-0.02303276062011719,0.0,0.6621734771728516,0.8469038314819336
