subject_num,neg_llh,gamma_base,gamma_coef,beta,epsilon
429,36.65711102108634,9.741772133111954,0.0,0.31056280112266543,0.07353728359937667
