subject_num,neg_llh,gamma_base,gamma_coef,beta,epsilon
414,69.09861672998247,9.738704617917538,0.0,0.07364769600331783,0.12354413877427578
