subject_num,neg_llh,gamma_base,gamma_coef,beta,epsilon
406,81.29860374119072,-1.4110736453533173,0.0,0.09207806104421618,0.0760939081311226
