subject_num,neg_llh,gamma_base,gamma_coef,beta,epsilon
489,81.12128562235559,-0.9042937608808279,0.0,0.10465984223410485,0.12909582709893586
