subject_num,neg_llh,gamma_base,gamma_coef,beta,epsilon
486,76.0629393774895,0.7287608289718628,0.0,0.09118003916740419,0.15224338531494142
