subject_num,neg_llh,gamma_base,gamma_coef,beta,epsilon
499,34.10674229978524,5.051602893918753,0.0,0.3043689916878939,0.03732202626019715
