subject_num,neg_llh,gamma_base,gamma_coef,beta,epsilon
497,77.9615427493439,-1.1425778043270112,0.0,0.3670832148194313,0.23445847338438036
