subject_num,neg_llh,gamma_base,gamma_coef,beta,epsilon
446,81.96698301669312,9.99999900341034,0.0,0.8085415551662445,0.9221192386150361
