subject_num,neg_llh,gamma_base,gamma_coef,beta,epsilon
455,33.4717109308631,5.377916421890259,0.0,0.40642976689338683,0.06329088759422302
