subject_num,neg_llh,gamma_base,gamma_coef,beta,epsilon
45,65.69327684161365,-4.086899256706238,0.0,0.2202849678993225,4.982948303977608e-8
