subject_num,neg_llh,gamma_base,gamma_coef,beta,epsilon
428,12.865377627950236,3.5489201164245605,0.0,0.7273433408737182,1.6880035402788707e-7
