subject_num,neg_llh,gamma_base,gamma_coef,beta,epsilon
41,46.19708527058437,1.8757591447234154,0.0,0.9930891256034374,0.16586169835925102
