subject_num,neg_llh,gamma_base,gamma_coef,beta,epsilon
419,19.584762266655385,3.192454833984375,0.0,0.3290474243164062,0.007822265624999991
