subject_num,neg_llh,gamma_base,gamma_coef,beta,epsilon
495,90.09038713537443,-8.586887981891632,0.0,0.12212918102741244,0.15208081161975862
