subject_num,neg_llh,gamma_base,gamma_coef,beta,epsilon
43,70.74889438607059,-9.611252462267876,0.0,0.2166868426203728,5.21540644005114e-9
