subject_num,neg_llh,gamma_base,gamma_coef,beta,epsilon
449,89.75373926887704,-9.546203056573868,0.0,0.08076705420017244,0.11996230506896971
