subject_num,neg_llh,gamma_base,gamma_coef,beta,epsilon
430,64.74389763668407,-5.5124129915237425,0.0,0.44663276052474976,0.029215488672256484
