subject_num,neg_llh,gamma_base,gamma_coef,beta,epsilon
479,61.00206445588669,-5.110491318702698,0.0,0.9233007383346558,0.026375059127807632
