subject_num,neg_llh,gamma_base,gamma_coef,beta,epsilon
472,56.93142782998986,-4.0694795417785645,0.0,0.7381808510869742,0.013419986382126825
