subject_num,neg_llh,gamma_base,gamma_coef,beta,epsilon
474,43.01689996186428,3.347612070962787,0.0,0.9999999985024333,0.15680388641729953
