subject_num,neg_llh,gamma_base,gamma_coef,beta,epsilon
433,77.78860914093245,-3.7093327057361605,0.0,0.9999999799132346,0.13778863269090652
