subject_num,neg_llh,gamma_base,gamma_coef,beta,epsilon
454,83.71421080884721,-6.84309058368206,0.0,0.25302433137595653,0.1690381016433239
