subject_num,neg_llh,gamma_base,gamma_coef,beta,epsilon
461,11.772596584156684,1.5621160888671877,0.0,0.9514687576293945,6.446838378693087e-7
