subject_num,neg_llh,gamma_base,gamma_coef,beta,epsilon
481,48.698499940897136,0.0587811279296875,0.0,0.999201774597168,0.13397707366943362
