subject_num,neg_llh,gamma_base,gamma_coef,beta,epsilon
422,23.703613327967616,4.009261245727539,0.0,0.6009748611450195,0.029728134155273422
