subject_num,neg_llh,gamma_base,gamma_coef,beta,epsilon
456,37.386032666287306,9.841498870849609,0.0,0.9999993553161621,0.13560269165039063
