subject_num,neg_llh,gamma_base,gamma_coef,beta,epsilon
49,59.82625601597509,9.353582673072815,0.0,0.09539321410655976,2.0483076572430647e-5
