subject_num,neg_llh,gamma_base,gamma_coef,beta,epsilon
491,41.414177274109846,3.922345886230469,0.0,0.890292984008789,0.13407986450195314
