subject_num,neg_llh,gamma_base,gamma_coef,beta,epsilon
432,51.90634497759504,-0.47476039886474614,0.0,0.999999831199646,0.13500355434417727
