subject_num,neg_llh,gamma_base,gamma_coef,beta,epsilon
440,69.7626007946245,-4.493175263404846,0.0,0.999999950170517,0.08882988858222962
