subject_num,neg_llh,gamma_base,gamma_coef,beta,epsilon
471,63.32605095122168,-7.341362898349762,0.0,0.4955555754303932,0.015950861155986762
