subject_num,neg_llh,gamma_base,gamma_coef,beta,epsilon
405,54.19345754564075,-3.9542076238989834,0.0,0.5045882306098938,5.21540644005114e-9
