subject_num,neg_llh,gamma_base,gamma_coef,beta,epsilon
464,51.56324220344714,0.18182020783424377,0.0,0.9961015424132347,0.1524533986449242
