subject_num,neg_llh,gamma_base,gamma_coef,beta,epsilon
423,87.90099030050025,1.8050450897216799,0.0,0.08772690963745117,0.744929615020752
