subject_num,neg_llh,gamma_base,gamma_coef,beta,epsilon
42,62.185170337707845,-9.99999900341034,0.0,0.37062929034233094,4.982948303977608e-8
