subject_num,neg_llh,gamma_base,gamma_coef,beta,epsilon
403,77.08415521180127,-7.536288342475891,0.0,0.992203075170517,0.11304462480545047
