subject_num,neg_llh,gamma_base,gamma_coef,beta,epsilon
402,81.33098321608132,-2.0770732456166296,0.0,0.06653453044942581,1.0337680711458574e-10
