subject_num,neg_llh,gamma_base,gamma_coef,beta,epsilon
485,59.37666727458946,-2.3692213183641435,0.0,0.9103777059316636,0.049704808220267294
