subject_num,neg_llh,gamma_base,gamma_coef,beta,epsilon
460,71.3008581277892,-3.7550014591217042,0.0,0.7069002192020416,0.06975457501411436
