subject_num,neg_llh,gamma_base,gamma_coef,beta,epsilon
484,23.101086659658392,2.857927780151367,0.0,0.4891403388977051,0.02097187805175782
