subject_num,neg_llh,gamma_base,gamma_coef,beta,epsilon
488,69.74316371461848,-2.2715976881980895,0.0,0.9999999799132346,0.14786469215154646
