subject_num,neg_llh,gamma_base,gamma_coef,beta,epsilon
53,42.905636258690535,9.99999900341034,0.0,0.2426921796798706,0.07822577691078186
