subject_num,neg_llh,gamma_base,gamma_coef,beta,epsilon
56,29.0712524319186,5.470341322422028,0.0,0.46848303991556167,0.05113206458091735
