subject_num,neg_llh,gamma_base,gamma_coef,beta,epsilon
57,82.5791717503848,8.991954054832458,0.0,0.38716136360168457,0.6554305651187897
