subject_num,neg_llh,gamma_base,gamma_coef,beta,epsilon
52,19.056334164744566,3.5338726806640626,0.0,0.48955340576171874,2.54821777345704e-6
