subject_num,neg_llh,gamma_base,gamma_coef,beta,epsilon
51,48.50647178168103,2.1807887281104925,0.0,0.20014576452085747,0.08596516179339958
