subject_num,neg_llh,gamma_base,gamma_coef,beta,epsilon
5,81.46974936961031,0.20030411720275879,0.0,0.06670023584365847,0.14180012226104738
