subject_num,neg_llh,gamma_base,gamma_coef,beta,epsilon
54,38.88541328207913,2.102854163646698,0.0,0.62419443577528,0.10508487868309019
