subject_num,neg_llh,gamma_base,gamma_coef,beta,epsilon
58,82.55563387466547,-3.4045611218363048,0.0,0.7266686830893159,0.16583735766261815
