subject_num,neg_llh,gamma_base,gamma_coef,beta,epsilon
59,77.42285978210491,-2.61287633895874,0.0,0.5444023084640502,0.1256419744491577
