subject_num,neg_llh,gamma_base,gamma_coef,beta,epsilon
55,75.2137878370208,-3.405228799376637,0.0,0.931527500635013,0.13539243108406662
