subject_num,neg_llh,gamma_base,gamma_coef,beta,epsilon
50,71.22200704782361,-7.553642474710942,0.0,0.44378346765041354,0.05106888361275197
