subject_num,neg_llh,gamma_base,gamma_coef,beta,epsilon
500,89.1637356993178,-0.6456787109375001,0.0,0.13756713867187498,0.37613323974609375
