subject_num,neg_llh,gamma_base,gamma_coef,beta,epsilon
64,55.22443352761724,-9.99999662399292,0.0,0.9078264350891113,1.6880035402788707e-7
