subject_num,neg_llh,gamma_base,gamma_coef,beta,epsilon
65,45.77633943912,8.449594407081605,0.0,0.9410829575061799,0.17339842867851257
