subject_num,neg_llh,gamma_base,gamma_coef,beta,epsilon
68,77.96914596944185,-9.999999895691872,0.0,0.7811371727138758,0.09415996205806731
