subject_num,neg_llh,gamma_base,gamma_coef,beta,epsilon
60,35.53793290829797,4.064577941894531,0.0,0.9999974517822265,0.09830865478515627
