subject_num,neg_llh,gamma_base,gamma_coef,beta,epsilon
67,30.908751015182272,8.89280611038208,0.0,0.821650122642517,0.07180967783927916
