subject_num,neg_llh,gamma_base,gamma_coef,beta,epsilon
61,92.9080233143245,-9.999987106323243,0.0,0.21021360778808595,0.22006439590454102
