subject_num,neg_llh,gamma_base,gamma_coef,beta,epsilon
66,98.58029391306755,-9.055225143432617,0.0,0.9999993553161621,0.30602608489990235
