subject_num,neg_llh,gamma_base,gamma_coef,beta,epsilon
62,9.659579142455666,9.999999895691872,0.0,0.9999999947845936,5.21540644005114e-9
