subject_num,neg_llh,gamma_base,gamma_coef,beta,epsilon
6,83.74423816436514,-7.243060836791993,0.0,0.5489626998901367,0.20710704040527345
