subject_num,neg_llh,gamma_base,gamma_coef,beta,epsilon
63,74.98181491996546,-9.246445388495923,0.0,0.5981499145440757,0.06794652635604143
