subject_num,neg_llh,gamma_base,gamma_coef,beta,epsilon
69,54.14400442757797,2.70086541056633,0.0,0.23583877342939374,0.15642809647321704
