subject_num,neg_llh,gamma_base,gamma_coef,beta,epsilon
79,61.357508447792284,9.99999662399292,0.0,0.11690475368499759,0.14082218170166017
