subject_num,neg_llh,gamma_base,gamma_coef,beta,epsilon
72,13.337770432152086,3.258007189035416,0.0,0.9997800473868848,0.01686631970107555
