subject_num,neg_llh,gamma_base,gamma_coef,beta,epsilon
70,55.43475441298557,-1.4371905770897866,0.0,0.6591595992520451,0.053496789097785935
