subject_num,neg_llh,gamma_base,gamma_coef,beta,epsilon
71,64.17282027343518,7.587493405342102,0.0,0.5992932078838349,0.41685482740402224
