subject_num,neg_llh,gamma_base,gamma_coef,beta,epsilon
74,73.37233390885571,-3.9221674299240115,0.0,0.999999950170517,0.11046248102188111
