subject_num,neg_llh,gamma_base,gamma_coef,beta,epsilon
77,77.24882163619519,-3.377975630760193,0.0,0.5758874735832215,0.13333677244186404
