subject_num,neg_llh,gamma_base,gamma_coef,beta,epsilon
76,8.655308622641524,1.0594784355163576,0.0,0.999999831199646,1.6880035402788707e-7
