subject_num,neg_llh,gamma_base,gamma_coef,beta,epsilon
78,50.48962392462973,-4.224446239471436,0.0,0.9727988071441651,1.6880035402788707e-7
