subject_num,neg_llh,gamma_base,gamma_coef,beta,epsilon
73,72.85002385554625,-9.99340087890625,0.0,0.9999993553161621,0.06547840499877927
