subject_num,neg_llh,gamma_base,gamma_coef,beta,epsilon
7,63.626711614701755,-3.238727984954603,0.0,0.7988006496615707,0.0568908732915297
