subject_num,neg_llh,gamma_base,gamma_coef,beta,epsilon
75,55.476400164723685,3.281154012978077,0.0,0.28505855450034145,0.18442770506441591
