subject_num,neg_llh,gamma_base,gamma_coef,beta,epsilon
83,34.98393867424194,3.2329382419586183,0.0,0.5400872349739074,0.07266745781898498
