subject_num,neg_llh,gamma_base,gamma_coef,beta,epsilon
84,43.13084201782115,0.3849787708371878,0.0,0.46702146603539585,0.07674422521889213
