subject_num,neg_llh,gamma_base,gamma_coef,beta,epsilon
88,43.48465755283703,9.99999900341034,0.0,0.2954048414230347,0.1294547529220581
