subject_num,neg_llh,gamma_base,gamma_coef,beta,epsilon
80,65.11370151245359,-2.4784687093459072,0.0,0.52537397398334,0.06300191199593247
