subject_num,neg_llh,gamma_base,gamma_coef,beta,epsilon
87,85.99361742099065,-3.08310454249382,0.0,0.8192911979556083,0.25373217087984085
