subject_num,neg_llh,gamma_base,gamma_coef,beta,epsilon
8,67.70138154064041,-4.283408203125,0.0,0.243555908203125,0.03508087158203127
