subject_num,neg_llh,gamma_base,gamma_coef,beta,epsilon
82,62.79048279850835,-0.7052315136790276,0.0,0.5502561437636614,0.12008120158314706
