subject_num,neg_llh,gamma_base,gamma_coef,beta,epsilon
85,69.68649831928431,-0.7738512352108956,0.0,0.2785257970541716,0.13668081311881541
