subject_num,neg_llh,gamma_base,gamma_coef,beta,epsilon
81,74.8580868976472,-2.734921417236328,0.0,0.9999999799132346,0.14298516136407852
