subject_num,neg_llh,gamma_base,gamma_coef,beta,epsilon
86,50.352755545204054,-3.5985928344726563,0.0,0.6406330871582031,2.54821777345704e-6
