subject_num,neg_llh,gamma_base,gamma_coef,beta,epsilon
89,73.62350218693058,-9.357198718339205,0.0,0.11876288350299002,1.4975666817740318e-9
