subject_num,neg_llh,gamma_base,gamma_coef,beta,epsilon
94,60.96444879470014,9.999312690198423,0.0,0.13991116225719452,0.14388276684284212
