subject_num,neg_llh,gamma_base,gamma_coef,beta,epsilon
95,71.98068281805996,-3.0638693320751194,0.0,0.6534614410549402,0.06975206919014454
