subject_num,neg_llh,gamma_base,gamma_coef,beta,epsilon
99,77.39352110529076,-2.630257368021412,0.0,0.9902620737757534,0.13232968233444264
