subject_num,neg_llh,gamma_base,gamma_coef,beta,epsilon
93,31.169696153913506,9.976043698042632,0.0,0.23048455072566865,1.4975666817740318e-9
