subject_num,neg_llh,gamma_base,gamma_coef,beta,epsilon
92,38.87387981220715,-0.6427853393554688,0.0,0.5665475463867188,0.024916000366210944
