subject_num,neg_llh,gamma_base,gamma_coef,beta,epsilon
9,61.23857949338879,0.3723825439810753,0.0,0.2714138745367527,0.19085387204587462
