subject_num,neg_llh,gamma_base,gamma_coef,beta,epsilon
98,70.94859928588365,-2.3305409580888226,0.0,0.49211376933648715,0.12052080095553536
