subject_num,neg_llh,gamma_base,gamma_coef,beta,epsilon
90,36.804250943296054,9.220071182250978,0.0,0.627631950378418,0.10643864822387694
