subject_num,neg_llh,gamma_base,gamma_coef,beta,epsilon
96,44.140169371307735,9.340836133956909,0.0,0.8833274774551392,0.180412118434906
