subject_num,neg_llh,gamma_base,gamma_coef,beta,epsilon
97,81.7799425316561,-0.8381640625000001,0.0,0.95806640625,0.8498847656249999
