subject_num,neg_llh,gamma_base,gamma_coef,beta,epsilon
91,33.17936250280923,3.1612951731681824,0.0,0.8441427555084229,0.07845872187614439
